"Evaluate/step_episode","rl_filter_mlp_2025-12-02_00-17-01 - _step","rl_filter_mlp_2025-12-02_00-17-01 - _step__MIN","rl_filter_mlp_2025-12-02_00-17-01 - _step__MAX","rl_filter_mlp_2025-12-02_00-17-01 - Evaluate/EpEnvLen","rl_filter_mlp_2025-12-02_00-17-01 - Evaluate/EpEnvLen__MIN","rl_filter_mlp_2025-12-02_00-17-01 - Evaluate/EpEnvLen__MAX","rl_filter_no_dueling_2025-11-29_18-11-35 - _step","rl_filter_no_dueling_2025-11-29_18-11-35 - _step__MIN","rl_filter_no_dueling_2025-11-29_18-11-35 - _step__MAX","rl_filter_no_dueling_2025-11-29_18-11-35 - Evaluate/EpEnvLen","rl_filter_no_dueling_2025-11-29_18-11-35 - Evaluate/EpEnvLen__MIN","rl_filter_no_dueling_2025-11-29_18-11-35 - Evaluate/EpEnvLen__MAX","rl_filter_selfattn_2025-11-26_16-56-20 - _step","rl_filter_selfattn_2025-11-26_16-56-20 - _step__MIN","rl_filter_selfattn_2025-11-26_16-56-20 - _step__MAX","rl_filter_selfattn_2025-11-26_16-56-20 - Evaluate/EpEnvLen","rl_filter_selfattn_2025-11-26_16-56-20 - Evaluate/EpEnvLen__MIN","rl_filter_selfattn_2025-11-26_16-56-20 - Evaluate/EpEnvLen__MAX","rl_filter_no_noisy_2025-11-25_15-04-29 - _step","rl_filter_no_noisy_2025-11-25_15-04-29 - _step__MIN","rl_filter_no_noisy_2025-11-25_15-04-29 - _step__MAX","rl_filter_no_noisy_2025-11-25_15-04-29 - Evaluate/EpEnvLen","rl_filter_no_noisy_2025-11-25_15-04-29 - Evaluate/EpEnvLen__MIN","rl_filter_no_noisy_2025-11-25_15-04-29 - Evaluate/EpEnvLen__MAX","4070_rl_filter_2025-07-20_12-17-12 - _step","4070_rl_filter_2025-07-20_12-17-12 - _step__MIN","4070_rl_filter_2025-07-20_12-17-12 - _step__MAX","4070_rl_filter_2025-07-20_12-17-12 - Evaluate/EpEnvLen","4070_rl_filter_2025-07-20_12-17-12 - Evaluate/EpEnvLen__MIN","4070_rl_filter_2025-07-20_12-17-12 - Evaluate/EpEnvLen__MAX"
"0","1040","1040","1040","1741","1741","1741","1040","1040","1040","3499","3499","3499","1040","1040","1040","3499","3499","3499","1039","1039","1039","3499","3499","3499","1037","1037","1037","3499","3499","3499"
"1","1044","1044","1044","1580","1580","1580","1044","1044","1044","1999","1999","1999","1044","1044","1044","1999","1999","1999","1042","1042","1042","1999","1999","1999","1040","1040","1040","1999","1999","1999"
"2","1048","1048","1048","1558","1558","1558","1048","1048","1048","1999","1999","1999","1048","1048","1048","1999","1999","1999","1045","1045","1045","1999","1999","1999","1043","1043","1043","1999","1999","1999"
"3","1052","1052","1052","1527","1527","1527","1051","1051","1051","1799","1799","1799","1052","1052","1052","1799","1799","1799","1049","1049","1049","1799","1799","1799","1047","1047","1047","1799","1799","1799"
"4","1056","1056","1056","1059","1059","1059","1054","1054","1054","1499","1499","1499","1056","1056","1056","1499","1499","1499","1053","1053","1053","1499","1499","1499","1051","1051","1051","1499","1499","1499"
"5","1060","1060","1060","1153","1153","1153","1057","1057","1057","1499","1499","1499","1060","1060","1060","1499","1499","1499","1057","1057","1057","1499","1499","1499","1055","1055","1055","1499","1499","1499"
"6","1064","1064","1064","1123","1123","1123","1061","1061","1061","1799","1799","1799","1064","1064","1064","1799","1799","1799","1061","1061","1061","1799","1799","1799","1059","1059","1059","1799","1799","1799"
"7","1068","1068","1068","1126","1126","1126","1065","1065","1065","1399","1399","1399","1068","1068","1068","1399","1399","1399","1065","1065","1065","1399","1399","1399","1063","1063","1063","1399","1399","1399"
"8","1072","1072","1072","1146","1146","1146","1068","1068","1068","1399","1399","1399","1072","1072","1072","1399","1399","1399","1069","1069","1069","1399","1399","1399","1067","1067","1067","1399","1399","1399"
"9","2075","2075","2075","1709","1709","1709","2070","2070","2070","3499","3499","3499","2076","2076","2076","3499","3499","3499","2070","2070","2070","3499","3499","3499","2070","2070","2070","3499","3499","3499"
"10","2079","2079","2079","1582","1582","1582","2074","2074","2074","1999","1999","1999","2080","2080","2080","1999","1999","1999","2073","2073","2073","1999","1999","1999","2073","2073","2073","1999","1999","1999"
"11","2083","2083","2083","1597","1597","1597","2078","2078","2078","1999","1999","1999","2084","2084","2084","1999","1999","1999","2076","2076","2076","1999","1999","1999","2076","2076","2076","1999","1999","1999"
"12","2087","2087","2087","1529","1529","1529","2081","2081","2081","1799","1799","1799","2088","2088","2088","1799","1799","1799","2080","2080","2080","1799","1799","1799","2080","2080","2080","1799","1799","1799"
"13","2091","2091","2091","1107","1107","1107","2084","2084","2084","1499","1499","1499","2092","2092","2092","1499","1499","1499","2084","2084","2084","1499","1499","1499","2084","2084","2084","1499","1499","1499"
"14","2095","2095","2095","1149","1149","1149","2087","2087","2087","1499","1499","1499","2096","2096","2096","1499","1499","1499","2088","2088","2088","1499","1499","1499","2088","2088","2088","1499","1499","1499"
"15","2099","2099","2099","1156","1156","1156","2091","2091","2091","1799","1799","1799","2100","2100","2100","1799","1799","1799","2092","2092","2092","1799","1799","1799","2092","2092","2092","1799","1799","1799"
"16","2103","2103","2103","1108","1108","1108","2094","2094","2094","1399","1399","1399","2104","2104","2104","1399","1399","1399","2096","2096","2096","1399","1399","1399","2096","2096","2096","1399","1399","1399"
"17","2107","2107","2107","1119","1119","1119","2097","2097","2097","1399","1399","1399","2108","2108","2108","1399","1399","1399","2100","2100","2100","1399","1399","1399","2100","2100","2100","1399","1399","1399"
"18","3167","3167","3167","1739","1739","1739","3140","3140","3140","1887","1887","1887","3174","3174","3174","3499","3499","3499","3137","3137","3137","1792","1792","1792","3141","3141","3141","1670","1670","1670"
"19","3171","3171","3171","1631","1631","1631","3144","3144","3144","1540","1540","1540","3178","3178","3178","1504","1504","1504","3141","3141","3141","1524","1524","1524","3145","3145","3145","1458","1458","1458"
"20","3175","3175","3175","1566","1566","1566","3148","3148","3148","1505","1505","1505","3182","3182","3182","1999","1999","1999","3145","3145","3145","1430","1430","1430","3149","3149","3149","1413","1413","1413"
"21","3179","3179","3179","1364","1364","1364","3152","3152","3152","1158","1158","1158","3186","3186","3186","1180","1180","1180","3149","3149","3149","1490","1490","1490","3153","3153","3153","1379","1379","1379"
"22","3183","3183","3183","1172","1172","1172","3156","3156","3156","1089","1089","1089","3190","3190","3190","1119","1119","1119","3153","3153","3153","1171","1171","1171","3157","3157","3157","1045","1045","1045"
"23","3187","3187","3187","1172","1172","1172","3160","3160","3160","1184","1184","1184","3194","3194","3194","1499","1499","1499","3157","3157","3157","1167","1167","1167","3161","3161","3161","1499","1499","1499"
"24","3191","3191","3191","1324","1324","1324","3164","3164","3164","1122","1122","1122","3198","3198","3198","1799","1799","1799","3161","3161","3161","1138","1138","1138","3165","3165","3165","1404","1404","1404"
"25","3195","3195","3195","1000","1000","1000","3168","3168","3168","1140","1140","1140","3202","3202","3202","1153","1153","1153","3165","3165","3165","1142","1142","1142","3169","3169","3169","1120","1120","1120"
"26","3199","3199","3199","1159","1159","1159","3172","3172","3172","1128","1128","1128","3206","3206","3206","1399","1399","1399","3169","3169","3169","1103","1103","1103","3173","3173","3173","1138","1138","1138"
"27","4240","4240","4240","1666","1666","1666","4216","4216","4216","1803","1803","1803","4255","4255","4255","1795","1795","1795","4205","4205","4205","1758","1758","1758","4212","4212","4212","1738","1738","1738"
"28","4244","4244","4244","1473","1473","1473","4220","4220","4220","1621","1621","1621","4259","4259","4259","1550","1550","1550","4209","4209","4209","1581","1581","1581","4216","4216","4216","1591","1591","1591"
"29","4248","4248","4248","1525","1525","1525","4224","4224","4224","1509","1509","1509","4263","4263","4263","1543","1543","1543","4213","4213","4213","1452","1452","1452","4220","4220","4220","1517","1517","1517"
"30","4252","4252","4252","1394","1394","1394","4228","4228","4228","1037","1037","1037","4267","4267","4267","1508","1508","1508","4217","4217","4217","1122","1122","1122","4224","4224","4224","1130","1130","1130"
"31","4256","4256","4256","1161","1161","1161","4232","4232","4232","1214","1214","1214","4271","4271","4271","1216","1216","1216","4221","4221","4221","1236","1236","1236","4228","4228","4228","1169","1169","1169"
"32","4260","4260","4260","1172","1172","1172","4236","4236","4236","1213","1213","1213","4275","4275","4275","1154","1154","1154","4225","4225","4225","1187","1187","1187","4232","4232","4232","1175","1175","1175"
"33","4264","4264","4264","1311","1311","1311","4240","4240","4240","1201","1201","1201","4279","4279","4279","1461","1461","1461","4229","4229","4229","1116","1116","1116","4236","4236","4236","1218","1218","1218"
"34","4268","4268","4268","1125","1125","1125","4244","4244","4244","924","924","924","4283","4283","4283","1114","1114","1114","4233","4233","4233","1129","1129","1129","4240","4240","4240","1141","1141","1141"
"35","4272","4272","4272","1137","1137","1137","4248","4248","4248","1163","1163","1163","4287","4287","4287","1119","1119","1119","4237","4237","4237","1120","1120","1120","4244","4244","4244","1145","1145","1145"
"36","5318","5318","5318","1647","1647","1647","5296","5296","5296","1736","1736","1736","5332","5332","5332","1788","1788","1788","5274","5274","5274","1609","1609","1609","5282","5282","5282","1675","1675","1675"
"37","5322","5322","5322","1567","1567","1567","5300","5300","5300","1502","1502","1502","5336","5336","5336","1666","1666","1666","5278","5278","5278","1430","1430","1430","5286","5286","5286","1494","1494","1494"
"38","5326","5326","5326","1583","1583","1583","5304","5304","5304","1461","1461","1461","5340","5340","5340","1570","1570","1570","5282","5282","5282","1579","1579","1579","5290","5290","5290","1540","1540","1540"
"39","5330","5330","5330","1398","1398","1398","5308","5308","5308","1314","1314","1314","5344","5344","5344","1422","1422","1422","5286","5286","5286","1120","1120","1120","5294","5294","5294","1136","1136","1136"
"40","5334","5334","5334","1165","1165","1165","5312","5312","5312","1186","1186","1186","5348","5348","5348","1263","1263","1263","5290","5290","5290","1210","1210","1210","5298","5298","5298","1161","1161","1161"
"41","5338","5338","5338","1177","1177","1177","5316","5316","5316","1206","1206","1206","5352","5352","5352","1499","1499","1499","5294","5294","5294","1202","1202","1202","5302","5302","5302","1017","1017","1017"
"42","5342","5342","5342","1509","1509","1509","5320","5320","5320","1255","1255","1255","5356","5356","5356","1205","1205","1205","5298","5298","5298","1268","1268","1268","5306","5306","5306","1056","1056","1056"
"43","5346","5346","5346","1142","1142","1142","5324","5324","5324","956","956","956","5360","5360","5360","1116","1116","1116","5302","5302","5302","1156","1156","1156","5310","5310","5310","1113","1113","1113"
"44","5350","5350","5350","1140","1140","1140","5328","5328","5328","1115","1115","1115","5364","5364","5364","1136","1136","1136","5306","5306","5306","1128","1128","1128","5314","5314","5314","1151","1151","1151"
"45","6393","6393","6393","1724","1724","1724","6389","6389","6389","3499","3499","3499","6424","6424","6424","1671","1671","1671","6344","6344","6344","1655","1655","1655","6351","6351","6351","1618","1618","1618"
"46","6397","6397","6397","1489","1489","1489","6393","6393","6393","1999","1999","1999","6428","6428","6428","1547","1547","1547","6348","6348","6348","1572","1572","1572","6355","6355","6355","1603","1603","1603"
"47","6401","6401","6401","1591","1591","1591","6397","6397","6397","1593","1593","1593","6432","6432","6432","1612","1612","1612","6352","6352","6352","1586","1586","1586","6359","6359","6359","1671","1671","1671"
"48","6405","6405","6405","1383","1383","1383","6401","6401","6401","1256","1256","1256","6436","6436","6436","1174","1174","1174","6356","6356","6356","1799","1799","1799","6363","6363","6363","1262","1262","1262"
"49","6409","6409","6409","1090","1090","1090","6405","6405","6405","1206","1206","1206","6440","6440","6440","1221","1221","1221","6360","6360","6360","1499","1499","1499","6367","6367","6367","1194","1194","1194"
"50","6413","6413","6413","1176","1176","1176","6409","6409","6409","1328","1328","1328","6444","6444","6444","1178","1178","1178","6364","6364","6364","1499","1499","1499","6371","6371","6371","1168","1168","1168"
"51","6417","6417","6417","1413","1413","1413","6413","6413","6413","1161","1161","1161","6448","6448","6448","1134","1134","1134","6368","6368","6368","1799","1799","1799","6375","6375","6375","1237","1237","1237"
"52","6421","6421","6421","1143","1143","1143","6417","6417","6417","1134","1134","1134","6452","6452","6452","1148","1148","1148","6372","6372","6372","1399","1399","1399","6379","6379","6379","1106","1106","1106"
"53","6425","6425","6425","1125","1125","1125","6421","6421","6421","1131","1131","1131","6456","6456","6456","1150","1150","1150","6376","6376","6376","1399","1399","1399","6383","6383","6383","1142","1142","1142"
"54","7472","7472","7472","1693","1693","1693","7476","7476","7476","1761","1761","1761","7507","7507","7507","3499","3499","3499","7414","7414","7414","1613","1613","1613","7430","7430","7430","1825","1825","1825"
"55","7476","7476","7476","1485","1485","1485","7480","7480","7480","1492","1492","1492","7511","7511","7511","1548","1548","1548","7418","7418","7418","1581","1581","1581","7434","7434","7434","1634","1634","1634"
"56","7480","7480","7480","1509","1509","1509","7484","7484","7484","1639","1639","1639","7515","7515","7515","1773","1773","1773","7422","7422","7422","1456","1456","1456","7438","7438","7438","1490","1490","1490"
"57","7484","7484","7484","1374","1374","1374","7488","7488","7488","1177","1177","1177","7519","7519","7519","1478","1478","1478","7426","7426","7426","1799","1799","1799","7442","7442","7442","1456","1456","1456"
"58","7488","7488","7488","1170","1170","1170","7492","7492","7492","1171","1171","1171","7523","7523","7523","1240","1240","1240","7430","7430","7430","1231","1231","1231","7446","7446","7446","1229","1229","1229"
"59","7492","7492","7492","1175","1175","1175","7496","7496","7496","1177","1177","1177","7527","7527","7527","1281","1281","1281","7434","7434","7434","1499","1499","1499","7450","7450","7450","1171","1171","1171"
"60","7496","7496","7496","1390","1390","1390","7500","7500","7500","1127","1127","1127","7531","7531","7531","1362","1362","1362","7438","7438","7438","1799","1799","1799","7454","7454","7454","1251","1251","1251"
"61","7500","7500","7500","1107","1107","1107","7504","7504","7504","947","947","947","7535","7535","7535","1115","1115","1115","7442","7442","7442","1399","1399","1399","7458","7458","7458","1139","1139","1139"
"62","7504","7504","7504","1135","1135","1135","7508","7508","7508","1143","1143","1143","7539","7539","7539","1144","1144","1144","7446","7446","7446","1399","1399","1399","7462","7462","7462","992","992","992"
"63","8540","8540","8540","1645","1645","1645","8545","8545","8545","1675","1675","1675","8584","8584","8584","1719","1719","1719","8482","8482","8482","1618","1618","1618","8499","8499","8499","1642","1642","1642"
"64","8544","8544","8544","1493","1493","1493","8549","8549","8549","1512","1512","1512","8588","8588","8588","1543","1543","1543","8486","8486","8486","1415","1415","1415","8503","8503","8503","1458","1458","1458"
"65","8548","8548","8548","1586","1586","1586","8553","8553","8553","1556","1556","1556","8592","8592","8592","1470","1470","1470","8490","8490","8490","1496","1496","1496","8507","8507","8507","1522","1522","1522"
"66","8552","8552","8552","1378","1378","1378","8557","8557","8557","1799","1799","1799","8596","8596","8596","1541","1541","1541","8494","8494","8494","1176","1176","1176","8511","8511","8511","1284","1284","1284"
"67","8556","8556","8556","1113","1113","1113","8561","8561","8561","1499","1499","1499","8602","8602","8602","1499","1499","1499","8498","8498","8498","1156","1156","1156","8515","8515","8515","1170","1170","1170"
"68","8560","8560","8560","1155","1155","1155","8565","8565","8565","1499","1499","1499","8606","8606","8606","1175","1175","1175","8502","8502","8502","1155","1155","1155","8519","8519","8519","1205","1205","1205"
"69","8564","8564","8564","1496","1496","1496","8569","8569","8569","1799","1799","1799","8610","8610","8610","1421","1421","1421","8506","8506","8506","1191","1191","1191","8523","8523","8523","1170","1170","1170"
"70","8568","8568","8568","1152","1152","1152","8573","8573","8573","1399","1399","1399","8614","8614","8614","1004","1004","1004","8510","8510","8510","942","942","942","8527","8527","8527","1138","1138","1138"
"71","8572","8572","8572","1145","1145","1145","8577","8577","8577","1399","1399","1399","8618","8618","8618","1118","1118","1118","8514","8514","8514","1139","1139","1139","8531","8531","8531","1147","1147","1147"
"72","9621","9621","9621","1590","1590","1590","9622","9622","9622","1803","1803","1803","9662","9662","9662","1783","1783","1783","9559","9559","9559","1844","1844","1844","9576","9576","9576","1747","1747","1747"
"73","9625","9625","9625","1615","1615","1615","9626","9626","9626","1629","1629","1629","9666","9666","9666","1520","1520","1520","9563","9563","9563","1652","1652","1652","9580","9580","9580","1633","1633","1633"
"74","9629","9629","9629","1582","1582","1582","9630","9630","9630","1425","1425","1425","9670","9670","9670","1489","1489","1489","9567","9567","9567","1532","1532","1532","9584","9584","9584","1535","1535","1535"
"75","9633","9633","9633","1302","1302","1302","9634","9634","9634","1610","1610","1610","9674","9674","9674","1567","1567","1567","9571","9571","9571","1618","1618","1618","9588","9588","9588","1281","1281","1281"
"76","9637","9637","9637","1499","1499","1499","9638","9638","9638","1254","1254","1254","9678","9678","9678","1245","1245","1245","9575","9575","9575","1499","1499","1499","9592","9592","9592","1191","1191","1191"
"77","9641","9641","9641","1167","1167","1167","9642","9642","9642","1298","1298","1298","9682","9682","9682","1192","1192","1192","9579","9579","9579","1499","1499","1499","9596","9596","9596","1181","1181","1181"
"78","9645","9645","9645","1150","1150","1150","9646","9646","9646","1550","1550","1550","9686","9686","9686","1331","1331","1331","9583","9583","9583","1799","1799","1799","9600","9600","9600","1253","1253","1253"
"79","9649","9649","9649","1153","1153","1153","9650","9650","9650","1159","1159","1159","9690","9690","9690","1133","1133","1133","9587","9587","9587","1399","1399","1399","9604","9604","9604","1122","1122","1122"
"80","9653","9653","9653","1124","1124","1124","9654","9654","9654","1168","1168","1168","9694","9694","9694","1143","1143","1143","9591","9591","9591","1399","1399","1399","9608","9608","9608","1114","1114","1114"
"81","10688","10688","10688","1564","1564","1564","10706","10706","10706","1766","1766","1766","10733","10733","10733","1756","1756","1756","10629","10629","10629","1884","1884","1884","10645","10645","10645","1750","1750","1750"
"82","10692","10692","10692","1641","1641","1641","10710","10710","10710","1482","1482","1482","10737","10737","10737","1617","1617","1617","10633","10633","10633","1556","1556","1556","10649","10649","10649","1457","1457","1457"
"83","10696","10696","10696","1601","1601","1601","10714","10714","10714","1492","1492","1492","10741","10741","10741","1549","1549","1549","10637","10637","10637","1464","1464","1464","10653","10653","10653","1456","1456","1456"
"84","10700","10700","10700","1138","1138","1138","10718","10718","10718","1624","1624","1624","10745","10745","10745","1417","1417","1417","10641","10641","10641","1799","1799","1799","10657","10657","10657","1047","1047","1047"
"85","10704","10704","10704","1158","1158","1158","10722","10722","10722","1189","1189","1189","10749","10749","10749","1203","1203","1203","10645","10645","10645","1499","1499","1499","10661","10661","10661","1213","1213","1213"
"86","10708","10708","10708","1172","1172","1172","10726","10726","10726","1190","1190","1190","10753","10753","10753","1204","1204","1204","10649","10649","10649","1156","1156","1156","10665","10665","10665","1189","1189","1189"
"87","10712","10712","10712","1100","1100","1100","10730","10730","10730","1544","1544","1544","10757","10757","10757","1488","1488","1488","10653","10653","10653","1258","1258","1258","10669","10669","10669","1127","1127","1127"
"88","10716","10716","10716","1010","1010","1010","10734","10734","10734","1137","1137","1137","10761","10761","10761","1121","1121","1121","10657","10657","10657","1106","1106","1106","10673","10673","10673","931","931","931"
"89","10720","10720","10720","1127","1127","1127","10738","10738","10738","1148","1148","1148","10765","10765","10765","1170","1170","1170","10661","10661","10661","1148","1148","1148","10677","10677","10677","1168","1168","1168"
"90","11772","11772","11772","1703","1703","1703","11774","11774","11774","1761","1761","1761","11805","11805","11805","1868","1868","1868","11699","11699","11699","1713","1713","1713","11719","11719","11719","1805","1805","1805"
"91","11776","11776","11776","1522","1522","1522","11778","11778","11778","1506","1506","1506","11809","11809","11809","1528","1528","1528","11703","11703","11703","1483","1483","1483","11723","11723","11723","1491","1491","1491"
"92","11780","11780","11780","1487","1487","1487","11782","11782","11782","1435","1435","1435","11813","11813","11813","1535","1535","1535","11707","11707","11707","1475","1475","1475","11727","11727","11727","1474","1474","1474"
"93","11784","11784","11784","1307","1307","1307","11786","11786","11786","1463","1463","1463","11817","11817","11817","1495","1495","1495","11711","11711","11711","1799","1799","1799","11731","11731","11731","1275","1275","1275"
"94","11788","11788","11788","1166","1166","1166","11790","11790","11790","1253","1253","1253","11821","11821","11821","1176","1176","1176","11715","11715","11715","1144","1144","1144","11735","11735","11735","1228","1228","1228"
"95","11792","11792","11792","1165","1165","1165","11794","11794","11794","1166","1166","1166","11825","11825","11825","1193","1193","1193","11719","11719","11719","1104","1104","1104","11739","11739","11739","1267","1267","1267"
"96","11796","11796","11796","1140","1140","1140","11798","11798","11798","1149","1149","1149","11829","11829","11829","1342","1342","1342","11723","11723","11723","1398","1398","1398","11743","11743","11743","1130","1130","1130"
"97","11800","11800","11800","1156","1156","1156","11802","11802","11802","1114","1114","1114","11833","11833","11833","1116","1116","1116","11727","11727","11727","1028","1028","1028","11747","11747","11747","1399","1399","1399"
"98","11804","11804","11804","1146","1146","1146","11806","11806","11806","1108","1108","1108","11837","11837","11837","1130","1130","1130","11731","11731","11731","1007","1007","1007","11751","11751","11751","1399","1399","1399"
"99","12840","12840","12840","1598","1598","1598","12842","12842","12842","1734","1734","1734","12887","12887","12887","3499","3499","3499","12767","12767","12767","1866","1866","1866","12789","12789","12789","1743","1743","1743"
"100","12844","12844","12844","1645","1645","1645","12846","12846","12846","1495","1495","1495","12891","12891","12891","1368","1368","1368","12771","12771","12771","1551","1551","1551","12793","12793","12793","1511","1511","1511"
"101","12848","12848","12848","1649","1649","1649","12850","12850","12850","1485","1485","1485","12895","12895","12895","1322","1322","1322","12775","12775","12775","1663","1663","1663","12797","12797","12797","1414","1414","1414"
"102","12852","12852","12852","1284","1284","1284","12854","12854","12854","1426","1426","1426","12899","12899","12899","1439","1439","1439","12779","12779","12779","1361","1361","1361","12801","12801","12801","1197","1197","1197"
"103","12856","12856","12856","1175","1175","1175","12858","12858","12858","1226","1226","1226","12903","12903","12903","1203","1203","1203","12783","12783","12783","1185","1185","1185","12805","12805","12805","1181","1181","1181"
"104","12860","12860","12860","1157","1157","1157","12862","12862","12862","1303","1303","1303","12907","12907","12907","1265","1265","1265","12787","12787","12787","1181","1181","1181","12809","12809","12809","1174","1174","1174"
"105","12864","12864","12864","1135","1135","1135","12866","12866","12866","1149","1149","1149","12911","12911","12911","1799","1799","1799","12791","12791","12791","1349","1349","1349","12813","12813","12813","1185","1185","1185"
"106","12868","12868","12868","1136","1136","1136","12870","12870","12870","1138","1138","1138","12915","12915","12915","1399","1399","1399","12795","12795","12795","1126","1126","1126","12817","12817","12817","1150","1150","1150"
"107","12872","12872","12872","1144","1144","1144","12874","12874","12874","1127","1127","1127","12919","12919","12919","1399","1399","1399","12799","12799","12799","1142","1142","1142","12821","12821","12821","1146","1146","1146"
"108","13925","13925","13925","1588","1588","1588","13917","13917","13917","1722","1722","1722","13959","13959","13959","1757","1757","1757","13838","13838","13838","1779","1779","1779","13865","13865","13865","1725","1725","1725"
"109","13929","13929","13929","1615","1615","1615","13921","13921","13921","1456","1456","1456","13963","13963","13963","1651","1651","1651","13842","13842","13842","1559","1559","1559","13869","13869","13869","1559","1559","1559"
"110","13933","13933","13933","1484","1484","1484","13925","13925","13925","1473","1473","1473","13967","13967","13967","1580","1580","1580","13846","13846","13846","1537","1537","1537","13873","13873","13873","1490","1490","1490"
"111","13937","13937","13937","1123","1123","1123","13929","13929","13929","1604","1604","1604","13971","13971","13971","1469","1469","1469","13850","13850","13850","1375","1375","1375","13877","13877","13877","1621","1621","1621"
"112","13941","13941","13941","1163","1163","1163","13933","13933","13933","1175","1175","1175","13975","13975","13975","1193","1193","1193","13854","13854","13854","1065","1065","1065","13881","13881","13881","1195","1195","1195"
"113","13945","13945","13945","1155","1155","1155","13937","13937","13937","1102","1102","1102","13979","13979","13979","1177","1177","1177","13858","13858","13858","1152","1152","1152","13885","13885","13885","1328","1328","1328"
"114","13949","13949","13949","1262","1262","1262","13941","13941","13941","1586","1586","1586","13983","13983","13983","1131","1131","1131","13862","13862","13862","1507","1507","1507","13889","13889","13889","1530","1530","1530"
"115","13953","13953","13953","1141","1141","1141","13945","13945","13945","1123","1123","1123","13987","13987","13987","1132","1132","1132","13866","13866","13866","1116","1116","1116","13893","13893","13893","1136","1136","1136"
"116","13957","13957","13957","1138","1138","1138","13949","13949","13949","1111","1111","1111","13991","13991","13991","990","990","990","13870","13870","13870","1117","1117","1117","13897","13897","13897","1158","1158","1158"
"117","14998","14998","14998","1652","1652","1652","14986","14986","14986","1729","1729","1729","15044","15044","15044","1746","1746","1746","14907","14907","14907","1776","1776","1776","14934","14934","14934","1722","1722","1722"
"118","15002","15002","15002","1557","1557","1557","14990","14990","14990","1406","1406","1406","15048","15048","15048","1756","1756","1756","14911","14911","14911","1545","1545","1545","14938","14938","14938","1440","1440","1440"
"119","15006","15006","15006","1471","1471","1471","14994","14994","14994","1412","1412","1412","15052","15052","15052","1631","1631","1631","14915","14915","14915","1583","1583","1583","14942","14942","14942","1999","1999","1999"
"120","15010","15010","15010","1290","1290","1290","14998","14998","14998","1398","1398","1398","15056","15056","15056","1432","1432","1432","14919","14919","14919","1471","1471","1471","14946","14946","14946","1662","1662","1662"
"121","15014","15014","15014","1193","1193","1193","15002","15002","15002","1170","1170","1170","15060","15060","15060","1167","1167","1167","14923","14923","14923","1192","1192","1192","14950","14950","14950","1499","1499","1499"
"122","15018","15018","15018","1171","1171","1171","15006","15006","15006","1155","1155","1155","15064","15064","15064","1172","1172","1172","14927","14927","14927","1170","1170","1170","14954","14954","14954","1499","1499","1499"
"123","15022","15022","15022","1110","1110","1110","15010","15010","15010","1411","1411","1411","15068","15068","15068","1236","1236","1236","14931","14931","14931","1144","1144","1144","14958","14958","14958","1495","1495","1495"
"124","15026","15026","15026","1143","1143","1143","15014","15014","15014","965","965","965","15072","15072","15072","967","967","967","14935","14935","14935","1106","1106","1106","14962","14962","14962","1399","1399","1399"
"125","15030","15030","15030","1141","1141","1141","15018","15018","15018","1148","1148","1148","15076","15076","15076","1136","1136","1136","14939","14939","14939","1120","1120","1120","14966","14966","14966","1399","1399","1399"
"126","16071","16071","16071","1558","1558","1558","16055","16055","16055","1762","1762","1762","16124","16124","16124","1840","1840","1840","15976","15976","15976","1753","1753","1753","16010","16010","16010","3499","3499","3499"
"127","16075","16075","16075","1452","1452","1452","16059","16059","16059","1563","1563","1563","16128","16128","16128","1443","1443","1443","15980","15980","15980","1567","1567","1567","16014","16014","16014","1999","1999","1999"
"128","16079","16079","16079","1543","1543","1543","16063","16063","16063","1551","1551","1551","16132","16132","16132","1433","1433","1433","15984","15984","15984","1474","1474","1474","16018","16018","16018","1999","1999","1999"
"129","16083","16083","16083","1287","1287","1287","16067","16067","16067","1489","1489","1489","16136","16136","16136","1167","1167","1167","15988","15988","15988","1427","1427","1427","16022","16022","16022","1691","1691","1691"
"130","16087","16087","16087","1185","1185","1185","16071","16071","16071","1146","1146","1146","16140","16140","16140","1176","1176","1176","15992","15992","15992","1156","1156","1156","16026","16026","16026","1294","1294","1294"
"131","16091","16091","16091","1192","1192","1192","16075","16075","16075","1172","1172","1172","16144","16144","16144","1167","1167","1167","15996","15996","15996","1174","1174","1174","16030","16030","16030","1218","1218","1218"
"132","16095","16095","16095","1146","1146","1146","16079","16079","16079","1369","1369","1369","16148","16148","16148","1130","1130","1130","16000","16000","16000","1417","1417","1417","16034","16034","16034","1547","1547","1547"
"133","16099","16099","16099","1118","1118","1118","16083","16083","16083","1145","1145","1145","16152","16152","16152","1133","1133","1133","16004","16004","16004","1139","1139","1139","16038","16038","16038","1112","1112","1112"
"134","16103","16103","16103","1145","1145","1145","16087","16087","16087","1144","1144","1144","16156","16156","16156","1399","1399","1399","16008","16008","16008","1109","1109","1109","16042","16042","16042","1161","1161","1161"
"135","17139","17139","17139","1742","1742","1742","17129","17129","17129","1839","1839","1839","17198","17198","17198","1773","1773","1773","17044","17044","17044","1795","1795","1795","17086","17086","17086","1653","1653","1653"
"136","17143","17143","17143","1556","1556","1556","17133","17133","17133","1617","1617","1617","17202","17202","17202","1486","1486","1486","17048","17048","17048","1510","1510","1510","17090","17090","17090","1542","1542","1542"
"137","17147","17147","17147","1579","1579","1579","17137","17137","17137","1564","1564","1564","17206","17206","17206","1689","1689","1689","17052","17052","17052","1612","1612","1612","17094","17094","17094","1534","1534","1534"
"138","17151","17151","17151","1303","1303","1303","17141","17141","17141","1379","1379","1379","17210","17210","17210","1140","1140","1140","17056","17056","17056","1347","1347","1347","17098","17098","17098","1564","1564","1564"
"139","17155","17155","17155","1185","1185","1185","17145","17145","17145","1151","1151","1151","17214","17214","17214","1182","1182","1182","17060","17060","17060","1178","1178","1178","17102","17102","17102","1259","1259","1259"
"140","17159","17159","17159","1187","1187","1187","17149","17149","17149","1144","1144","1144","17218","17218","17218","1157","1157","1157","17064","17064","17064","1180","1180","1180","17106","17106","17106","1297","1297","1297"
"141","17163","17163","17163","1187","1187","1187","17153","17153","17153","1527","1527","1527","17222","17222","17222","1214","1214","1214","17068","17068","17068","1444","1444","1444","17110","17110","17110","1348","1348","1348"
"142","17167","17167","17167","1134","1134","1134","17157","17157","17157","1167","1167","1167","17226","17226","17226","1175","1175","1175","17072","17072","17072","1172","1172","1172","17114","17114","17114","1149","1149","1149"
"143","17171","17171","17171","1154","1154","1154","17161","17161","17161","1098","1098","1098","17230","17230","17230","1106","1106","1106","17076","17076","17076","1119","1119","1119","17118","17118","17118","1168","1168","1168"
"144","18228","18228","18228","1643","1643","1643","18197","18197","18197","1731","1731","1731","18272","18272","18272","1676","1676","1676","18112","18112","18112","1790","1790","1790","18154","18154","18154","1732","1732","1732"
"145","18232","18232","18232","1554","1554","1554","18201","18201","18201","1441","1441","1441","18276","18276","18276","1471","1471","1471","18116","18116","18116","1544","1544","1544","18158","18158","18158","1532","1532","1532"
"146","18236","18236","18236","1489","1489","1489","18205","18205","18205","1627","1627","1627","18280","18280","18280","1628","1628","1628","18120","18120","18120","1498","1498","1498","18162","18162","18162","1491","1491","1491"
"147","18240","18240","18240","1309","1309","1309","18209","18209","18209","1384","1384","1384","18284","18284","18284","1146","1146","1146","18124","18124","18124","1446","1446","1446","18166","18166","18166","1621","1621","1621"
"148","18244","18244","18244","1230","1230","1230","18213","18213","18213","1182","1182","1182","18288","18288","18288","1222","1222","1222","18128","18128","18128","1102","1102","1102","18170","18170","18170","1187","1187","1187"
"149","18248","18248","18248","1193","1193","1193","18217","18217","18217","1186","1186","1186","18292","18292","18292","1194","1194","1194","18132","18132","18132","1158","1158","1158","18174","18174","18174","1158","1158","1158"
"150","18252","18252","18252","1112","1112","1112","18221","18221","18221","1516","1516","1516","18296","18296","18296","1243","1243","1243","18136","18136","18136","1503","1503","1503","18178","18178","18178","1515","1515","1515"
"151","18256","18256","18256","1105","1105","1105","18225","18225","18225","990","990","990","18300","18300","18300","1156","1156","1156","18140","18140","18140","1043","1043","1043","18182","18182","18182","1153","1153","1153"
"152","18260","18260","18260","1161","1161","1161","18229","18229","18229","1126","1126","1126","18304","18304","18304","1123","1123","1123","18144","18144","18144","1154","1154","1154","18186","18186","18186","1144","1144","1144"
"153","19296","19296","19296","1767","1767","1767","19265","19265","19265","1739","1739","1739","19351","19351","19351","1723","1723","1723","19180","19180","19180","1692","1692","1692","19223","19223","19223","1656","1656","1656"
"154","19300","19300","19300","1466","1466","1466","19269","19269","19269","1573","1573","1573","19355","19355","19355","1701","1701","1701","19184","19184","19184","1502","1502","1502","19227","19227","19227","1474","1474","1474"
"155","19304","19304","19304","1544","1544","1544","19273","19273","19273","1497","1497","1497","19359","19359","19359","1728","1728","1728","19188","19188","19188","1574","1574","1574","19231","19231","19231","1477","1477","1477"
"156","19308","19308","19308","1130","1130","1130","19277","19277","19277","1240","1240","1240","19363","19363","19363","1183","1183","1183","19192","19192","19192","1388","1388","1388","19235","19235","19235","1643","1643","1643"
"157","19312","19312","19312","1192","1192","1192","19281","19281","19281","1092","1092","1092","19367","19367","19367","1198","1198","1198","19196","19196","19196","1206","1206","1206","19239","19239","19239","1095","1095","1095"
"158","19316","19316","19316","1197","1197","1197","19285","19285","19285","1155","1155","1155","19371","19371","19371","1163","1163","1163","19200","19200","19200","1153","1153","1153","19243","19243","19243","1182","1182","1182"
"159","19320","19320","19320","1172","1172","1172","19289","19289","19289","1211","1211","1211","19375","19375","19375","1100","1100","1100","19204","19204","19204","1402","1402","1402","19247","19247","19247","1574","1574","1574"
"160","19324","19324","19324","1159","1159","1159","19293","19293","19293","1118","1118","1118","19379","19379","19379","1144","1144","1144","19208","19208","19208","1153","1153","1153","19251","19251","19251","1052","1052","1052"
"161","19328","19328","19328","1135","1135","1135","19297","19297","19297","1135","1135","1135","19383","19383","19383","1145","1145","1145","19212","19212","19212","1123","1123","1123","19255","19255","19255","1132","1132","1132"
"162","20365","20365","20365","1697","1697","1697","20340","20340","20340","1733","1733","1733","20423","20423","20423","1666","1666","1666","20248","20248","20248","1785","1785","1785","20292","20292","20292","1691","1691","1691"
"163","20369","20369","20369","1657","1657","1657","20344","20344","20344","1554","1554","1554","20427","20427","20427","1444","1444","1444","20252","20252","20252","1755","1755","1755","20296","20296","20296","1505","1505","1505"
"164","20373","20373","20373","1568","1568","1568","20348","20348","20348","1649","1649","1649","20431","20431","20431","1487","1487","1487","20256","20256","20256","1541","1541","1541","20300","20300","20300","1548","1548","1548"
"165","20377","20377","20377","1134","1134","1134","20352","20352","20352","1265","1265","1265","20435","20435","20435","1055","1055","1055","20260","20260","20260","1383","1383","1383","20304","20304","20304","1351","1351","1351"
"166","20381","20381","20381","1187","1187","1187","20356","20356","20356","1159","1159","1159","20439","20439","20439","1171","1171","1171","20264","20264","20264","1161","1161","1161","20308","20308","20308","1101","1101","1101"
"167","20385","20385","20385","1187","1187","1187","20360","20360","20360","1177","1177","1177","20444","20444","20444","1191","1191","1191","20268","20268","20268","1168","1168","1168","20312","20312","20312","1163","1163","1163"
"168","20389","20389","20389","1191","1191","1191","20364","20364","20364","1228","1228","1228","20448","20448","20448","1124","1124","1124","20272","20272","20272","1314","1314","1314","20316","20316","20316","1283","1283","1283"
"169","20393","20393","20393","1113","1113","1113","20368","20368","20368","1142","1142","1142","20452","20452","20452","1151","1151","1151","20276","20276","20276","1152","1152","1152","20320","20320","20320","1160","1160","1160"
"170","20397","20397","20397","1139","1139","1139","20372","20372","20372","1140","1140","1140","20456","20456","20456","1158","1158","1158","20280","20280","20280","1158","1158","1158","20324","20324","20324","1154","1154","1154"
"171","21438","21438","21438","1732","1732","1732","21408","21408","21408","1797","1797","1797","21497","21497","21497","1734","1734","1734","21316","21316","21316","1788","1788","1788","21360","21360","21360","1830","1830","1830"
"172","21442","21442","21442","1561","1561","1561","21412","21412","21412","1489","1489","1489","21501","21501","21501","1473","1473","1473","21320","21320","21320","1719","1719","1719","21364","21364","21364","1528","1528","1528"
"173","21446","21446","21446","1568","1568","1568","21416","21416","21416","1553","1553","1553","21505","21505","21505","1492","1492","1492","21324","21324","21324","1654","1654","1654","21368","21368","21368","1776","1776","1776"
"174","21450","21450","21450","1305","1305","1305","21420","21420","21420","1270","1270","1270","21509","21509","21509","1304","1304","1304","21328","21328","21328","1374","1374","1374","21372","21372","21372","1427","1427","1427"
"175","21454","21454","21454","1179","1179","1179","21424","21424","21424","1142","1142","1142","21513","21513","21513","1177","1177","1177","21332","21332","21332","1144","1144","1144","21376","21376","21376","1198","1198","1198"
"176","21458","21458","21458","1164","1164","1164","21428","21428","21428","1167","1167","1167","21517","21517","21517","1202","1202","1202","21336","21336","21336","1142","1142","1142","21380","21380","21380","1324","1324","1324"
"177","21462","21462","21462","1020","1020","1020","21432","21432","21432","1313","1313","1313","21521","21521","21521","1064","1064","1064","21340","21340","21340","1425","1425","1425","21384","21384","21384","1434","1434","1434"
"178","21466","21466","21466","945","945","945","21436","21436","21436","1133","1133","1133","21525","21525","21525","1152","1152","1152","21344","21344","21344","1137","1137","1137","21388","21388","21388","1121","1121","1121"
"179","21470","21470","21470","1123","1123","1123","21440","21440","21440","1113","1113","1113","21529","21529","21529","1174","1174","1174","21348","21348","21348","1108","1108","1108","21392","21392","21392","1153","1153","1153"
"180","22506","22506","22506","1760","1760","1760","22476","22476","22476","1829","1829","1829","22575","22575","22575","1774","1774","1774","22384","22384","22384","1615","1615","1615","22428","22428","22428","1786","1786","1786"
"181","22510","22510","22510","1575","1575","1575","22480","22480","22480","1461","1461","1461","22579","22579","22579","1463","1463","1463","22388","22388","22388","1514","1514","1514","22432","22432","22432","1612","1612","1612"
"182","22514","22514","22514","1521","1521","1521","22484","22484","22484","1601","1601","1601","22583","22583","22583","1560","1560","1560","22392","22392","22392","1461","1461","1461","22436","22436","22436","1619","1619","1619"
"183","22518","22518","22518","1137","1137","1137","22488","22488","22488","1364","1364","1364","22587","22587","22587","1077","1077","1077","22396","22396","22396","1460","1460","1460","22440","22440","22440","1413","1413","1413"
"184","22522","22522","22522","1215","1215","1215","22492","22492","22492","1159","1159","1159","22591","22591","22591","1235","1235","1235","22400","22400","22400","1080","1080","1080","22444","22444","22444","1188","1188","1188"
"185","22526","22526","22526","1300","1300","1300","22496","22496","22496","1173","1173","1173","22595","22595","22595","1205","1205","1205","22404","22404","22404","1138","1138","1138","22448","22448","22448","1162","1162","1162"
"186","22530","22530","22530","1103","1103","1103","22500","22500","22500","1293","1293","1293","22599","22599","22599","1160","1160","1160","22408","22408","22408","1402","1402","1402","22452","22452","22452","1479","1479","1479"
"187","22534","22534","22534","1158","1158","1158","22504","22504","22504","938","938","938","22603","22603","22603","1117","1117","1117","22412","22412","22412","1145","1145","1145","22456","22456","22456","1134","1134","1134"
"188","22538","22538","22538","1139","1139","1139","22508","22508","22508","1110","1110","1110","22607","22607","22607","1175","1175","1175","22416","22416","22416","1164","1164","1164","22460","22460","22460","1142","1142","1142"
"189","23578","23578","23578","1749","1749","1749","23549","23549","23549","1752","1752","1752","23647","23647","23647","1729","1729","1729","23457","23457","23457","1946","1946","1946","23497","23497","23497","1804","1804","1804"
"190","23582","23582","23582","1534","1534","1534","23553","23553","23553","1505","1505","1505","23651","23651","23651","1547","1547","1547","23461","23461","23461","1524","1524","1524","23501","23501","23501","1853","1853","1853"
"191","23586","23586","23586","1473","1473","1473","23557","23557","23557","1517","1517","1517","23655","23655","23655","1614","1614","1614","23465","23465","23465","1617","1617","1617","23505","23505","23505","1529","1529","1529"
"192","23590","23590","23590","1130","1130","1130","23561","23561","23561","1373","1373","1373","23659","23659","23659","1482","1482","1482","23469","23469","23469","1456","1456","1456","23509","23509","23509","1366","1366","1366"
"193","23594","23594","23594","1197","1197","1197","23565","23565","23565","1099","1099","1099","23663","23663","23663","1246","1246","1246","23473","23473","23473","1088","1088","1088","23513","23513","23513","1161","1161","1161"
"194","23598","23598","23598","1187","1187","1187","23569","23569","23569","1139","1139","1139","23667","23667","23667","1191","1191","1191","23477","23477","23477","1147","1147","1147","23517","23517","23517","1180","1180","1180"
"195","23602","23602","23602","1144","1144","1144","23573","23573","23573","1305","1305","1305","23671","23671","23671","1256","1256","1256","23481","23481","23481","1259","1259","1259","23521","23521","23521","1199","1199","1199"
"196","23606","23606","23606","1116","1116","1116","23577","23577","23577","1135","1135","1135","23675","23675","23675","1135","1135","1135","23485","23485","23485","1149","1149","1149","23525","23525","23525","1134","1134","1134"
"197","23610","23610","23610","1141","1141","1141","23581","23581","23581","1148","1148","1148","23679","23679","23679","1180","1180","1180","23489","23489","23489","1156","1156","1156","23529","23529","23529","1141","1141","1141"
"198","24646","24646","24646","1722","1722","1722","24623","24623","24623","1771","1771","1771","24718","24718","24718","1671","1671","1671","24525","24525","24525","1913","1913","1913","24565","24565","24565","1770","1770","1770"
"199","24650","24650","24650","1547","1547","1547","24627","24627","24627","1499","1499","1499","24722","24722","24722","1515","1515","1515","24529","24529","24529","1740","1740","1740","24569","24569","24569","1512","1512","1512"
"200","24654","24654","24654","1452","1452","1452","24631","24631","24631","1499","1499","1499","24726","24726","24726","1651","1651","1651","24533","24533","24533","1507","1507","1507","24573","24573","24573","1648","1648","1648"
"201","24658","24658","24658","1157","1157","1157","24635","24635","24635","1512","1512","1512","24730","24730","24730","1257","1257","1257","24537","24537","24537","1358","1358","1358","24577","24577","24577","1398","1398","1398"
"202","24662","24662","24662","1174","1174","1174","24639","24639","24639","1187","1187","1187","24734","24734","24734","1226","1226","1226","24541","24541","24541","1186","1186","1186","24581","24581","24581","1166","1166","1166"
"203","24666","24666","24666","1189","1189","1189","24643","24643","24643","1164","1164","1164","24738","24738","24738","1181","1181","1181","24545","24545","24545","1179","1179","1179","24585","24585","24585","1156","1156","1156"
"204","24670","24670","24670","1224","1224","1224","24647","24647","24647","1305","1305","1305","24742","24742","24742","1144","1144","1144","24549","24549","24549","1451","1451","1451","24589","24589","24589","1539","1539","1539"
"205","24674","24674","24674","1120","1120","1120","24651","24651","24651","954","954","954","24746","24746","24746","1131","1131","1131","24553","24553","24553","1137","1137","1137","24593","24593","24593","1140","1140","1140"
"206","24678","24678","24678","1153","1153","1153","24655","24655","24655","1144","1144","1144","24750","24750","24750","1155","1155","1155","24557","24557","24557","1138","1138","1138","24597","24597","24597","1146","1146","1146"
"207","25719","25719","25719","1564","1564","1564","25696","25696","25696","1927","1927","1927","25788","25788","25788","1772","1772","1772","25594","25594","25594","2023","2023","2023","25638","25638","25638","1716","1716","1716"
"208","25723","25723","25723","1657","1657","1657","25700","25700","25700","1631","1631","1631","25792","25792","25792","1620","1620","1620","25598","25598","25598","1607","1607","1607","25642","25642","25642","1547","1547","1547"
"209","25727","25727","25727","1561","1561","1561","25704","25704","25704","1478","1478","1478","25796","25796","25796","1635","1635","1635","25602","25602","25602","1488","1488","1488","25646","25646","25646","1461","1461","1461"
"210","25731","25731","25731","1161","1161","1161","25708","25708","25708","1366","1366","1366","25800","25800","25800","1514","1514","1514","25606","25606","25606","1471","1471","1471","25650","25650","25650","1475","1475","1475"
"211","25735","25735","25735","1187","1187","1187","25712","25712","25712","1165","1165","1165","25804","25804","25804","1214","1214","1214","25610","25610","25610","1075","1075","1075","25654","25654","25654","1499","1499","1499"
"212","25739","25739","25739","1205","1205","1205","25716","25716","25716","1173","1173","1173","25808","25808","25808","1172","1172","1172","25614","25614","25614","1176","1176","1176","25658","25658","25658","1149","1149","1149"
"213","25743","25743","25743","1163","1163","1163","25720","25720","25720","1303","1303","1303","25812","25812","25812","1052","1052","1052","25618","25618","25618","1492","1492","1492","25662","25662","25662","1491","1491","1491"
"214","25747","25747","25747","1115","1115","1115","25724","25724","25724","1125","1125","1125","25816","25816","25816","1144","1144","1144","25622","25622","25622","1139","1139","1139","25666","25666","25666","1123","1123","1123"
"215","25751","25751","25751","1114","1114","1114","25728","25728","25728","1147","1147","1147","25820","25820","25820","1157","1157","1157","25626","25626","25626","1135","1135","1135","25670","25670","25670","1139","1139","1139"
"216","26787","26787","26787","1660","1660","1660","26765","26765","26765","1681","1681","1681","26859","26859","26859","1769","1769","1769","26662","26662","26662","1757","1757","1757","26706","26706","26706","1754","1754","1754"
"217","26791","26791","26791","1467","1467","1467","26769","26769","26769","1636","1636","1636","26863","26863","26863","1529","1529","1529","26666","26666","26666","1472","1472","1472","26710","26710","26710","1470","1470","1470"
"218","26795","26795","26795","1528","1528","1528","26773","26773","26773","1808","1808","1808","26867","26867","26867","1573","1573","1573","26670","26670","26670","1516","1516","1516","26714","26714","26714","1456","1456","1456"
"219","26799","26799","26799","1252","1252","1252","26777","26777","26777","1241","1241","1241","26871","26871","26871","1144","1144","1144","26674","26674","26674","1463","1463","1463","26718","26718","26718","1359","1359","1359"
"220","26803","26803","26803","1251","1251","1251","26781","26781","26781","1176","1176","1176","26875","26875","26875","1196","1196","1196","26678","26678","26678","1084","1084","1084","26722","26722","26722","1170","1170","1170"
"221","26807","26807","26807","1287","1287","1287","26785","26785","26785","1212","1212","1212","26879","26879","26879","1308","1308","1308","26682","26682","26682","1155","1155","1155","26726","26726","26726","1156","1156","1156"
"222","26811","26811","26811","1269","1269","1269","26789","26789","26789","1252","1252","1252","26883","26883","26883","1089","1089","1089","26686","26686","26686","998","998","998","26730","26730","26730","1416","1416","1416"
"223","26815","26815","26815","1138","1138","1138","26793","26793","26793","1138","1138","1138","26887","26887","26887","1111","1111","1111","26690","26690","26690","1162","1162","1162","26734","26734","26734","1149","1149","1149"
"224","26819","26819","26819","1153","1153","1153","26797","26797","26797","1165","1165","1165","26891","26891","26891","1142","1142","1142","26694","26694","26694","1140","1140","1140","26738","26738","26738","1131","1131","1131"
"225","27855","27855","27855","1815","1815","1815","27838","27838","27838","1824","1824","1824","27930","27930","27930","1790","1790","1790","27735","27735","27735","1762","1762","1762","27774","27774","27774","1706","1706","1706"
"226","27859","27859","27859","1561","1561","1561","27842","27842","27842","1620","1620","1620","27934","27934","27934","1546","1546","1546","27739","27739","27739","1588","1588","1588","27778","27778","27778","1499","1499","1499"
"227","27863","27863","27863","1490","1490","1490","27846","27846","27846","1730","1730","1730","27938","27938","27938","1638","1638","1638","27743","27743","27743","1457","1457","1457","27782","27782","27782","1471","1471","1471"
"228","27867","27867","27867","1180","1180","1180","27850","27850","27850","1385","1385","1385","27942","27942","27942","1188","1188","1188","27747","27747","27747","1127","1127","1127","27786","27786","27786","1357","1357","1357"
"229","27871","27871","27871","1209","1209","1209","27854","27854","27854","1158","1158","1158","27946","27946","27946","1309","1309","1309","27751","27751","27751","1185","1185","1185","27790","27790","27790","1170","1170","1170"
"230","27875","27875","27875","1212","1212","1212","27858","27858","27858","1174","1174","1174","27950","27950","27950","1202","1202","1202","27755","27755","27755","1158","1158","1158","27794","27794","27794","1145","1145","1145"
"231","27879","27879","27879","1014","1014","1014","27862","27862","27862","1313","1313","1313","27954","27954","27954","1161","1161","1161","27759","27759","27759","1001","1001","1001","27798","27798","27798","1371","1371","1371"
"232","27883","27883","27883","1112","1112","1112","27866","27866","27866","1136","1136","1136","27958","27958","27958","969","969","969","27763","27763","27763","1117","1117","1117","27802","27802","27802","1152","1152","1152"
"233","27887","27887","27887","1157","1157","1157","27870","27870","27870","1110","1110","1110","27962","27962","27962","1153","1153","1153","27767","27767","27767","1122","1122","1122","27806","27806","27806","1141","1141","1141"
"234","28924","28924","28924","1634","1634","1634","28907","28907","28907","1899","1899","1899","29001","29001","29001","1808","1808","1808","28808","28808","28808","1769","1769","1769","28842","28842","28842","1776","1776","1776"
"235","28928","28928","28928","1482","1482","1482","28911","28911","28911","1461","1461","1461","29005","29005","29005","1574","1574","1574","28812","28812","28812","1739","1739","1739","28846","28846","28846","1516","1516","1516"
"236","28932","28932","28932","1618","1618","1618","28915","28915","28915","1731","1731","1731","29009","29009","29009","1597","1597","1597","28816","28816","28816","1598","1598","1598","28850","28850","28850","1608","1608","1608"
"237","28936","28936","28936","1286","1286","1286","28919","28919","28919","1163","1163","1163","29013","29013","29013","1463","1463","1463","28820","28820","28820","1439","1439","1439","28854","28854","28854","1427","1427","1427"
"238","28940","28940","28940","1190","1190","1190","28923","28923","28923","1160","1160","1160","29017","29017","29017","1193","1193","1193","28824","28824","28824","1110","1110","1110","28858","28858","28858","1163","1163","1163"
"239","28944","28944","28944","1171","1171","1171","28927","28927","28927","1170","1170","1170","29021","29021","29021","1188","1188","1188","28828","28828","28828","1185","1185","1185","28862","28862","28862","1149","1149","1149"
"240","28948","28948","28948","1108","1108","1108","28931","28931","28931","1487","1487","1487","29025","29025","29025","1056","1056","1056","28832","28832","28832","1013","1013","1013","28866","28866","28866","1540","1540","1540"
"241","28952","28952","28952","1122","1122","1122","28935","28935","28935","970","970","970","29029","29029","29029","1139","1139","1139","28836","28836","28836","1153","1153","1153","28870","28870","28870","1142","1142","1142"
"242","28956","28956","28956","1123","1123","1123","28939","28939","28939","1155","1155","1155","29033","29033","29033","1139","1139","1139","28840","28840","28840","1137","1137","1137","28874","28874","28874","1142","1142","1142"
"243","29992","29992","29992","1567","1567","1567","29975","29975","29975","1695","1695","1695","30072","30072","30072","1803","1803","1803","29876","29876","29876","1796","1796","1796","29911","29911","29911","1757","1757","1757"
"244","29996","29996","29996","1497","1497","1497","29979","29979","29979","1789","1789","1789","30076","30076","30076","1574","1574","1574","29880","29880","29880","1514","1514","1514","29915","29915","29915","1625","1625","1625"
"245","30000","30000","30000","1646","1646","1646","29983","29983","29983","1514","1514","1514","30080","30080","30080","1445","1445","1445","29884","29884","29884","1607","1607","1607","29919","29919","29919","1482","1482","1482"
"246","30004","30004","30004","1286","1286","1286","29987","29987","29987","1396","1396","1396","30084","30084","30084","1133","1133","1133","29888","29888","29888","1203","1203","1203","29923","29923","29923","1457","1457","1457"
"247","30008","30008","30008","1189","1189","1189","29991","29991","29991","1083","1083","1083","30088","30088","30088","1156","1156","1156","29892","29892","29892","1076","1076","1076","29927","29927","29927","1177","1177","1177"
"248","30012","30012","30012","1178","1178","1178","29995","29995","29995","1161","1161","1161","30092","30092","30092","1159","1159","1159","29896","29896","29896","1173","1173","1173","29931","29931","29931","1145","1145","1145"
"249","30016","30016","30016","1230","1230","1230","29999","29999","29999","1373","1373","1373","30096","30096","30096","1161","1161","1161","29900","29900","29900","1019","1019","1019","29935","29935","29935","1507","1507","1507"
"250","30020","30020","30020","1133","1133","1133","30003","30003","30003","1139","1139","1139","30100","30100","30100","1123","1123","1123","29904","29904","29904","1137","1137","1137","29939","29939","29939","1135","1135","1135"
"251","30024","30024","30024","1123","1123","1123","30007","30007","30007","1137","1137","1137","30104","30104","30104","1104","1104","1104","29908","29908","29908","1132","1132","1132","29943","29943","29943","1131","1131","1131"
"252","31065","31065","31065","1598","1598","1598","31048","31048","31048","1948","1948","1948","31146","31146","31146","1723","1723","1723","30944","30944","30944","1869","1869","1869","30979","30979","30979","1812","1812","1812"
"253","31069","31069","31069","1451","1451","1451","31052","31052","31052","1735","1735","1735","31150","31150","31150","1501","1501","1501","30948","30948","30948","1626","1626","1626","30983","30983","30983","1615","1615","1615"
"254","31073","31073","31073","1582","1582","1582","31056","31056","31056","1739","1739","1739","31154","31154","31154","1525","1525","1525","30952","30952","30952","1566","1566","1566","30987","30987","30987","1706","1706","1706"
"255","31077","31077","31077","1465","1465","1465","31060","31060","31060","1395","1395","1395","31158","31158","31158","1060","1060","1060","30956","30956","30956","1516","1516","1516","30991","30991","30991","1461","1461","1461"
"256","31081","31081","31081","1205","1205","1205","31064","31064","31064","1154","1154","1154","31162","31162","31162","1239","1239","1239","30960","30960","30960","1102","1102","1102","30995","30995","30995","1499","1499","1499"
"257","31085","31085","31085","1220","1220","1220","31068","31068","31068","1158","1158","1158","31166","31166","31166","1188","1188","1188","30964","30964","30964","1153","1153","1153","30999","30999","30999","1103","1103","1103"
"258","31089","31089","31089","1204","1204","1204","31072","31072","31072","1289","1289","1289","31170","31170","31170","1257","1257","1257","30968","30968","30968","982","982","982","31003","31003","31003","1416","1416","1416"
"259","31093","31093","31093","1114","1114","1114","31076","31076","31076","1112","1112","1112","31174","31174","31174","1144","1144","1144","30972","30972","30972","999","999","999","31007","31007","31007","1149","1149","1149"
"260","31097","31097","31097","1106","1106","1106","31080","31080","31080","1117","1117","1117","31178","31178","31178","1131","1131","1131","30976","30976","30976","1151","1151","1151","31011","31011","31011","1142","1142","1142"
"261","32133","32133","32133","1671","1671","1671","32121","32121","32121","1778","1778","1778","32218","32218","32218","1806","1806","1806","32012","32012","32012","1868","1868","1868","32046","32046","32046","1861","1861","1861"
"262","32137","32137","32137","1528","1528","1528","32125","32125","32125","1596","1596","1596","32222","32222","32222","1507","1507","1507","32016","32016","32016","1736","1736","1736","32050","32050","32050","1449","1449","1449"
"263","32141","32141","32141","1612","1612","1612","32129","32129","32129","1582","1582","1582","32226","32226","32226","1486","1486","1486","32020","32020","32020","1583","1583","1583","32054","32054","32054","1647","1647","1647"
"264","32145","32145","32145","1446","1446","1446","32133","32133","32133","1444","1444","1444","32230","32230","32230","1189","1189","1189","32024","32024","32024","1451","1451","1451","32058","32058","32058","1353","1353","1353"
"265","32149","32149","32149","1230","1230","1230","32137","32137","32137","1165","1165","1165","32234","32234","32234","1199","1199","1199","32028","32028","32028","1097","1097","1097","32062","32062","32062","1157","1157","1157"
"266","32153","32153","32153","1227","1227","1227","32141","32141","32141","1289","1289","1289","32238","32238","32238","1171","1171","1171","32032","32032","32032","1152","1152","1152","32066","32066","32066","1153","1153","1153"
"267","32157","32157","32157","1142","1142","1142","32145","32145","32145","1194","1194","1194","32242","32242","32242","1130","1130","1130","32036","32036","32036","1182","1182","1182","32070","32070","32070","1517","1517","1517"
"268","32161","32161","32161","1116","1116","1116","32149","32149","32149","1152","1152","1152","32246","32246","32246","1109","1109","1109","32040","32040","32040","1102","1102","1102","32074","32074","32074","934","934","934"
"269","32165","32165","32165","1110","1110","1110","32153","32153","32153","1149","1149","1149","32250","32250","32250","1097","1097","1097","32044","32044","32044","1132","1132","1132","32078","32078","32078","1110","1110","1110"
"270","33203","33203","33203","1620","1620","1620","33190","33190","33190","1811","1811","1811","33287","33287","33287","1638","1638","1638","33080","33080","33080","1784","1784","1784","33120","33120","33120","3499","3499","3499"
"271","33207","33207","33207","1628","1628","1628","33194","33194","33194","1580","1580","1580","33291","33291","33291","1669","1669","1669","33084","33084","33084","1503","1503","1503","33124","33124","33124","1504","1504","1504"
"272","33211","33211","33211","1446","1446","1446","33198","33198","33198","1495","1495","1495","33295","33295","33295","1646","1646","1646","33088","33088","33088","1512","1512","1512","33128","33128","33128","1629","1629","1629"
"273","33215","33215","33215","1504","1504","1504","33202","33202","33202","1261","1261","1261","33299","33299","33299","1108","1108","1108","33092","33092","33092","1236","1236","1236","33132","33132","33132","1463","1463","1463"
"274","33219","33219","33219","1216","1216","1216","33206","33206","33206","1187","1187","1187","33303","33303","33303","1202","1202","1202","33096","33096","33096","1182","1182","1182","33136","33136","33136","1499","1499","1499"
"275","33223","33223","33223","1228","1228","1228","33210","33210","33210","1168","1168","1168","33307","33307","33307","1163","1163","1163","33100","33100","33100","1166","1166","1166","33140","33140","33140","1170","1170","1170"
"276","33227","33227","33227","1117","1117","1117","33214","33214","33214","1275","1275","1275","33311","33311","33311","1132","1132","1132","33104","33104","33104","1051","1051","1051","33144","33144","33144","1186","1186","1186"
"277","33231","33231","33231","1119","1119","1119","33218","33218","33218","934","934","934","33315","33315","33315","1119","1119","1119","33108","33108","33108","1120","1120","1120","33148","33148","33148","1129","1129","1129"
"278","33235","33235","33235","1164","1164","1164","33222","33222","33222","1141","1141","1141","33319","33319","33319","1103","1103","1103","33112","33112","33112","1156","1156","1156","33152","33152","33152","1155","1155","1155"
"279","34271","34271","34271","1610","1610","1610","34263","34263","34263","1784","1784","1784","34357","34357","34357","1773","1773","1773","34149","34149","34149","1917","1917","1917","34188","34188","34188","1681","1681","1681"
"280","34275","34275","34275","1512","1512","1512","34267","34267","34267","1728","1728","1728","34361","34361","34361","1475","1475","1475","34153","34153","34153","1524","1524","1524","34192","34192","34192","1627","1627","1627"
"281","34279","34279","34279","1484","1484","1484","34271","34271","34271","1537","1537","1537","34365","34365","34365","1502","1502","1502","34157","34157","34157","1647","1647","1647","34196","34196","34196","1502","1502","1502"
"282","34283","34283","34283","1163","1163","1163","34275","34275","34275","1521","1521","1521","34369","34369","34369","1468","1468","1468","34161","34161","34161","1479","1479","1479","34200","34200","34200","1523","1523","1523"
"283","34287","34287","34287","1303","1303","1303","34279","34279","34279","1170","1170","1170","34373","34373","34373","1100","1100","1100","34165","34165","34165","1499","1499","1499","34204","34204","34204","1163","1163","1163"
"284","34291","34291","34291","1226","1226","1226","34283","34283","34283","1175","1175","1175","34377","34377","34377","1181","1181","1181","34169","34169","34169","1175","1175","1175","34208","34208","34208","1152","1152","1152"
"285","34295","34295","34295","1229","1229","1229","34287","34287","34287","1193","1193","1193","34381","34381","34381","1059","1059","1059","34173","34173","34173","1000","1000","1000","34212","34212","34212","1511","1511","1511"
"286","34299","34299","34299","1155","1155","1155","34291","34291","34291","1142","1142","1142","34385","34385","34385","1153","1153","1153","34177","34177","34177","1152","1152","1152","34216","34216","34216","1162","1162","1162"
"287","34303","34303","34303","1119","1119","1119","34295","34295","34295","1138","1138","1138","34389","34389","34389","1121","1121","1121","34181","34181","34181","1147","1147","1147","34220","34220","34220","1121","1121","1121"
"288","35339","35339","35339","1688","1688","1688","35332","35332","35332","1913","1913","1913","35428","35428","35428","1815","1815","1815","35216","35216","35216","2027","2027","2027","35256","35256","35256","1661","1661","1661"
"289","35343","35343","35343","1557","1557","1557","35336","35336","35336","1731","1731","1731","35432","35432","35432","1501","1501","1501","35220","35220","35220","1482","1482","1482","35260","35260","35260","1523","1523","1523"
"290","35347","35347","35347","1509","1509","1509","35340","35340","35340","1510","1510","1510","35436","35436","35436","1483","1483","1483","35224","35224","35224","1584","1584","1584","35264","35264","35264","1469","1469","1469"
"291","35351","35351","35351","1460","1460","1460","35344","35344","35344","1394","1394","1394","35440","35440","35440","1065","1065","1065","35228","35228","35228","1257","1257","1257","35268","35268","35268","1516","1516","1516"
"292","35355","35355","35355","1292","1292","1292","35348","35348","35348","1091","1091","1091","35444","35444","35444","1170","1170","1170","35232","35232","35232","1146","1146","1146","35272","35272","35272","1167","1167","1167"
"293","35359","35359","35359","1216","1216","1216","35352","35352","35352","1189","1189","1189","35448","35448","35448","1176","1176","1176","35236","35236","35236","1148","1148","1148","35276","35276","35276","1154","1154","1154"
"294","35363","35363","35363","1138","1138","1138","35356","35356","35356","1371","1371","1371","35452","35452","35452","1156","1156","1156","35240","35240","35240","1272","1272","1272","35280","35280","35280","1514","1514","1514"
"295","35367","35367","35367","1120","1120","1120","35360","35360","35360","1133","1133","1133","35456","35456","35456","1116","1116","1116","35244","35244","35244","1122","1122","1122","35284","35284","35284","1122","1122","1122"
"296","35371","35371","35371","1130","1130","1130","35364","35364","35364","1127","1127","1127","35460","35460","35460","1135","1135","1135","35248","35248","35248","1124","1124","1124","35288","35288","35288","1150","1150","1150"
"297","36407","36407","36407","1624","1624","1624","36401","36401","36401","1831","1831","1831","36498","36498","36498","1703","1703","1703","36284","36284","36284","1765","1765","1765","36325","36325","36325","1816","1816","1816"
"298","36411","36411","36411","1499","1499","1499","36405","36405","36405","1604","1604","1604","36502","36502","36502","1509","1509","1509","36288","36288","36288","1522","1522","1522","36329","36329","36329","1532","1532","1532"
"299","36415","36415","36415","1497","1497","1497","36409","36409","36409","1683","1683","1683","36506","36506","36506","1590","1590","1590","36292","36292","36292","1580","1580","1580","36333","36333","36333","1611","1611","1611"
"300","36419","36419","36419","1169","1169","1169","36413","36413","36413","1315","1315","1315","36510","36510","36510","1057","1057","1057","36296","36296","36296","1329","1329","1329","36337","36337","36337","1284","1284","1284"
"301","36423","36423","36423","1233","1233","1233","36417","36417","36417","1189","1189","1189","36514","36514","36514","1198","1198","1198","36300","36300","36300","1085","1085","1085","36341","36341","36341","1157","1157","1157"
"302","36427","36427","36427","1219","1219","1219","36421","36421","36421","1166","1166","1166","36518","36518","36518","1191","1191","1191","36304","36304","36304","1167","1167","1167","36345","36345","36345","1164","1164","1164"
"303","36431","36431","36431","1231","1231","1231","36425","36425","36425","1371","1371","1371","36522","36522","36522","1124","1124","1124","36308","36308","36308","1186","1186","1186","36349","36349","36349","1502","1502","1502"
"304","36435","36435","36435","1007","1007","1007","36429","36429","36429","1149","1149","1149","36526","36526","36526","1125","1125","1125","36312","36312","36312","1121","1121","1121","36353","36353","36353","1122","1122","1122"
"305","36439","36439","36439","1111","1111","1111","36433","36433","36433","1144","1144","1144","36530","36530","36530","1118","1118","1118","36316","36316","36316","1165","1165","1165","36357","36357","36357","1140","1140","1140"
"306","37482","37482","37482","1743","1743","1743","37469","37469","37469","1903","1903","1903","37567","37567","37567","1688","1688","1688","37352","37352","37352","1933","1933","1933","37393","37393","37393","1827","1827","1827"
"307","37486","37486","37486","1483","1483","1483","37473","37473","37473","1542","1542","1542","37571","37571","37571","1628","1628","1628","37356","37356","37356","1520","1520","1520","37397","37397","37397","1468","1468","1468"
"308","37490","37490","37490","1464","1464","1464","37477","37477","37477","1557","1557","1557","37575","37575","37575","1549","1549","1549","37360","37360","37360","1522","1522","1522","37401","37401","37401","1522","1522","1522"
"309","37494","37494","37494","1488","1488","1488","37481","37481","37481","1403","1403","1403","37579","37579","37579","1192","1192","1192","37364","37364","37364","1294","1294","1294","37405","37405","37405","1353","1353","1353"
"310","37498","37498","37498","1238","1238","1238","37485","37485","37485","1161","1161","1161","37583","37583","37583","1199","1199","1199","37368","37368","37368","1147","1147","1147","37409","37409","37409","1179","1179","1179"
"311","37502","37502","37502","1217","1217","1217","37489","37489","37489","1186","1186","1186","37587","37587","37587","1156","1156","1156","37372","37372","37372","1151","1151","1151","37413","37413","37413","1151","1151","1151"
"312","37506","37506","37506","1158","1158","1158","37493","37493","37493","1388","1388","1388","37591","37591","37591","1309","1309","1309","37376","37376","37376","1509","1509","1509","37417","37417","37417","1427","1427","1427"
"313","37510","37510","37510","1123","1123","1123","37497","37497","37497","1007","1007","1007","37595","37595","37595","1146","1146","1146","37380","37380","37380","1124","1124","1124","37421","37421","37421","1003","1003","1003"
"314","37514","37514","37514","1133","1133","1133","37501","37501","37501","1151","1151","1151","37599","37599","37599","1151","1151","1151","37384","37384","37384","1114","1114","1114","37425","37425","37425","1142","1142","1142"
"315","38550","38550","38550","1656","1656","1656","38542","38542","38542","2039","2039","2039","38638","38638","38638","1756","1756","1756","38420","38420","38420","1764","1764","1764","38461","38461","38461","1754","1754","1754"
"316","38554","38554","38554","1495","1495","1495","38546","38546","38546","1734","1734","1734","38642","38642","38642","1647","1647","1647","38424","38424","38424","1730","1730","1730","38465","38465","38465","1589","1589","1589"
"317","38558","38558","38558","1607","1607","1607","38550","38550","38550","1514","1514","1514","38646","38646","38646","1604","1604","1604","38428","38428","38428","1511","1511","1511","38469","38469","38469","1553","1553","1553"
"318","38562","38562","38562","1460","1460","1460","38554","38554","38554","1532","1532","1532","38650","38650","38650","1281","1281","1281","38432","38432","38432","1419","1419","1419","38473","38473","38473","1329","1329","1329"
"319","38566","38566","38566","1209","1209","1209","38558","38558","38558","1178","1178","1178","38654","38654","38654","1308","1308","1308","38436","38436","38436","1154","1154","1154","38477","38477","38477","1174","1174","1174"
"320","38570","38570","38570","1180","1180","1180","38562","38562","38562","1175","1175","1175","38658","38658","38658","1192","1192","1192","38440","38440","38440","1173","1173","1173","38481","38481","38481","1155","1155","1155"
"321","38574","38574","38574","1133","1133","1133","38566","38566","38566","1292","1292","1292","38662","38662","38662","1262","1262","1262","38444","38444","38444","1392","1392","1392","38485","38485","38485","1485","1485","1485"
"322","38578","38578","38578","1109","1109","1109","38570","38570","38570","1138","1138","1138","38666","38666","38666","1145","1145","1145","38448","38448","38448","1146","1146","1146","38489","38489","38489","1100","1100","1100"
"323","38582","38582","38582","1125","1125","1125","38574","38574","38574","1107","1107","1107","38670","38670","38670","1144","1144","1144","38452","38452","38452","1107","1107","1107","38493","38493","38493","1150","1150","1150"
"324","39620","39620","39620","1664","1664","1664","39611","39611","39611","1871","1871","1871","39707","39707","39707","1786","1786","1786","39488","39488","39488","1952","1952","1952","39529","39529","39529","1917","1917","1917"
"325","39624","39624","39624","1529","1529","1529","39615","39615","39615","1542","1542","1542","39711","39711","39711","1516","1516","1516","39492","39492","39492","1757","1757","1757","39533","39533","39533","1675","1675","1675"
"326","39628","39628","39628","1602","1602","1602","39619","39619","39619","1742","1742","1742","39715","39715","39715","1651","1651","1651","39496","39496","39496","1561","1561","1561","39537","39537","39537","1606","1606","1606"
"327","39632","39632","39632","1451","1451","1451","39623","39623","39623","1320","1320","1320","39719","39719","39719","1311","1311","1311","39500","39500","39500","1281","1281","1281","39541","39541","39541","1227","1227","1227"
"328","39636","39636","39636","1197","1197","1197","39627","39627","39627","1168","1168","1168","39723","39723","39723","1178","1178","1178","39504","39504","39504","1159","1159","1159","39545","39545","39545","1102","1102","1102"
"329","39640","39640","39640","1203","1203","1203","39631","39631","39631","1168","1168","1168","39727","39727","39727","1171","1171","1171","39508","39508","39508","1162","1162","1162","39549","39549","39549","1155","1155","1155"
"330","39644","39644","39644","1134","1134","1134","39635","39635","39635","1243","1243","1243","39731","39731","39731","1135","1135","1135","39512","39512","39512","1042","1042","1042","39553","39553","39553","1493","1493","1493"
"331","39648","39648","39648","1017","1017","1017","39639","39639","39639","1137","1137","1137","39735","39735","39735","1104","1104","1104","39516","39516","39516","1147","1147","1147","39557","39557","39557","1124","1124","1124"
"332","39652","39652","39652","1162","1162","1162","39643","39643","39643","1141","1141","1141","39739","39739","39739","1136","1136","1136","39520","39520","39520","1132","1132","1132","39561","39561","39561","1157","1157","1157"
"333","40688","40688","40688","1671","1671","1671","40679","40679","40679","1826","1826","1826","40776","40776","40776","1814","1814","1814","40557","40557","40557","1774","1774","1774","40598","40598","40598","1926","1926","1926"
"334","40692","40692","40692","1486","1486","1486","40683","40683","40683","1679","1679","1679","40780","40780","40780","1510","1510","1510","40561","40561","40561","1736","1736","1736","40602","40602","40602","1612","1612","1612"
"335","40696","40696","40696","1534","1534","1534","40687","40687","40687","1539","1539","1539","40784","40784","40784","1498","1498","1498","40565","40565","40565","1648","1648","1648","40606","40606","40606","1633","1633","1633"
"336","40700","40700","40700","1186","1186","1186","40691","40691","40691","1386","1386","1386","40788","40788","40788","1312","1312","1312","40569","40569","40569","1275","1275","1275","40610","40610","40610","1067","1067","1067"
"337","40704","40704","40704","1222","1222","1222","40695","40695","40695","1103","1103","1103","40792","40792","40792","1201","1201","1201","40573","40573","40573","1090","1090","1090","40614","40614","40614","1141","1141","1141"
"338","40708","40708","40708","1214","1214","1214","40699","40699","40699","1185","1185","1185","40796","40796","40796","1181","1181","1181","40577","40577","40577","1134","1134","1134","40618","40618","40618","1151","1151","1151"
"339","40712","40712","40712","1148","1148","1148","40703","40703","40703","1360","1360","1360","40800","40800","40800","1118","1118","1118","40581","40581","40581","1009","1009","1009","40622","40622","40622","1260","1260","1260"
"340","40716","40716","40716","1142","1142","1142","40707","40707","40707","1118","1118","1118","40804","40804","40804","1147","1147","1147","40585","40585","40585","1118","1118","1118","40626","40626","40626","1144","1144","1144"
"341","40720","40720","40720","1166","1166","1166","40711","40711","40711","1107","1107","1107","40808","40808","40808","1009","1009","1009","40589","40589","40589","1142","1142","1142","40630","40630","40630","1151","1151","1151"
"342","41757","41757","41757","1740","1740","1740","41747","41747","41747","1756","1756","1756","41846","41846","41846","1786","1786","1786","41625","41625","41625","1902","1902","1902","41666","41666","41666","1721","1721","1721"
"343","41761","41761","41761","1551","1551","1551","41751","41751","41751","1674","1674","1674","41850","41850","41850","1602","1602","1602","41629","41629","41629","1638","1638","1638","41670","41670","41670","1687","1687","1687"
"344","41765","41765","41765","1487","1487","1487","41755","41755","41755","1729","1729","1729","41854","41854","41854","1611","1611","1611","41633","41633","41633","1480","1480","1480","41674","41674","41674","1606","1606","1606"
"345","41769","41769","41769","1449","1449","1449","41759","41759","41759","1156","1156","1156","41858","41858","41858","1395","1395","1395","41637","41637","41637","1354","1354","1354","41678","41678","41678","1528","1528","1528"
"346","41777","41777","41777","1264","1264","1264","41763","41763","41763","1160","1160","1160","41862","41862","41862","1173","1173","1173","41641","41641","41641","1162","1162","1162","41682","41682","41682","1178","1178","1178"
"347","41781","41781","41781","1215","1215","1215","41767","41767","41767","1195","1195","1195","41866","41866","41866","1276","1276","1276","41645","41645","41645","1139","1139","1139","41686","41686","41686","1151","1151","1151"
"348","41785","41785","41785","1134","1134","1134","41771","41771","41771","1256","1256","1256","41870","41870","41870","1050","1050","1050","41649","41649","41649","1002","1002","1002","41690","41690","41690","1509","1509","1509"
"349","41789","41789","41789","1120","1120","1120","41775","41775","41775","1145","1145","1145","41874","41874","41874","1059","1059","1059","41653","41653","41653","1116","1116","1116","41694","41694","41694","1142","1142","1142"
"350","41793","41793","41793","1130","1130","1130","41779","41779","41779","1123","1123","1123","41878","41878","41878","1140","1140","1140","41657","41657","41657","1138","1138","1138","41698","41698","41698","1128","1128","1128"
"351","42833","42833","42833","1717","1717","1717","42815","42815","42815","1910","1910","1910","42915","42915","42915","1735","1735","1735","42693","42693","42693","1863","1863","1863","42744","42744","42744","1714","1714","1714"
"352","42837","42837","42837","1505","1505","1505","42819","42819","42819","1787","1787","1787","42919","42919","42919","1651","1651","1651","42697","42697","42697","1745","1745","1745","42748","42748","42748","1774","1774","1774"
"353","42841","42841","42841","1507","1507","1507","42823","42823","42823","1708","1708","1708","42923","42923","42923","1665","1665","1665","42701","42701","42701","1636","1636","1636","42752","42752","42752","1587","1587","1587"
"354","42845","42845","42845","1117","1117","1117","42827","42827","42827","1322","1322","1322","42927","42927","42927","1375","1375","1375","42705","42705","42705","1295","1295","1295","42756","42756","42756","1444","1444","1444"
"355","42849","42849","42849","1207","1207","1207","42831","42831","42831","1166","1166","1166","42931","42931","42931","1111","1111","1111","42709","42709","42709","1157","1157","1157","42760","42760","42760","1169","1169","1169"
"356","42853","42853","42853","1210","1210","1210","42835","42835","42835","1179","1179","1179","42935","42935","42935","1161","1161","1161","42713","42713","42713","1147","1147","1147","42764","42764","42764","1149","1149","1149"
"357","42857","42857","42857","1157","1157","1157","42839","42839","42839","1338","1338","1338","42939","42939","42939","1120","1120","1120","42717","42717","42717","1040","1040","1040","42768","42768","42768","1268","1268","1268"
"358","42861","42861","42861","1118","1118","1118","42843","42843","42843","1114","1114","1114","42943","42943","42943","949","949","949","42721","42721","42721","1120","1120","1120","42772","42772","42772","1119","1119","1119"
"359","42865","42865","42865","1117","1117","1117","42847","42847","42847","1150","1150","1150","42947","42947","42947","1143","1143","1143","42725","42725","42725","1138","1138","1138","42776","42776","42776","1150","1150","1150"
"360","43901","43901","43901","1606","1606","1606","43889","43889","43889","1770","1770","1770","43984","43984","43984","1773","1773","1773","43762","43762","43762","1672","1672","1672","43818","43818","43818","1792","1792","1792"
"361","43905","43905","43905","1621","1621","1621","43893","43893","43893","1542","1542","1542","43988","43988","43988","1615","1615","1615","43766","43766","43766","1704","1704","1704","43822","43822","43822","1751","1751","1751"
"362","43909","43909","43909","1498","1498","1498","43897","43897","43897","1767","1767","1767","43992","43992","43992","1636","1636","1636","43770","43770","43770","1504","1504","1504","43826","43826","43826","1559","1559","1559"
"363","43913","43913","43913","1457","1457","1457","43901","43901","43901","1152","1152","1152","43996","43996","43996","1163","1163","1163","43774","43774","43774","1048","1048","1048","43830","43830","43830","1407","1407","1407"
"364","43917","43917","43917","1216","1216","1216","43905","43905","43905","1165","1165","1165","44000","44000","44000","1208","1208","1208","43778","43778","43778","1139","1139","1139","43834","43834","43834","1162","1162","1162"
"365","43921","43921","43921","1208","1208","1208","43909","43909","43909","1154","1154","1154","44004","44004","44004","1183","1183","1183","43782","43782","43782","1157","1157","1157","43838","43838","43838","1186","1186","1186"
"366","43925","43925","43925","1145","1145","1145","43913","43913","43913","978","978","978","44008","44008","44008","1073","1073","1073","43786","43786","43786","1168","1168","1168","43842","43842","43842","1517","1517","1517"
"367","43929","43929","43929","1124","1124","1124","43917","43917","43917","1123","1123","1123","44012","44012","44012","1121","1121","1121","43790","43790","43790","1012","1012","1012","43846","43846","43846","1139","1139","1139"
"368","43933","43933","43933","1126","1126","1126","43921","43921","43921","1138","1138","1138","44016","44016","44016","1137","1137","1137","43794","43794","43794","1135","1135","1135","43850","43850","43850","1155","1155","1155"
"369","44969","44969","44969","1633","1633","1633","44957","44957","44957","1731","1731","1731","45054","45054","45054","1780","1780","1780","44830","44830","44830","1793","1793","1793","44886","44886","44886","1810","1810","1810"
"370","44973","44973","44973","1488","1488","1488","44961","44961","44961","1614","1614","1614","45058","45058","45058","1552","1552","1552","44834","44834","44834","1530","1530","1530","44890","44890","44890","1576","1576","1576"
"371","44977","44977","44977","1498","1498","1498","44965","44965","44965","1510","1510","1510","45062","45062","45062","1481","1481","1481","44838","44838","44838","1527","1527","1527","44894","44894","44894","1611","1611","1611"
"372","44981","44981","44981","1565","1565","1565","44969","44969","44969","1406","1406","1406","45066","45066","45066","1169","1169","1169","44842","44842","44842","1238","1238","1238","44898","44898","44898","1453","1453","1453"
"373","44985","44985","44985","1297","1297","1297","44973","44973","44973","1182","1182","1182","45070","45070","45070","1181","1181","1181","44846","44846","44846","1161","1161","1161","44902","44902","44902","1107","1107","1107"
"374","44989","44989","44989","1206","1206","1206","44977","44977","44977","1171","1171","1171","45074","45074","45074","1198","1198","1198","44850","44850","44850","1157","1157","1157","44906","44906","44906","1157","1157","1157"
"375","44993","44993","44993","1242","1242","1242","44981","44981","44981","1015","1015","1015","45078","45078","45078","1184","1184","1184","44854","44854","44854","1011","1011","1011","44910","44910","44910","1583","1583","1583"
"376","44997","44997","44997","1100","1100","1100","44985","44985","44985","1114","1114","1114","45082","45082","45082","1136","1136","1136","44858","44858","44858","964","964","964","44914","44914","44914","1162","1162","1162"
"377","45001","45001","45001","1118","1118","1118","44989","44989","44989","1165","1165","1165","45086","45086","45086","1024","1024","1024","44862","44862","44862","1148","1148","1148","44918","44918","44918","1099","1099","1099"
"378","46037","46037","46037","1723","1723","1723","46025","46025","46025","1831","1831","1831","46128","46128","46128","1787","1787","1787","45903","45903","45903","1768","1768","1768","45954","45954","45954","1761","1761","1761"
"379","46041","46041","46041","1486","1486","1486","46029","46029","46029","1520","1520","1520","46132","46132","46132","1444","1444","1444","45907","45907","45907","1626","1626","1626","45958","45958","45958","1600","1600","1600"
"380","46045","46045","46045","1622","1622","1622","46033","46033","46033","1689","1689","1689","46136","46136","46136","1460","1460","1460","45911","45911","45911","1434","1434","1434","45962","45962","45962","1502","1502","1502"
"381","46049","46049","46049","1450","1450","1450","46037","46037","46037","1247","1247","1247","46140","46140","46140","1174","1174","1174","45915","45915","45915","1310","1310","1310","45966","45966","45966","1380","1380","1380"
"382","46053","46053","46053","1235","1235","1235","46041","46041","46041","1164","1164","1164","46144","46144","46144","1161","1161","1161","45919","45919","45919","1161","1161","1161","45970","45970","45970","1059","1059","1059"
"383","46057","46057","46057","1197","1197","1197","46045","46045","46045","1174","1174","1174","46148","46148","46148","1142","1142","1142","45923","45923","45923","1163","1163","1163","45974","45974","45974","1137","1137","1137"
"384","46061","46061","46061","1124","1124","1124","46049","46049","46049","1294","1294","1294","46152","46152","46152","1254","1254","1254","45927","45927","45927","1043","1043","1043","45978","45978","45978","1303","1303","1303"
"385","46065","46065","46065","1108","1108","1108","46053","46053","46053","1157","1157","1157","46156","46156","46156","1057","1057","1057","45931","45931","45931","1138","1138","1138","45982","45982","45982","1114","1114","1114"
"386","46069","46069","46069","1114","1114","1114","46057","46057","46057","1158","1158","1158","46160","46160","46160","1120","1120","1120","45935","45935","45935","1138","1138","1138","45986","45986","45986","1150","1150","1150"
"387","47106","47106","47106","1619","1619","1619","47094","47094","47094","1754","1754","1754","47202","47202","47202","1753","1753","1753","46972","46972","46972","1768","1768","1768","47033","47033","47033","1947","1947","1947"
"388","47110","47110","47110","1516","1516","1516","47098","47098","47098","1500","1500","1500","47206","47206","47206","1597","1597","1597","46976","46976","46976","1999","1999","1999","47037","47037","47037","1562","1562","1562"
"389","47114","47114","47114","1512","1512","1512","47102","47102","47102","1667","1667","1667","47210","47210","47210","1488","1488","1488","46980","46980","46980","1669","1669","1669","47041","47041","47041","1520","1520","1520"
"390","47118","47118","47118","1444","1444","1444","47106","47106","47106","1315","1315","1315","47214","47214","47214","1488","1488","1488","46984","46984","46984","1277","1277","1277","47045","47045","47045","1254","1254","1254"
"391","47122","47122","47122","1233","1233","1233","47110","47110","47110","1175","1175","1175","47218","47218","47218","1180","1180","1180","46988","46988","46988","1199","1199","1199","47049","47049","47049","1082","1082","1082"
"392","47126","47126","47126","1186","1186","1186","47114","47114","47114","1169","1169","1169","47222","47222","47222","1151","1151","1151","46992","46992","46992","1285","1285","1285","47053","47053","47053","1156","1156","1156"
"393","47130","47130","47130","1135","1135","1135","47118","47118","47118","1209","1209","1209","47226","47226","47226","1127","1127","1127","46996","46996","46996","1091","1091","1091","47057","47057","47057","1435","1435","1435"
"394","47134","47134","47134","1131","1131","1131","47122","47122","47122","1140","1140","1140","47230","47230","47230","1137","1137","1137","47000","47000","47000","1153","1153","1153","47061","47061","47061","1135","1135","1135"
"395","47138","47138","47138","1148","1148","1148","47126","47126","47126","1131","1131","1131","47234","47234","47234","1105","1105","1105","47004","47004","47004","1148","1148","1148","47065","47065","47065","1117","1117","1117"
"396","48175","48175","48175","1731","1731","1731","48162","48162","48162","1777","1777","1777","48276","48276","48276","1708","1708","1708","48039","48039","48039","1766","1766","1766","48101","48101","48101","1822","1822","1822"
"397","48179","48179","48179","1459","1459","1459","48166","48166","48166","1543","1543","1543","48280","48280","48280","1515","1515","1515","48043","48043","48043","1601","1601","1601","48105","48105","48105","1596","1596","1596"
"398","48183","48183","48183","1465","1465","1465","48170","48170","48170","1487","1487","1487","48284","48284","48284","1451","1451","1451","48047","48047","48047","1593","1593","1593","48109","48109","48109","1999","1999","1999"
"399","48187","48187","48187","1447","1447","1447","48174","48174","48174","1154","1154","1154","48288","48288","48288","1301","1301","1301","48051","48051","48051","1321","1321","1321","48113","48113","48113","1359","1359","1359"
"400","48191","48191","48191","1218","1218","1218","48178","48178","48178","1178","1178","1178","48292","48292","48292","1173","1173","1173","48055","48055","48055","1170","1170","1170","48117","48117","48117","1095","1095","1095"
"401","48195","48195","48195","1207","1207","1207","48182","48182","48182","1177","1177","1177","48296","48296","48296","1157","1157","1157","48059","48059","48059","1175","1175","1175","48121","48121","48121","1176","1176","1176"
"402","48199","48199","48199","1175","1175","1175","48186","48186","48186","1253","1253","1253","48300","48300","48300","1133","1133","1133","48063","48063","48063","1095","1095","1095","48125","48125","48125","1423","1423","1423"
"403","48203","48203","48203","1117","1117","1117","48190","48190","48190","1129","1129","1129","48304","48304","48304","1132","1132","1132","48067","48067","48067","1157","1157","1157","48129","48129","48129","1117","1117","1117"
"404","48207","48207","48207","1107","1107","1107","48194","48194","48194","1149","1149","1149","48308","48308","48308","1119","1119","1119","48071","48071","48071","1145","1145","1145","48133","48133","48133","1110","1110","1110"
"405","49243","49243","49243","1739","1739","1739","49230","49230","49230","1807","1807","1807","49345","49345","49345","1824","1824","1824","49112","49112","49112","1774","1774","1774","49168","49168","49168","1812","1812","1812"
"406","49247","49247","49247","1404","1404","1404","49234","49234","49234","1581","1581","1581","49349","49349","49349","1473","1473","1473","49116","49116","49116","1632","1632","1632","49172","49172","49172","1611","1611","1611"
"407","49251","49251","49251","1645","1645","1645","49238","49238","49238","1473","1473","1473","49353","49353","49353","1455","1455","1455","49120","49120","49120","1420","1420","1420","49176","49176","49176","1590","1590","1590"
"408","49255","49255","49255","1446","1446","1446","49242","49242","49242","1276","1276","1276","49357","49357","49357","1167","1167","1167","49124","49124","49124","1799","1799","1799","49180","49180","49180","1163","1163","1163"
"409","49259","49259","49259","1179","1179","1179","49246","49246","49246","1198","1198","1198","49361","49361","49361","1107","1107","1107","49128","49128","49128","1105","1105","1105","49184","49184","49184","1221","1221","1221"
"410","49263","49263","49263","1220","1220","1220","49250","49250","49250","1184","1184","1184","49365","49365","49365","1160","1160","1160","49132","49132","49132","1150","1150","1150","49188","49188","49188","1159","1159","1159"
"411","49267","49267","49267","1135","1135","1135","49254","49254","49254","1017","1017","1017","49369","49369","49369","1127","1127","1127","49136","49136","49136","1129","1129","1129","49192","49192","49192","1295","1295","1295"
"412","49271","49271","49271","1125","1125","1125","49258","49258","49258","1009","1009","1009","49373","49373","49373","1152","1152","1152","49140","49140","49140","1143","1143","1143","49196","49196","49196","1125","1125","1125"
"413","49275","49275","49275","1131","1131","1131","49262","49262","49262","1150","1150","1150","49377","49377","49377","1143","1143","1143","49144","49144","49144","1152","1152","1152","49200","49200","49200","1132","1132","1132"
"414","50311","50311","50311","1615","1615","1615","50298","50298","50298","1803","1803","1803","50413","50413","50413","1699","1699","1699","50184","50184","50184","1924","1924","1924","50237","50237","50237","1865","1865","1865"
"415","50315","50315","50315","1497","1497","1497","50302","50302","50302","1521","1521","1521","50417","50417","50417","1564","1564","1564","50188","50188","50188","1626","1626","1626","50241","50241","50241","1615","1615","1615"
"416","50319","50319","50319","1462","1462","1462","50306","50306","50306","1528","1528","1528","50421","50421","50421","1611","1611","1611","50192","50192","50192","1499","1499","1499","50245","50245","50245","1496","1496","1496"
"417","50323","50323","50323","1207","1207","1207","50310","50310","50310","1408","1408","1408","50425","50425","50425","1192","1192","1192","50196","50196","50196","1101","1101","1101","50249","50249","50249","1358","1358","1358"
"418","50327","50327","50327","1249","1249","1249","50314","50314","50314","1155","1155","1155","50429","50429","50429","1170","1170","1170","50200","50200","50200","1157","1157","1157","50253","50253","50253","1186","1186","1186"
"419","50331","50331","50331","1176","1176","1176","50318","50318","50318","1194","1194","1194","50433","50433","50433","1186","1186","1186","50204","50204","50204","1165","1165","1165","50257","50257","50257","1159","1159","1159"
"420","50335","50335","50335","1175","1175","1175","50322","50322","50322","1517","1517","1517","50437","50437","50437","1251","1251","1251","50208","50208","50208","990","990","990","50261","50261","50261","1438","1438","1438"
"421","50339","50339","50339","1115","1115","1115","50326","50326","50326","1129","1129","1129","50441","50441","50441","1133","1133","1133","50212","50212","50212","1137","1137","1137","50265","50265","50265","1114","1114","1114"
"422","50343","50343","50343","1119","1119","1119","50330","50330","50330","1153","1153","1153","50445","50445","50445","1144","1144","1144","50216","50216","50216","1112","1112","1112","50269","50269","50269","1144","1144","1144"
"423","51379","51379","51379","1715","1715","1715","51372","51372","51372","1987","1987","1987","51482","51482","51482","1681","1681","1681","51252","51252","51252","1813","1813","1813","51305","51305","51305","1751","1751","1751"
"424","51383","51383","51383","1505","1505","1505","51376","51376","51376","1665","1665","1665","51486","51486","51486","1529","1529","1529","51256","51256","51256","1616","1616","1616","51309","51309","51309","1607","1607","1607"
"425","51387","51387","51387","1659","1659","1659","51380","51380","51380","1757","1757","1757","51490","51490","51490","1635","1635","1635","51260","51260","51260","1529","1529","1529","51313","51313","51313","1618","1618","1618"
"426","51391","51391","51391","1163","1163","1163","51384","51384","51384","1254","1254","1254","51494","51494","51494","1240","1240","1240","51264","51264","51264","1341","1341","1341","51317","51317","51317","1452","1452","1452"
"427","51395","51395","51395","1160","1160","1160","51388","51388","51388","1170","1170","1170","51498","51498","51498","1177","1177","1177","51268","51268","51268","1208","1208","1208","51321","51321","51321","1103","1103","1103"
"428","51399","51399","51399","1186","1186","1186","51392","51392","51392","1173","1173","1173","51502","51502","51502","1157","1157","1157","51272","51272","51272","1180","1180","1180","51325","51325","51325","1147","1147","1147"
"429","51403","51403","51403","1094","1094","1094","51396","51396","51396","1224","1224","1224","51506","51506","51506","1131","1131","1131","51276","51276","51276","1213","1213","1213","51329","51329","51329","1293","1293","1293"
"430","51407","51407","51407","1125","1125","1125","51400","51400","51400","1142","1142","1142","51510","51510","51510","1129","1129","1129","51280","51280","51280","1148","1148","1148","51333","51333","51333","1125","1125","1125"
"431","51411","51411","51411","1118","1118","1118","51404","51404","51404","1155","1155","1155","51514","51514","51514","1143","1143","1143","51284","51284","51284","1149","1149","1149","51337","51337","51337","1122","1122","1122"
"432","52448","52448","52448","1740","1740","1740","52441","52441","52441","1905","1905","1905","52551","52551","52551","1812","1812","1812","52321","52321","52321","1682","1682","1682","52374","52374","52374","1841","1841","1841"
"433","52452","52452","52452","1575","1575","1575","52445","52445","52445","1537","1537","1537","52555","52555","52555","1444","1444","1444","52325","52325","52325","1611","1611","1611","52378","52378","52378","1541","1541","1541"
"434","52456","52456","52456","1476","1476","1476","52449","52449","52449","1654","1654","1654","52559","52559","52559","1558","1558","1558","52329","52329","52329","1638","1638","1638","52382","52382","52382","1617","1617","1617"
"435","52460","52460","52460","1450","1450","1450","52453","52453","52453","1389","1389","1389","52563","52563","52563","1291","1291","1291","52333","52333","52333","1095","1095","1095","52386","52386","52386","1430","1430","1430"
"436","52464","52464","52464","1187","1187","1187","52457","52457","52457","1167","1167","1167","52567","52567","52567","1226","1226","1226","52337","52337","52337","1161","1161","1161","52390","52390","52390","1173","1173","1173"
"437","52468","52468","52468","1192","1192","1192","52461","52461","52461","1176","1176","1176","52571","52571","52571","1161","1161","1161","52341","52341","52341","1152","1152","1152","52394","52394","52394","1173","1173","1173"
"438","52472","52472","52472","1208","1208","1208","52465","52465","52465","1362","1362","1362","52575","52575","52575","1130","1130","1130","52345","52345","52345","1109","1109","1109","52398","52398","52398","1534","1534","1534"
"439","52476","52476","52476","1130","1130","1130","52469","52469","52469","1150","1150","1150","52579","52579","52579","1138","1138","1138","52349","52349","52349","1132","1132","1132","52402","52402","52402","1145","1145","1145"
"440","52480","52480","52480","1119","1119","1119","52473","52473","52473","1132","1132","1132","52583","52583","52583","1139","1139","1139","52353","52353","52353","1139","1139","1139","52406","52406","52406","1127","1127","1127"
"441","53516","53516","53516","1734","1734","1734","53509","53509","53509","1802","1802","1802","53620","53620","53620","1770","1770","1770","53389","53389","53389","1778","1778","1778","53442","53442","53442","1926","1926","1926"
"442","53520","53520","53520","1536","1536","1536","53513","53513","53513","1617","1617","1617","53624","53624","53624","1506","1506","1506","53393","53393","53393","1516","1516","1516","53446","53446","53446","1552","1552","1552"
"443","53524","53524","53524","1479","1479","1479","53517","53517","53517","1549","1549","1549","53628","53628","53628","1510","1510","1510","53397","53397","53397","1476","1476","1476","53450","53450","53450","1515","1515","1515"
"444","53528","53528","53528","1449","1449","1449","53521","53521","53521","1305","1305","1305","53632","53632","53632","1506","1506","1506","53401","53401","53401","1238","1238","1238","53454","53454","53454","1219","1219","1219"
"445","53532","53532","53532","1178","1178","1178","53525","53525","53525","1087","1087","1087","53636","53636","53636","1108","1108","1108","53405","53405","53405","1499","1499","1499","53458","53458","53458","1165","1165","1165"
"446","53536","53536","53536","1186","1186","1186","53529","53529","53529","1166","1166","1166","53640","53640","53640","1181","1181","1181","53409","53409","53409","1157","1157","1157","53462","53462","53462","1164","1164","1164"
"447","53540","53540","53540","1133","1133","1133","53533","53533","53533","1218","1218","1218","53644","53644","53644","1218","1218","1218","53413","53413","53413","1081","1081","1081","53466","53466","53466","1446","1446","1446"
"448","53544","53544","53544","1122","1122","1122","53537","53537","53537","1148","1148","1148","53648","53648","53648","1131","1131","1131","53417","53417","53417","1142","1142","1142","53470","53470","53470","1127","1127","1127"
"449","53548","53548","53548","1117","1117","1117","53541","53541","53541","1167","1167","1167","53652","53652","53652","1150","1150","1150","53421","53421","53421","1160","1160","1160","53474","53474","53474","1102","1102","1102"
"450","54590","54590","54590","1734","1734","1734","54577","54577","54577","1813","1813","1813","54694","54694","54694","1638","1638","1638","54457","54457","54457","1745","1745","1745","54510","54510","54510","1822","1822","1822"
"451","54594","54594","54594","1497","1497","1497","54581","54581","54581","1563","1563","1563","54698","54698","54698","1632","1632","1632","54461","54461","54461","1509","1509","1509","54514","54514","54514","1547","1547","1547"
"452","54598","54598","54598","1613","1613","1613","54585","54585","54585","1538","1538","1538","54702","54702","54702","1449","1449","1449","54465","54465","54465","1506","1506","1506","54518","54518","54518","1525","1525","1525"
"453","54602","54602","54602","1087","1087","1087","54589","54589","54589","1403","1403","1403","54706","54706","54706","1483","1483","1483","54469","54469","54469","1429","1429","1429","54522","54522","54522","1460","1460","1460"
"454","54606","54606","54606","1190","1190","1190","54593","54593","54593","1160","1160","1160","54710","54710","54710","1164","1164","1164","54473","54473","54473","1159","1159","1159","54526","54526","54526","1103","1103","1103"
"455","54610","54610","54610","1201","1201","1201","54597","54597","54597","1185","1185","1185","54714","54714","54714","1189","1189","1189","54477","54477","54477","1170","1170","1170","54530","54530","54530","1161","1161","1161"
"456","54614","54614","54614","1061","1061","1061","54601","54601","54601","1292","1292","1292","54718","54718","54718","1150","1150","1150","54481","54481","54481","1097","1097","1097","54534","54534","54534","1507","1507","1507"
"457","54618","54618","54618","1138","1138","1138","54605","54605","54605","1132","1132","1132","54722","54722","54722","1148","1148","1148","54485","54485","54485","1136","1136","1136","54538","54538","54538","1140","1140","1140"
"458","54622","54622","54622","1163","1163","1163","54609","54609","54609","1163","1163","1163","54726","54726","54726","1141","1141","1141","54489","54489","54489","1145","1145","1145","54542","54542","54542","1135","1135","1135"
"459","55658","55658","55658","1740","1740","1740","55650","55650","55650","1922","1922","1922","55762","55762","55762","1667","1667","1667","55525","55525","55525","1773","1773","1773","55578","55578","55578","1924","1924","1924"
"460","55662","55662","55662","1423","1423","1423","55654","55654","55654","1625","1625","1625","55766","55766","55766","1655","1655","1655","55529","55529","55529","1533","1533","1533","55582","55582","55582","1621","1621","1621"
"461","55666","55666","55666","1623","1623","1623","55658","55658","55658","1495","1495","1495","55770","55770","55770","1551","1551","1551","55533","55533","55533","1426","1426","1426","55586","55586","55586","1628","1628","1628"
"462","55670","55670","55670","1262","1262","1262","55662","55662","55662","1263","1263","1263","55774","55774","55774","1489","1489","1489","55537","55537","55537","1337","1337","1337","55590","55590","55590","1355","1355","1355"
"463","55674","55674","55674","1202","1202","1202","55666","55666","55666","1210","1210","1210","55778","55778","55778","1163","1163","1163","55541","55541","55541","1191","1191","1191","55594","55594","55594","1144","1144","1144"
"464","55678","55678","55678","1203","1203","1203","55670","55670","55670","1181","1181","1181","55782","55782","55782","1181","1181","1181","55545","55545","55545","1169","1169","1169","55598","55598","55598","1167","1167","1167"
"465","55682","55682","55682","1239","1239","1239","55674","55674","55674","1137","1137","1137","55786","55786","55786","1363","1363","1363","55549","55549","55549","1162","1162","1162","55602","55602","55602","1516","1516","1516"
"466","55686","55686","55686","1123","1123","1123","55678","55678","55678","1123","1123","1123","55790","55790","55790","1147","1147","1147","55553","55553","55553","1147","1147","1147","55606","55606","55606","1009","1009","1009"
"467","55690","55690","55690","1100","1100","1100","55682","55682","55682","1142","1142","1142","55794","55794","55794","1133","1133","1133","55557","55557","55557","1134","1134","1134","55610","55610","55610","1137","1137","1137"
"468","56726","56726","56726","1826","1826","1826","56719","56719","56719","1756","1756","1756","56831","56831","56831","1626","1626","1626","56593","56593","56593","1805","1805","1805","56647","56647","56647","1808","1808","1808"
"469","56730","56730","56730","1637","1637","1637","56723","56723","56723","1562","1562","1562","56835","56835","56835","1580","1580","1580","56597","56597","56597","1522","1522","1522","56651","56651","56651","1499","1499","1499"
"470","56734","56734","56734","1501","1501","1501","56727","56727","56727","1559","1559","1559","56839","56839","56839","1597","1597","1597","56601","56601","56601","1572","1572","1572","56655","56655","56655","1637","1637","1637"
"471","56738","56738","56738","1160","1160","1160","56731","56731","56731","1370","1370","1370","56843","56843","56843","1511","1511","1511","56605","56605","56605","1097","1097","1097","56659","56659","56659","1255","1255","1255"
"472","56742","56742","56742","1192","1192","1192","56735","56735","56735","1167","1167","1167","56847","56847","56847","1169","1169","1169","56609","56609","56609","1147","1147","1147","56663","56663","56663","1163","1163","1163"
"473","56746","56746","56746","1166","1166","1166","56739","56739","56739","1161","1161","1161","56851","56851","56851","1165","1165","1165","56613","56613","56613","1156","1156","1156","56667","56667","56667","1168","1168","1168"
"474","56750","56750","56750","1156","1156","1156","56743","56743","56743","1169","1169","1169","56855","56855","56855","1203","1203","1203","56617","56617","56617","1206","1206","1206","56671","56671","56671","1437","1437","1437"
"475","56754","56754","56754","957","957","957","56747","56747","56747","1147","1147","1147","56859","56859","56859","1141","1141","1141","56621","56621","56621","1146","1146","1146","56675","56675","56675","1144","1144","1144"
"476","56758","56758","56758","1110","1110","1110","56751","56751","56751","1136","1136","1136","56863","56863","56863","1136","1136","1136","56625","56625","56625","1137","1137","1137","56679","56679","56679","1161","1161","1161"
"477","57794","57794","57794","1728","1728","1728","57792","57792","57792","1984","1984","1984","57899","57899","57899","1573","1573","1573","57667","57667","57667","1768","1768","1768","57715","57715","57715","1829","1829","1829"
"478","57798","57798","57798","1614","1614","1614","57796","57796","57796","1657","1657","1657","57903","57903","57903","1639","1639","1639","57671","57671","57671","1626","1626","1626","57719","57719","57719","1475","1475","1475"
"479","57802","57802","57802","1669","1669","1669","57800","57800","57800","1576","1576","1576","57907","57907","57907","1651","1651","1651","57675","57675","57675","1544","1544","1544","57723","57723","57723","1616","1616","1616"
"480","57806","57806","57806","1262","1262","1262","57809","57809","57809","1184","1184","1184","57911","57911","57911","1288","1288","1288","57679","57679","57679","1106","1106","1106","57727","57727","57727","1452","1452","1452"
"481","57810","57810","57810","1177","1177","1177","57813","57813","57813","1189","1189","1189","57915","57915","57915","1160","1160","1160","57683","57683","57683","1171","1171","1171","57731","57731","57731","1163","1163","1163"
"482","57814","57814","57814","1166","1166","1166","57817","57817","57817","1176","1176","1176","57919","57919","57919","1190","1190","1190","57687","57687","57687","1148","1148","1148","57735","57735","57735","1173","1173","1173"
"483","57818","57818","57818","1155","1155","1155","57821","57821","57821","980","980","980","57923","57923","57923","1142","1142","1142","57691","57691","57691","1074","1074","1074","57739","57739","57739","1439","1439","1439"
"484","57822","57822","57822","1122","1122","1122","57825","57825","57825","1122","1122","1122","57927","57927","57927","1140","1140","1140","57695","57695","57695","1157","1157","1157","57743","57743","57743","1145","1145","1145"
"485","57826","57826","57826","994","994","994","57829","57829","57829","1173","1173","1173","57931","57931","57931","1117","1117","1117","57699","57699","57699","1135","1135","1135","57747","57747","57747","1112","1112","1112"
"486","58862","58862","58862","1788","1788","1788","58866","58866","58866","1950","1950","1950","58968","58968","58968","1672","1672","1672","58735","58735","58735","1714","1714","1714","58783","58783","58783","1746","1746","1746"
"487","58866","58866","58866","1502","1502","1502","58870","58870","58870","1476","1476","1476","58972","58972","58972","1524","1524","1524","58739","58739","58739","1999","1999","1999","58787","58787","58787","1622","1622","1622"
"488","58870","58870","58870","1630","1630","1630","58874","58874","58874","1430","1430","1430","58976","58976","58976","1556","1556","1556","58743","58743","58743","1656","1656","1656","58791","58791","58791","1559","1559","1559"
"489","58874","58874","58874","1057","1057","1057","58878","58878","58878","1272","1272","1272","58980","58980","58980","1530","1530","1530","58747","58747","58747","1285","1285","1285","58795","58795","58795","1364","1364","1364"
"490","58878","58878","58878","1175","1175","1175","58882","58882","58882","1282","1282","1282","58984","58984","58984","1172","1172","1172","58751","58751","58751","1156","1156","1156","58799","58799","58799","1169","1169","1169"
"491","58882","58882","58882","1175","1175","1175","58886","58886","58886","1173","1173","1173","58988","58988","58988","1151","1151","1151","58755","58755","58755","1259","1259","1259","58803","58803","58803","1149","1149","1149"
"492","58886","58886","58886","1232","1232","1232","58890","58890","58890","1214","1214","1214","58992","58992","58992","1136","1136","1136","58759","58759","58759","1070","1070","1070","58807","58807","58807","1456","1456","1456"
"493","58890","58890","58890","1148","1148","1148","58894","58894","58894","1098","1098","1098","58996","58996","58996","1125","1125","1125","58763","58763","58763","1001","1001","1001","58811","58811","58811","1139","1139","1139"
"494","58894","58894","58894","1122","1122","1122","58898","58898","58898","1149","1149","1149","59000","59000","59000","1144","1144","1144","58767","58767","58767","1112","1112","1112","58815","58815","58815","1116","1116","1116"
"495","59930","59930","59930","1764","1764","1764","59934","59934","59934","1817","1817","1817","60036","60036","60036","1799","1799","1799","59802","59802","59802","1679","1679","1679","59852","59852","59852","1832","1832","1832"
"496","59934","59934","59934","1627","1627","1627","59938","59938","59938","1662","1662","1662","60040","60040","60040","1612","1612","1612","59806","59806","59806","1565","1565","1565","59856","59856","59856","1480","1480","1480"
"497","59938","59938","59938","1524","1524","1524","59942","59942","59942","1999","1999","1999","60044","60044","60044","1515","1515","1515","59810","59810","59810","1442","1442","1442","59860","59860","59860","1629","1629","1629"
"498","59942","59942","59942","1262","1262","1262","59946","59946","59946","1309","1309","1309","60048","60048","60048","1410","1410","1410","59814","59814","59814","1343","1343","1343","59864","59864","59864","1291","1291","1291"
"499","59946","59946","59946","1190","1190","1190","59950","59950","59950","1499","1499","1499","60052","60052","60052","1164","1164","1164","59818","59818","59818","1164","1164","1164","59868","59868","59868","1088","1088","1088"
"500","59950","59950","59950","1176","1176","1176","59954","59954","59954","1160","1160","1160","60056","60056","60056","1164","1164","1164","59822","59822","59822","1173","1173","1173","59872","59872","59872","1143","1143","1143"
"501","59954","59954","59954","1156","1156","1156","59958","59958","59958","1174","1174","1174","60060","60060","60060","1145","1145","1145","59826","59826","59826","1062","1062","1062","59876","59876","59876","1450","1450","1450"
"502","59958","59958","59958","1150","1150","1150","59962","59962","59962","1128","1128","1128","60064","60064","60064","970","970","970","59830","59830","59830","1135","1135","1135","59880","59880","59880","1108","1108","1108"
"503","59962","59962","59962","1118","1118","1118","59966","59966","59966","1119","1119","1119","60068","60068","60068","1139","1139","1139","59834","59834","59834","1121","1121","1121","59884","59884","59884","1149","1149","1149"
"504","60998","60998","60998","1744","1744","1744","61006","61006","61006","1892","1892","1892","61104","61104","61104","1743","1743","1743","60881","60881","60881","1941","1941","1941","60920","60920","60920","1844","1844","1844"
"505","61002","61002","61002","1457","1457","1457","61010","61010","61010","1646","1646","1646","61108","61108","61108","1677","1677","1677","60885","60885","60885","1571","1571","1571","60924","60924","60924","1490","1490","1490"
"506","61006","61006","61006","1457","1457","1457","61014","61014","61014","1459","1459","1459","61112","61112","61112","1574","1574","1574","60889","60889","60889","1569","1569","1569","60928","60928","60928","1540","1540","1540"
"507","61010","61010","61010","1185","1185","1185","61018","61018","61018","1030","1030","1030","61116","61116","61116","1398","1398","1398","60893","60893","60893","1088","1088","1088","60932","60932","60932","1456","1456","1456"
"508","61014","61014","61014","1187","1187","1187","61022","61022","61022","1077","1077","1077","61120","61120","61120","1197","1197","1197","60897","60897","60897","1171","1171","1171","60936","60936","60936","1185","1185","1185"
"509","61018","61018","61018","1162","1162","1162","61026","61026","61026","1167","1167","1167","61124","61124","61124","1179","1179","1179","60901","60901","60901","1188","1188","1188","60940","60940","60940","1024","1024","1024"
"510","61022","61022","61022","1133","1133","1133","61030","61030","61030","1264","1264","1264","61128","61128","61128","1260","1260","1260","60905","60905","60905","1023","1023","1023","60944","60944","60944","1224","1224","1224"
"511","61026","61026","61026","1136","1136","1136","61034","61034","61034","1100","1100","1100","61132","61132","61132","1144","1144","1144","60909","60909","60909","1114","1114","1114","60948","60948","60948","1130","1130","1130"
"512","61030","61030","61030","1150","1150","1150","61038","61038","61038","1153","1153","1153","61136","61136","61136","1155","1155","1155","60913","60913","60913","1150","1150","1150","60952","60952","60952","1104","1104","1104"
"513","62067","62067","62067","1743","1743","1743","62074","62074","62074","1749","1749","1749","62173","62173","62173","1864","1864","1864","61949","61949","61949","1743","1743","1743","61988","61988","61988","1783","1783","1783"
"514","62071","62071","62071","1425","1425","1425","62078","62078","62078","1690","1690","1690","62177","62177","62177","1475","1475","1475","61953","61953","61953","1717","1717","1717","61992","61992","61992","1542","1542","1542"
"515","62075","62075","62075","1517","1517","1517","62082","62082","62082","1576","1576","1576","62181","62181","62181","1560","1560","1560","61957","61957","61957","1606","1606","1606","61996","61996","61996","1616","1616","1616"
"516","62079","62079","62079","1140","1140","1140","62086","62086","62086","1024","1024","1024","62185","62185","62185","1390","1390","1390","61961","61961","61961","1098","1098","1098","62000","62000","62000","1458","1458","1458"
"517","62083","62083","62083","1185","1185","1185","62090","62090","62090","1211","1211","1211","62189","62189","62189","1214","1214","1214","61965","61965","61965","1120","1120","1120","62004","62004","62004","1101","1101","1101"
"518","62087","62087","62087","1195","1195","1195","62094","62094","62094","1173","1173","1173","62193","62193","62193","1156","1156","1156","61969","61969","61969","1238","1238","1238","62008","62008","62008","1168","1168","1168"
"519","62091","62091","62091","1144","1144","1144","62098","62098","62098","984","984","984","62197","62197","62197","1141","1141","1141","61973","61973","61973","1046","1046","1046","62012","62012","62012","1400","1400","1400"
"520","62095","62095","62095","1037","1037","1037","62102","62102","62102","1121","1121","1121","62201","62201","62201","1109","1109","1109","61977","61977","61977","1133","1133","1133","62016","62016","62016","1129","1129","1129"
"521","62099","62099","62099","1123","1123","1123","62106","62106","62106","1164","1164","1164","62205","62205","62205","1137","1137","1137","61981","61981","61981","1131","1131","1131","62020","62020","62020","1122","1122","1122"
"522","63135","63135","63135","1930","1930","1930","63143","63143","63143","1838","1838","1838","63241","63241","63241","1660","1660","1660","63017","63017","63017","1599","1599","1599","63056","63056","63056","1791","1791","1791"
"523","63139","63139","63139","1637","1637","1637","63147","63147","63147","1629","1629","1629","63245","63245","63245","1568","1568","1568","63021","63021","63021","1581","1581","1581","63060","63060","63060","1521","1521","1521"
"524","63143","63143","63143","1524","1524","1524","63151","63151","63151","1564","1564","1564","63249","63249","63249","1585","1585","1585","63025","63025","63025","1499","1499","1499","63064","63064","63064","1551","1551","1551"
"525","63147","63147","63147","1063","1063","1063","63155","63155","63155","1146","1146","1146","63253","63253","63253","1145","1145","1145","63029","63029","63029","1232","1232","1232","63068","63068","63068","1104","1104","1104"
"526","63151","63151","63151","1178","1178","1178","63159","63159","63159","1196","1196","1196","63257","63257","63257","1188","1188","1188","63033","63033","63033","1187","1187","1187","63072","63072","63072","1158","1158","1158"
"527","63155","63155","63155","1171","1171","1171","63163","63163","63163","1197","1197","1197","63261","63261","63261","1175","1175","1175","63037","63037","63037","1167","1167","1167","63076","63076","63076","1154","1154","1154"
"528","63159","63159","63159","1042","1042","1042","63167","63167","63167","994","994","994","63265","63265","63265","1325","1325","1325","63041","63041","63041","1057","1057","1057","63080","63080","63080","1187","1187","1187"
"529","63163","63163","63163","1114","1114","1114","63171","63171","63171","1120","1120","1120","63269","63269","63269","955","955","955","63045","63045","63045","1140","1140","1140","63084","63084","63084","1140","1140","1140"
"530","63167","63167","63167","1159","1159","1159","63175","63175","63175","1163","1163","1163","63273","63273","63273","1158","1158","1158","63049","63049","63049","1147","1147","1147","63088","63088","63088","1134","1134","1134"
"531","64204","64204","64204","1719","1719","1719","64211","64211","64211","1815","1815","1815","64310","64310","64310","1706","1706","1706","64085","64085","64085","1690","1690","1690","64124","64124","64124","1942","1942","1942"
"532","64208","64208","64208","1638","1638","1638","64215","64215","64215","1610","1610","1610","64314","64314","64314","1561","1561","1561","64089","64089","64089","1617","1617","1617","64128","64128","64128","1516","1516","1516"
"533","64212","64212","64212","1499","1499","1499","64219","64219","64219","1493","1493","1493","64318","64318","64318","1668","1668","1668","64093","64093","64093","1463","1463","1463","64132","64132","64132","1628","1628","1628"
"534","64217","64217","64217","1115","1115","1115","64223","64223","64223","1257","1257","1257","64322","64322","64322","1200","1200","1200","64097","64097","64097","1239","1239","1239","64136","64136","64136","1248","1248","1248"
"535","64221","64221","64221","1166","1166","1166","64227","64227","64227","1175","1175","1175","64326","64326","64326","1175","1175","1175","64101","64101","64101","1191","1191","1191","64140","64140","64140","1162","1162","1162"
"536","64225","64225","64225","1177","1177","1177","64231","64231","64231","1177","1177","1177","64330","64330","64330","1176","1176","1176","64105","64105","64105","1167","1167","1167","64144","64144","64144","1155","1155","1155"
"537","64229","64229","64229","1132","1132","1132","64235","64235","64235","1171","1171","1171","64334","64334","64334","1183","1183","1183","64109","64109","64109","1041","1041","1041","64148","64148","64148","1463","1463","1463"
"538","64233","64233","64233","1147","1147","1147","64239","64239","64239","946","946","946","64338","64338","64338","1147","1147","1147","64113","64113","64113","1132","1132","1132","64152","64152","64152","1117","1117","1117"
"539","64237","64237","64237","1147","1147","1147","64243","64243","64243","1139","1139","1139","64342","64342","64342","1130","1130","1130","64117","64117","64117","1160","1160","1160","64156","64156","64156","1137","1137","1137"
"540","65273","65273","65273","1636","1636","1636","65279","65279","65279","1927","1927","1927","65378","65378","65378","1832","1832","1832","65154","65154","65154","1650","1650","1650","65193","65193","65193","1867","1867","1867"
"541","65277","65277","65277","1618","1618","1618","65283","65283","65283","1772","1772","1772","65382","65382","65382","1615","1615","1615","65158","65158","65158","1609","1609","1609","65197","65197","65197","1634","1634","1634"
"542","65281","65281","65281","1641","1641","1641","65287","65287","65287","1517","1517","1517","65386","65386","65386","1623","1623","1623","65162","65162","65162","1588","1588","1588","65201","65201","65201","1627","1627","1627"
"543","65285","65285","65285","1133","1133","1133","65291","65291","65291","1214","1214","1214","65390","65390","65390","1488","1488","1488","65166","65166","65166","1799","1799","1799","65205","65205","65205","1465","1465","1465"
"544","65289","65289","65289","1176","1176","1176","65295","65295","65295","1167","1167","1167","65394","65394","65394","1190","1190","1190","65170","65170","65170","1163","1163","1163","65209","65209","65209","1136","1136","1136"
"545","65293","65293","65293","1161","1161","1161","65299","65299","65299","1163","1163","1163","65398","65398","65398","1180","1180","1180","65174","65174","65174","1163","1163","1163","65213","65213","65213","1153","1153","1153"
"546","65297","65297","65297","1131","1131","1131","65303","65303","65303","1164","1164","1164","65402","65402","65402","1289","1289","1289","65178","65178","65178","1061","1061","1061","65217","65217","65217","1064","1064","1064"
"547","65301","65301","65301","1128","1128","1128","65307","65307","65307","988","988","988","65406","65406","65406","1140","1140","1140","65182","65182","65182","1142","1142","1142","65221","65221","65221","1124","1124","1124"
"548","65305","65305","65305","1148","1148","1148","65311","65311","65311","1104","1104","1104","65410","65410","65410","1129","1129","1129","65186","65186","65186","1135","1135","1135","65225","65225","65225","1137","1137","1137"
"549","66341","66341","66341","1709","1709","1709","66347","66347","66347","1829","1829","1829","66452","66452","66452","1656","1656","1656","66221","66221","66221","1880","1880","1880","66261","66261","66261","1892","1892","1892"
"550","66345","66345","66345","1559","1559","1559","66351","66351","66351","1528","1528","1528","66456","66456","66456","1490","1490","1490","66225","66225","66225","1448","1448","1448","66265","66265","66265","1742","1742","1742"
"551","66349","66349","66349","1489","1489","1489","66355","66355","66355","1601","1601","1601","66460","66460","66460","1592","1592","1592","66229","66229","66229","1614","1614","1614","66269","66269","66269","1609","1609","1609"
"552","66353","66353","66353","1217","1217","1217","66364","66364","66364","1081","1081","1081","66464","66464","66464","1331","1331","1331","66233","66233","66233","1148","1148","1148","66273","66273","66273","1361","1361","1361"
"553","66357","66357","66357","1183","1183","1183","66368","66368","66368","1215","1215","1215","66468","66468","66468","1173","1173","1173","66237","66237","66237","1220","1220","1220","66277","66277","66277","1208","1208","1208"
"554","66361","66361","66361","1176","1176","1176","66372","66372","66372","1193","1193","1193","66472","66472","66472","1161","1161","1161","66241","66241","66241","1155","1155","1155","66281","66281","66281","1178","1178","1178"
"555","66365","66365","66365","1169","1169","1169","66376","66376","66376","1014","1014","1014","66476","66476","66476","1201","1201","1201","66245","66245","66245","1030","1030","1030","66285","66285","66285","1099","1099","1099"
"556","66369","66369","66369","1155","1155","1155","66380","66380","66380","1138","1138","1138","66480","66480","66480","1122","1122","1122","66249","66249","66249","1143","1143","1143","66289","66289","66289","1150","1150","1150"
"557","66373","66373","66373","1140","1140","1140","66384","66384","66384","1161","1161","1161","66484","66484","66484","1115","1115","1115","66253","66253","66253","1151","1151","1151","66293","66293","66293","1143","1143","1143"
"558","67409","67409","67409","1728","1728","1728","67420","67420","67420","1750","1750","1750","67521","67521","67521","1647","1647","1647","67289","67289","67289","1549","1549","1549","67329","67329","67329","1890","1890","1890"
"559","67413","67413","67413","1634","1634","1634","67424","67424","67424","1481","1481","1481","67525","67525","67525","1664","1664","1664","67293","67293","67293","1482","1482","1482","67333","67333","67333","1731","1731","1731"
"560","67417","67417","67417","1553","1553","1553","67428","67428","67428","1535","1535","1535","67529","67529","67529","1572","1572","1572","67297","67297","67297","1621","1621","1621","67337","67337","67337","1636","1636","1636"
"561","67421","67421","67421","1175","1175","1175","67432","67432","67432","1179","1179","1179","67533","67533","67533","1225","1225","1225","67301","67301","67301","1201","1201","1201","67341","67341","67341","1230","1230","1230"
"562","67425","67425","67425","1156","1156","1156","67436","67436","67436","1161","1161","1161","67537","67537","67537","1160","1160","1160","67305","67305","67305","1201","1201","1201","67345","67345","67345","1155","1155","1155"
"563","67429","67429","67429","1169","1169","1169","67440","67440","67440","1206","1206","1206","67541","67541","67541","1199","1199","1199","67309","67309","67309","1167","1167","1167","67349","67349","67349","1142","1142","1142"
"564","67433","67433","67433","1055","1055","1055","67444","67444","67444","1028","1028","1028","67545","67545","67545","1136","1136","1136","67313","67313","67313","1047","1047","1047","67353","67353","67353","1143","1143","1143"
"565","67437","67437","67437","960","960","960","67448","67448","67448","1138","1138","1138","67549","67549","67549","1163","1163","1163","67317","67317","67317","1151","1151","1151","67357","67357","67357","1139","1139","1139"
"566","67441","67441","67441","1120","1120","1120","67452","67452","67452","1164","1164","1164","67553","67553","67553","1150","1150","1150","67321","67321","67321","1143","1143","1143","67361","67361","67361","1127","1127","1127"
"567","68477","68477","68477","1814","1814","1814","68488","68488","68488","1863","1863","1863","68594","68594","68594","1746","1746","1746","68362","68362","68362","1817","1817","1817","68397","68397","68397","1757","1757","1757"
"568","68481","68481","68481","1663","1663","1663","68492","68492","68492","1647","1647","1647","68598","68598","68598","1438","1438","1438","68366","68366","68366","1612","1612","1612","68401","68401","68401","1534","1534","1534"
"569","68485","68485","68485","1650","1650","1650","68496","68496","68496","1510","1510","1510","68602","68602","68602","1555","1555","1555","68370","68370","68370","1421","1421","1421","68405","68405","68405","1622","1622","1622"
"570","68489","68489","68489","1076","1076","1076","68500","68500","68500","1019","1019","1019","68606","68606","68606","1234","1234","1234","68374","68374","68374","1183","1183","1183","68409","68409","68409","1449","1449","1449"
"571","68493","68493","68493","1170","1170","1170","68504","68504","68504","1155","1155","1155","68610","68610","68610","1175","1175","1175","68378","68378","68378","1143","1143","1143","68413","68413","68413","1193","1193","1193"
"572","68497","68497","68497","1190","1190","1190","68508","68508","68508","1157","1157","1157","68614","68614","68614","1161","1161","1161","68382","68382","68382","1164","1164","1164","68417","68417","68417","1167","1167","1167"
"573","68501","68501","68501","1125","1125","1125","68512","68512","68512","1025","1025","1025","68618","68618","68618","1132","1132","1132","68386","68386","68386","1179","1179","1179","68421","68421","68421","1046","1046","1046"
"574","68505","68505","68505","1055","1055","1055","68516","68516","68516","1110","1110","1110","68622","68622","68622","1144","1144","1144","68390","68390","68390","1144","1144","1144","68425","68425","68425","1141","1141","1141"
"575","68509","68509","68509","1110","1110","1110","68520","68520","68520","1123","1123","1123","68626","68626","68626","1121","1121","1121","68394","68394","68394","1161","1161","1161","68429","68429","68429","1145","1145","1145"
"576","69545","69545","69545","1706","1706","1706","69556","69556","69556","1795","1795","1795","69662","69662","69662","1673","1673","1673","69430","69430","69430","1910","1910","1910","69466","69466","69466","1799","1799","1799"
"577","69549","69549","69549","1565","1565","1565","69560","69560","69560","1612","1612","1612","69666","69666","69666","1744","1744","1744","69434","69434","69434","1598","1598","1598","69470","69470","69470","1740","1740","1740"
"578","69553","69553","69553","1639","1639","1639","69564","69564","69564","1588","1588","1588","69670","69670","69670","1543","1543","1543","69438","69438","69438","1522","1522","1522","69474","69474","69474","1616","1616","1616"
"579","69557","69557","69557","1081","1081","1081","69568","69568","69568","1201","1201","1201","69674","69674","69674","1149","1149","1149","69442","69442","69442","1214","1214","1214","69478","69478","69478","1241","1241","1241"
"580","69561","69561","69561","1184","1184","1184","69572","69572","69572","1190","1190","1190","69678","69678","69678","1183","1183","1183","69446","69446","69446","1198","1198","1198","69482","69482","69482","1156","1156","1156"
"581","69565","69565","69565","1155","1155","1155","69576","69576","69576","1150","1150","1150","69682","69682","69682","1159","1159","1159","69450","69450","69450","1166","1166","1166","69486","69486","69486","1145","1145","1145"
"582","69569","69569","69569","1124","1124","1124","69580","69580","69580","984","984","984","69686","69686","69686","1174","1174","1174","69454","69454","69454","1160","1160","1160","69490","69490","69490","1015","1015","1015"
"583","69573","69573","69573","1126","1126","1126","69584","69584","69584","1118","1118","1118","69690","69690","69690","1144","1144","1144","69458","69458","69458","1135","1135","1135","69494","69494","69494","1123","1123","1123"
"584","69577","69577","69577","1125","1125","1125","69588","69588","69588","1136","1136","1136","69694","69694","69694","1134","1134","1134","69462","69462","69462","1151","1151","1151","69498","69498","69498","1132","1132","1132"
"585","70613","70613","70613","1734","1734","1734","70624","70624","70624","1911","1911","1911","70731","70731","70731","1689","1689","1689","70504","70504","70504","1869","1869","1869","70544","70544","70544","1919","1919","1919"
"586","70617","70617","70617","1556","1556","1556","70628","70628","70628","1634","1634","1634","70735","70735","70735","1459","1459","1459","70508","70508","70508","1629","1629","1629","70548","70548","70548","1557","1557","1557"
"587","70621","70621","70621","1555","1555","1555","70632","70632","70632","1425","1425","1425","70739","70739","70739","1584","1584","1584","70512","70512","70512","1598","1598","1598","70552","70552","70552","1460","1460","1460"
"588","70625","70625","70625","1106","1106","1106","70636","70636","70636","1098","1098","1098","70743","70743","70743","1155","1155","1155","70516","70516","70516","1161","1161","1161","70556","70556","70556","1480","1480","1480"
"589","70629","70629","70629","1076","1076","1076","70640","70640","70640","1154","1154","1154","70747","70747","70747","1499","1499","1499","70520","70520","70520","1142","1142","1142","70560","70560","70560","1175","1175","1175"
"590","70633","70633","70633","1190","1190","1190","70644","70644","70644","1170","1170","1170","70751","70751","70751","1181","1181","1181","70524","70524","70524","1173","1173","1173","70564","70564","70564","1154","1154","1154"
"591","70637","70637","70637","1139","1139","1139","70648","70648","70648","1144","1144","1144","70755","70755","70755","1176","1176","1176","70528","70528","70528","1148","1148","1148","70568","70568","70568","1194","1194","1194"
"592","70641","70641","70641","1142","1142","1142","70652","70652","70652","1119","1119","1119","70759","70759","70759","1138","1138","1138","70532","70532","70532","1158","1158","1158","70572","70572","70572","929","929","929"
"593","70645","70645","70645","1112","1112","1112","70656","70656","70656","1140","1140","1140","70763","70763","70763","1141","1141","1141","70536","70536","70536","1136","1136","1136","70576","70576","70576","1166","1166","1166"
"594","71681","71681","71681","1640","1640","1640","71693","71693","71693","1760","1760","1760","71803","71803","71803","1684","1684","1684","71577","71577","71577","1871","1871","1871","71612","71612","71612","1899","1899","1899"
"595","71685","71685","71685","1541","1541","1541","71697","71697","71697","1495","1495","1495","71807","71807","71807","1607","1607","1607","71581","71581","71581","1552","1552","1552","71616","71616","71616","1631","1631","1631"
"596","71689","71689","71689","1626","1626","1626","71701","71701","71701","1486","1486","1486","71811","71811","71811","1434","1434","1434","71585","71585","71585","1595","1595","1595","71620","71620","71620","1637","1637","1637"
"597","71693","71693","71693","1215","1215","1215","71705","71705","71705","1319","1319","1319","71815","71815","71815","1279","1279","1279","71589","71589","71589","1284","1284","1284","71624","71624","71624","1454","1454","1454"
"598","71697","71697","71697","1192","1192","1192","71709","71709","71709","1145","1145","1145","71819","71819","71819","1183","1183","1183","71593","71593","71593","1151","1151","1151","71628","71628","71628","1142","1142","1142"
"599","71701","71701","71701","1171","1171","1171","71713","71713","71713","1177","1177","1177","71823","71823","71823","1169","1169","1169","71597","71597","71597","1187","1187","1187","71632","71632","71632","1162","1162","1162"
"600","71705","71705","71705","1120","1120","1120","71717","71717","71717","1010","1010","1010","71827","71827","71827","1181","1181","1181","71601","71601","71601","1195","1195","1195","71636","71636","71636","1145","1145","1145"
"601","71709","71709","71709","1127","1127","1127","71721","71721","71721","1104","1104","1104","71831","71831","71831","1116","1116","1116","71605","71605","71605","1146","1146","1146","71640","71640","71640","1154","1154","1154"
"602","71713","71713","71713","1162","1162","1162","71725","71725","71725","1110","1110","1110","71835","71835","71835","1003","1003","1003","71609","71609","71609","1136","1136","1136","71644","71644","71644","1130","1130","1130"
"603","72750","72750","72750","1735","1735","1735","72761","72761","72761","1787","1787","1787","72871","72871","72871","1579","1579","1579","72645","72645","72645","1678","1678","1678","72681","72681","72681","1845","1845","1845"
"604","72754","72754","72754","1511","1511","1511","72765","72765","72765","1630","1630","1630","72875","72875","72875","1464","1464","1464","72649","72649","72649","1518","1518","1518","72685","72685","72685","1734","1734","1734"
"605","72758","72758","72758","1593","1593","1593","72769","72769","72769","1514","1514","1514","72879","72879","72879","1648","1648","1648","72653","72653","72653","1395","1395","1395","72689","72689","72689","1654","1654","1654"
"606","72762","72762","72762","1095","1095","1095","72773","72773","72773","1268","1268","1268","72883","72883","72883","1167","1167","1167","72657","72657","72657","1217","1217","1217","72693","72693","72693","1263","1263","1263"
"607","72766","72766","72766","1144","1144","1144","72777","72777","72777","1166","1166","1166","72887","72887","72887","1179","1179","1179","72661","72661","72661","1171","1171","1171","72697","72697","72697","1080","1080","1080"
"608","72770","72770","72770","1167","1167","1167","72781","72781","72781","1177","1177","1177","72891","72891","72891","1168","1168","1168","72665","72665","72665","1167","1167","1167","72701","72701","72701","1140","1140","1140"
"609","72774","72774","72774","1183","1183","1183","72785","72785","72785","1138","1138","1138","72895","72895","72895","1393","1393","1393","72669","72669","72669","1183","1183","1183","72705","72705","72705","1042","1042","1042"
"610","72778","72778","72778","1095","1095","1095","72789","72789","72789","971","971","971","72899","72899","72899","1150","1150","1150","72673","72673","72673","1132","1132","1132","72709","72709","72709","967","967","967"
"611","72782","72782","72782","1152","1152","1152","72793","72793","72793","1141","1141","1141","72903","72903","72903","1148","1148","1148","72677","72677","72677","1143","1143","1143","72713","72713","72713","1151","1151","1151"
"612","73818","73818","73818","1711","1711","1711","73829","73829","73829","2033","2033","2033","73940","73940","73940","1567","1567","1567","73713","73713","73713","1811","1811","1811","73760","73760","73760","1754","1754","1754"
"613","73822","73822","73822","1656","1656","1656","73833","73833","73833","1441","1441","1441","73944","73944","73944","1506","1506","1506","73717","73717","73717","1603","1603","1603","73764","73764","73764","1510","1510","1510"
"614","73826","73826","73826","1592","1592","1592","73837","73837","73837","1528","1528","1528","73948","73948","73948","1474","1474","1474","73721","73721","73721","1484","1484","1484","73768","73768","73768","1757","1757","1757"
"615","73830","73830","73830","1249","1249","1249","73841","73841","73841","1312","1312","1312","73952","73952","73952","1171","1171","1171","73725","73725","73725","1037","1037","1037","73772","73772","73772","1072","1072","1072"
"616","73834","73834","73834","1155","1155","1155","73845","73845","73845","1167","1167","1167","73956","73956","73956","1164","1164","1164","73735","73735","73735","1014","1014","1014","73776","73776","73776","1065","1065","1065"
"617","73838","73838","73838","1170","1170","1170","73849","73849","73849","1169","1169","1169","73960","73960","73960","1171","1171","1171","73739","73739","73739","1142","1142","1142","73780","73780","73780","1182","1182","1182"
"618","73842","73842","73842","1122","1122","1122","73853","73853","73853","1009","1009","1009","73964","73964","73964","1280","1280","1280","73743","73743","73743","1068","1068","1068","73784","73784","73784","1006","1006","1006"
"619","73846","73846","73846","1115","1115","1115","73857","73857","73857","1115","1115","1115","73968","73968","73968","1145","1145","1145","73747","73747","73747","1113","1113","1113","73788","73788","73788","896","896","896"
"620","73850","73850","73850","1146","1146","1146","73861","73861","73861","994","994","994","73972","73972","73972","1142","1142","1142","73751","73751","73751","1139","1139","1139","73792","73792","73792","1137","1137","1137"
"621","74887","74887","74887","1805","1805","1805","74897","74897","74897","1796","1796","1796","75009","75009","75009","1673","1673","1673","74787","74787","74787","1821","1821","1821","74828","74828","74828","2021","2021","2021"
"622","74891","74891","74891","1575","1575","1575","74901","74901","74901","1508","1508","1508","75013","75013","75013","1539","1539","1539","74791","74791","74791","1588","1588","1588","74832","74832","74832","1740","1740","1740"
"623","74895","74895","74895","1650","1650","1650","74905","74905","74905","1582","1582","1582","75017","75017","75017","1644","1644","1644","74795","74795","74795","1616","1616","1616","74836","74836","74836","1679","1679","1679"
"624","74899","74899","74899","1218","1218","1218","74909","74909","74909","1321","1321","1321","75021","75021","75021","1416","1416","1416","74799","74799","74799","1092","1092","1092","74840","74840","74840","1169","1169","1169"
"625","74903","74903","74903","1166","1166","1166","74913","74913","74913","1220","1220","1220","75025","75025","75025","1187","1187","1187","74803","74803","74803","1147","1147","1147","74844","74844","74844","1186","1186","1186"
"626","74907","74907","74907","1183","1183","1183","74917","74917","74917","1220","1220","1220","75029","75029","75029","1170","1170","1170","74807","74807","74807","1187","1187","1187","74848","74848","74848","1164","1164","1164"
"627","74911","74911","74911","1154","1154","1154","74921","74921","74921","1013","1013","1013","75033","75033","75033","1097","1097","1097","74811","74811","74811","1061","1061","1061","74852","74852","74852","1041","1041","1041"
"628","74915","74915","74915","1127","1127","1127","74925","74925","74925","1136","1136","1136","75037","75037","75037","1124","1124","1124","74815","74815","74815","985","985","985","74856","74856","74856","1142","1142","1142"
"629","74919","74919","74919","1130","1130","1130","74929","74929","74929","1132","1132","1132","75041","75041","75041","1132","1132","1132","74819","74819","74819","1101","1101","1101","74860","74860","74860","1129","1129","1129"
"630","75956","75956","75956","1815","1815","1815","75970","75970","75970","1968","1968","1968","76078","76078","76078","1706","1706","1706","75856","75856","75856","1650","1650","1650","75896","75896","75896","1781","1781","1781"
"631","75960","75960","75960","1608","1608","1608","75974","75974","75974","1641","1641","1641","76082","76082","76082","1661","1661","1661","75860","75860","75860","1610","1610","1610","75900","75900","75900","1733","1733","1733"
"632","75964","75964","75964","1636","1636","1636","75978","75978","75978","1590","1590","1590","76086","76086","76086","1574","1574","1574","75864","75864","75864","1565","1565","1565","75904","75904","75904","1629","1629","1629"
"633","75968","75968","75968","1222","1222","1222","75982","75982","75982","1187","1187","1187","76090","76090","76090","1197","1197","1197","75868","75868","75868","1069","1069","1069","75908","75908","75908","1799","1799","1799"
"634","75972","75972","75972","1186","1186","1186","75986","75986","75986","1162","1162","1162","76094","76094","76094","1162","1162","1162","75872","75872","75872","1117","1117","1117","75912","75912","75912","1194","1194","1194"
"635","75976","75976","75976","1174","1174","1174","75990","75990","75990","1158","1158","1158","76098","76098","76098","1179","1179","1179","75876","75876","75876","1172","1172","1172","75916","75916","75916","1178","1178","1178"
"636","75980","75980","75980","1132","1132","1132","75994","75994","75994","1168","1168","1168","76102","76102","76102","1095","1095","1095","75880","75880","75880","1072","1072","1072","75920","75920","75920","1096","1096","1096"
"637","75984","75984","75984","968","968","968","75998","75998","75998","1106","1106","1106","76106","76106","76106","951","951","951","75884","75884","75884","1143","1143","1143","75924","75924","75924","1110","1110","1110"
"638","75988","75988","75988","1150","1150","1150","76002","76002","76002","1122","1122","1122","76110","76110","76110","1152","1152","1152","75888","75888","75888","1151","1151","1151","75928","75928","75928","1157","1157","1157"
"639","77024","77024","77024","1835","1835","1835","77038","77038","77038","1800","1800","1800","77152","77152","77152","1696","1696","1696","76924","76924","76924","1656","1656","1656","76963","76963","76963","1961","1961","1961"
"640","77028","77028","77028","1551","1551","1551","77042","77042","77042","1592","1592","1592","77156","77156","77156","1562","1562","1562","76928","76928","76928","1615","1615","1615","76967","76967","76967","1611","1611","1611"
"641","77032","77032","77032","1558","1558","1558","77046","77046","77046","1538","1538","1538","77160","77160","77160","1514","1514","1514","76932","76932","76932","1533","1533","1533","76971","76971","76971","1647","1647","1647"
"642","77036","77036","77036","1227","1227","1227","77050","77050","77050","1281","1281","1281","77164","77164","77164","1174","1174","1174","76936","76936","76936","1267","1267","1267","76975","76975","76975","1093","1093","1093"
"643","77040","77040","77040","1181","1181","1181","77054","77054","77054","1190","1190","1190","77168","77168","77168","1168","1168","1168","76940","76940","76940","1088","1088","1088","76979","76979","76979","1156","1156","1156"
"644","77044","77044","77044","1181","1181","1181","77058","77058","77058","1169","1169","1169","77172","77172","77172","1164","1164","1164","76944","76944","76944","1146","1146","1146","76983","76983","76983","1155","1155","1155"
"645","77048","77048","77048","1217","1217","1217","77062","77062","77062","1148","1148","1148","77176","77176","77176","1121","1121","1121","76948","76948","76948","1036","1036","1036","76987","76987","76987","1036","1036","1036"
"646","77052","77052","77052","1151","1151","1151","77066","77066","77066","1120","1120","1120","77180","77180","77180","1132","1132","1132","76952","76952","76952","1128","1128","1128","76991","76991","76991","1149","1149","1149"
"647","77056","77056","77056","1146","1146","1146","77070","77070","77070","1110","1110","1110","77184","77184","77184","1122","1122","1122","76956","76956","76956","1138","1138","1138","76995","76995","76995","1140","1140","1140"
"648","78092","78092","78092","1641","1641","1641","78112","78112","78112","1905","1905","1905","78220","78220","78220","1779","1779","1779","77993","77993","77993","1567","1567","1567","78031","78031","78031","1997","1997","1997"
"649","78096","78096","78096","1575","1575","1575","78116","78116","78116","1562","1562","1562","78224","78224","78224","1487","1487","1487","77997","77997","77997","1644","1644","1644","78035","78035","78035","1559","1559","1559"
"650","78100","78100","78100","1586","1586","1586","78120","78120","78120","1507","1507","1507","78228","78228","78228","1565","1565","1565","78001","78001","78001","1505","1505","1505","78039","78039","78039","1490","1490","1490"
"651","78104","78104","78104","1081","1081","1081","78124","78124","78124","1248","1248","1248","78232","78232","78232","1150","1150","1150","78005","78005","78005","1270","1270","1270","78043","78043","78043","1102","1102","1102"
"652","78108","78108","78108","1177","1177","1177","78128","78128","78128","1317","1317","1317","78236","78236","78236","1172","1172","1172","78009","78009","78009","1189","1189","1189","78047","78047","78047","1088","1088","1088"
"653","78112","78112","78112","1168","1168","1168","78132","78132","78132","1209","1209","1209","78240","78240","78240","1165","1165","1165","78013","78013","78013","1177","1177","1177","78051","78051","78051","1174","1174","1174"
"654","78116","78116","78116","1147","1147","1147","78136","78136","78136","1162","1162","1162","78244","78244","78244","1113","1113","1113","78017","78017","78017","1067","1067","1067","78055","78055","78055","1107","1107","1107"
"655","78120","78120","78120","1156","1156","1156","78140","78140","78140","1134","1134","1134","78248","78248","78248","1142","1142","1142","78021","78021","78021","1143","1143","1143","78059","78059","78059","1154","1154","1154"
"656","78124","78124","78124","1152","1152","1152","78144","78144","78144","1154","1154","1154","78252","78252","78252","1119","1119","1119","78025","78025","78025","1137","1137","1137","78063","78063","78063","1127","1127","1127"
"657","79160","79160","79160","1763","1763","1763","79180","79180","79180","1802","1802","1802","79288","79288","79288","1653","1653","1653","79061","79061","79061","1580","1580","1580","79099","79099","79099","1927","1927","1927"
"658","79164","79164","79164","1640","1640","1640","79184","79184","79184","1654","1654","1654","79292","79292","79292","1658","1658","1658","79065","79065","79065","1574","1574","1574","79103","79103","79103","1665","1665","1665"
"659","79168","79168","79168","1569","1569","1569","79188","79188","79188","1656","1656","1656","79296","79296","79296","1534","1534","1534","79069","79069","79069","1576","1576","1576","79107","79107","79107","1686","1686","1686"
"660","79172","79172","79172","1213","1213","1213","79192","79192","79192","1189","1189","1189","79300","79300","79300","1177","1177","1177","79073","79073","79073","1273","1273","1273","79111","79111","79111","1250","1250","1250"
"661","79176","79176","79176","1162","1162","1162","79196","79196","79196","1226","1226","1226","79304","79304","79304","1180","1180","1180","79077","79077","79077","1178","1178","1178","79115","79115","79115","1179","1179","1179"
"662","79180","79180","79180","1168","1168","1168","79200","79200","79200","1219","1219","1219","79308","79308","79308","1171","1171","1171","79081","79081","79081","1201","1201","1201","79119","79119","79119","1164","1164","1164"
"663","79184","79184","79184","1168","1168","1168","79204","79204","79204","1161","1161","1161","79312","79312","79312","1112","1112","1112","79085","79085","79085","1037","1037","1037","79123","79123","79123","1225","1225","1225"
"664","79188","79188","79188","962","962","962","79208","79208","79208","1161","1161","1161","79316","79316","79316","1150","1150","1150","79089","79089","79089","1140","1140","1140","79127","79127","79127","1143","1143","1143"
"665","79192","79192","79192","1120","1120","1120","79212","79212","79212","973","973","973","79320","79320","79320","1156","1156","1156","79093","79093","79093","1141","1141","1141","79131","79131","79131","1145","1145","1145"
"666","80233","80233","80233","1815","1815","1815","80248","80248","80248","1918","1918","1918","80356","80356","80356","1701","1701","1701","80130","80130","80130","1731","1731","1731","80173","80173","80173","1783","1783","1783"
"667","80237","80237","80237","1610","1610","1610","80252","80252","80252","1657","1657","1657","80360","80360","80360","1574","1574","1574","80134","80134","80134","1624","1624","1624","80177","80177","80177","1738","1738","1738"
"668","80241","80241","80241","1545","1545","1545","80256","80256","80256","1590","1590","1590","80364","80364","80364","1483","1483","1483","80138","80138","80138","1529","1529","1529","80181","80181","80181","1718","1718","1718"
"669","80245","80245","80245","1231","1231","1231","80260","80260","80260","1107","1107","1107","80368","80368","80368","1270","1270","1270","80142","80142","80142","1212","1212","1212","80185","80185","80185","1052","1052","1052"
"670","80249","80249","80249","1173","1173","1173","80264","80264","80264","1173","1173","1173","80372","80372","80372","1111","1111","1111","80146","80146","80146","1095","1095","1095","80189","80189","80189","1157","1157","1157"
"671","80253","80253","80253","1175","1175","1175","80268","80268","80268","1155","1155","1155","80376","80376","80376","1162","1162","1162","80150","80150","80150","1167","1167","1167","80193","80193","80193","1159","1159","1159"
"672","80257","80257","80257","1167","1167","1167","80272","80272","80272","1020","1020","1020","80380","80380","80380","1173","1173","1173","80154","80154","80154","1029","1029","1029","80197","80197","80197","1038","1038","1038"
"673","80261","80261","80261","1143","1143","1143","80276","80276","80276","1118","1118","1118","80384","80384","80384","1132","1132","1132","80158","80158","80158","1155","1155","1155","80201","80201","80201","1136","1136","1136"
"674","80265","80265","80265","1148","1148","1148","80280","80280","80280","1135","1135","1135","80388","80388","80388","1115","1115","1115","80162","80162","80162","1138","1138","1138","80205","80205","80205","1147","1147","1147"
"675","81302","81302","81302","1659","1659","1659","81317","81317","81317","1781","1781","1781","81430","81430","81430","1704","1704","1704","81199","81199","81199","1903","1903","1903","81252","81252","81252","1747","1747","1747"
"676","81306","81306","81306","1601","1601","1601","81321","81321","81321","1668","1668","1668","81434","81434","81434","1563","1563","1563","81203","81203","81203","1410","1410","1410","81256","81256","81256","1688","1688","1688"
"677","81310","81310","81310","1614","1614","1614","81325","81325","81325","1606","1606","1606","81438","81438","81438","1514","1514","1514","81207","81207","81207","1539","1539","1539","81260","81260","81260","1567","1567","1567"
"678","81314","81314","81314","1219","1219","1219","81329","81329","81329","1240","1240","1240","81442","81442","81442","1167","1167","1167","81211","81211","81211","1180","1180","1180","81264","81264","81264","1453","1453","1453"
"679","81318","81318","81318","1158","1158","1158","81333","81333","81333","1176","1176","1176","81446","81446","81446","1178","1178","1178","81215","81215","81215","1163","1163","1163","81268","81268","81268","1187","1187","1187"
"680","81322","81322","81322","1171","1171","1171","81337","81337","81337","1160","1160","1160","81450","81450","81450","1169","1169","1169","81219","81219","81219","1166","1166","1166","81272","81272","81272","1177","1177","1177"
"681","81326","81326","81326","1141","1141","1141","81341","81341","81341","1174","1174","1174","81454","81454","81454","1188","1188","1188","81223","81223","81223","1029","1029","1029","81276","81276","81276","1081","1081","1081"
"682","81330","81330","81330","1112","1112","1112","81345","81345","81345","1141","1141","1141","81458","81458","81458","1127","1127","1127","81227","81227","81227","1133","1133","1133","81280","81280","81280","1155","1155","1155"
"683","81334","81334","81334","1102","1102","1102","81349","81349","81349","1142","1142","1142","81462","81462","81462","1151","1151","1151","81231","81231","81231","1141","1141","1141","81284","81284","81284","1125","1125","1125"
"684","82370","82370","82370","1718","1718","1718","82385","82385","82385","1746","1746","1746","82504","82504","82504","1703","1703","1703","82268","82268","82268","1594","1594","1594","82325","82325","82325","1936","1936","1936"
"685","82374","82374","82374","1601","1601","1601","82389","82389","82389","1571","1571","1571","82508","82508","82508","1493","1493","1493","82272","82272","82272","1417","1417","1417","82329","82329","82329","1693","1693","1693"
"686","82378","82378","82378","1646","1646","1646","82393","82393","82393","1671","1671","1671","82512","82512","82512","1584","1584","1584","82276","82276","82276","1414","1414","1414","82333","82333","82333","1566","1566","1566"
"687","82382","82382","82382","1256","1256","1256","82397","82397","82397","1021","1021","1021","82516","82516","82516","1269","1269","1269","82280","82280","82280","1089","1089","1089","82337","82337","82337","1097","1097","1097"
"688","82386","82386","82386","1157","1157","1157","82401","82401","82401","1201","1201","1201","82520","82520","82520","1207","1207","1207","82284","82284","82284","1152","1152","1152","82341","82341","82341","1159","1159","1159"
"689","82390","82390","82390","1171","1171","1171","82405","82405","82405","1181","1181","1181","82524","82524","82524","1179","1179","1179","82288","82288","82288","1144","1144","1144","82345","82345","82345","1169","1169","1169"
"690","82394","82394","82394","1174","1174","1174","82409","82409","82409","1023","1023","1023","82528","82528","82528","1113","1113","1113","82292","82292","82292","1189","1189","1189","82349","82349","82349","1017","1017","1017"
"691","82398","82398","82398","1138","1138","1138","82413","82413","82413","996","996","996","82532","82532","82532","1141","1141","1141","82296","82296","82296","1139","1139","1139","82353","82353","82353","1138","1138","1138"
"692","82402","82402","82402","1147","1147","1147","82417","82417","82417","1153","1153","1153","82536","82536","82536","1134","1134","1134","82300","82300","82300","1109","1109","1109","82357","82357","82357","1144","1144","1144"
"693","83438","83438","83438","1725","1725","1725","83453","83453","83453","1724","1724","1724","83573","83573","83573","1658","1658","1658","83337","83337","83337","1881","1881","1881","83398","83398","83398","1750","1750","1750"
"694","83442","83442","83442","1565","1565","1565","83457","83457","83457","1713","1713","1713","83577","83577","83577","1644","1644","1644","83341","83341","83341","1449","1449","1449","83402","83402","83402","1674","1674","1674"
"695","83446","83446","83446","1611","1611","1611","83461","83461","83461","1575","1575","1575","83581","83581","83581","1634","1634","1634","83345","83345","83345","1470","1470","1470","83406","83406","83406","1622","1622","1622"
"696","83450","83450","83450","1103","1103","1103","83465","83465","83465","1365","1365","1365","83585","83585","83585","1281","1281","1281","83349","83349","83349","1069","1069","1069","83410","83410","83410","1086","1086","1086"
"697","83454","83454","83454","1171","1171","1171","83469","83469","83469","1189","1189","1189","83589","83589","83589","1194","1194","1194","83353","83353","83353","1098","1098","1098","83414","83414","83414","1175","1175","1175"
"698","83458","83458","83458","1204","1204","1204","83473","83473","83473","1167","1167","1167","83593","83593","83593","1188","1188","1188","83357","83357","83357","1159","1159","1159","83418","83418","83418","1153","1153","1153"
"699","83462","83462","83462","1062","1062","1062","83477","83477","83477","1185","1185","1185","83597","83597","83597","1115","1115","1115","83361","83361","83361","1177","1177","1177","83422","83422","83422","1051","1051","1051"
"700","83466","83466","83466","1112","1112","1112","83481","83481","83481","1125","1125","1125","83601","83601","83601","1003","1003","1003","83365","83365","83365","1145","1145","1145","83426","83426","83426","1138","1138","1138"
"701","83470","83470","83470","1120","1120","1120","83485","83485","83485","1164","1164","1164","83605","83605","83605","1137","1137","1137","83369","83369","83369","1111","1111","1111","83430","83430","83430","1151","1151","1151"
"702","84506","84506","84506","1729","1729","1729","84522","84522","84522","1746","1746","1746","84651","84651","84651","1694","1694","1694","84405","84405","84405","1766","1766","1766","84467","84467","84467","1754","1754","1754"
"703","84510","84510","84510","1647","1647","1647","84526","84526","84526","1498","1498","1498","84655","84655","84655","1578","1578","1578","84409","84409","84409","1602","1602","1602","84471","84471","84471","1562","1562","1562"
"704","84514","84514","84514","1555","1555","1555","84530","84530","84530","1381","1381","1381","84659","84659","84659","1413","1413","1413","84413","84413","84413","1616","1616","1616","84475","84475","84475","1557","1557","1557"
"705","84518","84518","84518","1138","1138","1138","84534","84534","84534","1203","1203","1203","84663","84663","84663","1174","1174","1174","84417","84417","84417","1219","1219","1219","84479","84479","84479","1113","1113","1113"
"706","84522","84522","84522","1156","1156","1156","84538","84538","84538","1203","1203","1203","84667","84667","84667","1167","1167","1167","84421","84421","84421","1192","1192","1192","84483","84483","84483","1163","1163","1163"
"707","84526","84526","84526","1164","1164","1164","84542","84542","84542","1199","1199","1199","84671","84671","84671","1191","1191","1191","84425","84425","84425","1200","1200","1200","84487","84487","84487","1180","1180","1180"
"708","84530","84530","84530","1141","1141","1141","84546","84546","84546","1190","1190","1190","84675","84675","84675","1170","1170","1170","84429","84429","84429","1032","1032","1032","84491","84491","84491","1064","1064","1064"
"709","84534","84534","84534","1123","1123","1123","84550","84550","84550","1118","1118","1118","84679","84679","84679","1108","1108","1108","84433","84433","84433","1124","1124","1124","84495","84495","84495","1146","1146","1146"
"710","84538","84538","84538","1129","1129","1129","84554","84554","84554","1146","1146","1146","84683","84683","84683","1128","1128","1128","84437","84437","84437","1152","1152","1152","84499","84499","84499","1140","1140","1140"
"711","85574","85574","85574","1738","1738","1738","85595","85595","85595","1763","1763","1763","85719","85719","85719","1719","1719","1719","85479","85479","85479","1556","1556","1556","85535","85535","85535","1796","1796","1796"
"712","85578","85578","85578","1656","1656","1656","85599","85599","85599","1577","1577","1577","85723","85723","85723","1505","1505","1505","85483","85483","85483","1624","1624","1624","85539","85539","85539","1694","1694","1694"
"713","85582","85582","85582","1644","1644","1644","85603","85603","85603","1666","1666","1666","85727","85727","85727","1550","1550","1550","85487","85487","85487","1502","1502","1502","85543","85543","85543","1607","1607","1607"
"714","85586","85586","85586","1216","1216","1216","85607","85607","85607","1207","1207","1207","85731","85731","85731","1404","1404","1404","85496","85496","85496","1184","1184","1184","85547","85547","85547","1128","1128","1128"
"715","85591","85591","85591","1499","1499","1499","85612","85612","85612","1499","1499","1499","85735","85735","85735","1170","1170","1170","85500","85500","85500","1201","1201","1201","85551","85551","85551","1097","1097","1097"
"716","85595","85595","85595","1155","1155","1155","85616","85616","85616","1185","1185","1185","85739","85739","85739","1159","1159","1159","85504","85504","85504","1176","1176","1176","85555","85555","85555","1171","1171","1171"
"717","85599","85599","85599","1138","1138","1138","85620","85620","85620","1194","1194","1194","85743","85743","85743","1333","1333","1333","85508","85508","85508","1062","1062","1062","85559","85559","85559","1059","1059","1059"
"718","85603","85603","85603","979","979","979","85624","85624","85624","1156","1156","1156","85747","85747","85747","1140","1140","1140","85512","85512","85512","1164","1164","1164","85563","85563","85563","1139","1139","1139"
"719","85607","85607","85607","1120","1120","1120","85628","85628","85628","1112","1112","1112","85751","85751","85751","1111","1111","1111","85516","85516","85516","1145","1145","1145","85567","85567","85567","1154","1154","1154"
"720","86644","86644","86644","1837","1837","1837","86663","86663","86663","1814","1814","1814","86793","86793","86793","1691","1691","1691","86552","86552","86552","1773","1773","1773","86604","86604","86604","2019","2019","2019"
"721","86648","86648","86648","1551","1551","1551","86667","86667","86667","1510","1510","1510","86797","86797","86797","1541","1541","1541","86556","86556","86556","1600","1600","1600","86608","86608","86608","1646","1646","1646"
"722","86652","86652","86652","1530","1530","1530","86671","86671","86671","1605","1605","1605","86801","86801","86801","1580","1580","1580","86560","86560","86560","1742","1742","1742","86612","86612","86612","1511","1511","1511"
"723","86656","86656","86656","1208","1208","1208","86675","86675","86675","1094","1094","1094","86805","86805","86805","1296","1296","1296","86564","86564","86564","1090","1090","1090","86616","86616","86616","1113","1113","1113"
"724","86660","86660","86660","1158","1158","1158","86679","86679","86679","1189","1189","1189","86809","86809","86809","1094","1094","1094","86568","86568","86568","1187","1187","1187","86620","86620","86620","1206","1206","1206"
"725","86664","86664","86664","1167","1167","1167","86683","86683","86683","1174","1174","1174","86813","86813","86813","1165","1165","1165","86572","86572","86572","1244","1244","1244","86624","86624","86624","1160","1160","1160"
"726","86668","86668","86668","1132","1132","1132","86687","86687","86687","1180","1180","1180","86817","86817","86817","1392","1392","1392","86576","86576","86576","1045","1045","1045","86628","86628","86628","1068","1068","1068"
"727","86672","86672","86672","1102","1102","1102","86691","86691","86691","1133","1133","1133","86821","86821","86821","1153","1153","1153","86580","86580","86580","1131","1131","1131","86632","86632","86632","1100","1100","1100"
"728","86676","86676","86676","1119","1119","1119","86695","86695","86695","1114","1114","1114","86825","86825","86825","1138","1138","1138","86584","86584","86584","1146","1146","1146","86636","86636","86636","1143","1143","1143"
"729","87712","87712","87712","1710","1710","1710","87731","87731","87731","1748","1748","1748","87861","87861","87861","1728","1728","1728","87621","87621","87621","1899","1899","1899","87672","87672","87672","1890","1890","1890"
"730","87716","87716","87716","1520","1520","1520","87735","87735","87735","1495","1495","1495","87865","87865","87865","1520","1520","1520","87625","87625","87625","1423","1423","1423","87676","87676","87676","1705","1705","1705"
"731","87720","87720","87720","1572","1572","1572","87739","87739","87739","1443","1443","1443","87869","87869","87869","1552","1552","1552","87629","87629","87629","1568","1568","1568","87680","87680","87680","1624","1624","1624"
"732","87724","87724","87724","1225","1225","1225","87743","87743","87743","1162","1162","1162","87873","87873","87873","1302","1302","1302","87633","87633","87633","1799","1799","1799","87684","87684","87684","1254","1254","1254"
"733","87728","87728","87728","1164","1164","1164","87747","87747","87747","1152","1152","1152","87877","87877","87877","1185","1185","1185","87637","87637","87637","1209","1209","1209","87688","87688","87688","1159","1159","1159"
"734","87732","87732","87732","1171","1171","1171","87751","87751","87751","1181","1181","1181","87881","87881","87881","1167","1167","1167","87641","87641","87641","1164","1164","1164","87692","87692","87692","1173","1173","1173"
"735","87736","87736","87736","1053","1053","1053","87755","87755","87755","1158","1158","1158","87885","87885","87885","1174","1174","1174","87645","87645","87645","1026","1026","1026","87696","87696","87696","1100","1100","1100"
"736","87740","87740","87740","1123","1123","1123","87759","87759","87759","1138","1138","1138","87889","87889","87889","1151","1151","1151","87649","87649","87649","1120","1120","1120","87700","87700","87700","1119","1119","1119"
"737","87744","87744","87744","1135","1135","1135","87763","87763","87763","1140","1140","1140","87893","87893","87893","1126","1126","1126","87653","87653","87653","1123","1123","1123","87704","87704","87704","1144","1144","1144"
"738","88780","88780","88780","1728","1728","1728","88800","88800","88800","1677","1677","1677","88929","88929","88929","1698","1698","1698","88688","88688","88688","1825","1825","1825","88740","88740","88740","1856","1856","1856"
"739","88784","88784","88784","1607","1607","1607","88804","88804","88804","1514","1514","1514","88933","88933","88933","1573","1573","1573","88692","88692","88692","1637","1637","1637","88744","88744","88744","1570","1570","1570"
"740","88788","88788","88788","1591","1591","1591","88808","88808","88808","1604","1604","1604","88937","88937","88937","1601","1601","1601","88696","88696","88696","1485","1485","1485","88748","88748","88748","1679","1679","1679"
"741","88792","88792","88792","1217","1217","1217","88812","88812","88812","1193","1193","1193","88941","88941","88941","1255","1255","1255","88700","88700","88700","1105","1105","1105","88752","88752","88752","1248","1248","1248"
"742","88796","88796","88796","1159","1159","1159","88816","88816","88816","1160","1160","1160","88945","88945","88945","1191","1191","1191","88704","88704","88704","1168","1168","1168","88756","88756","88756","1152","1152","1152"
"743","88800","88800","88800","1177","1177","1177","88820","88820","88820","1176","1176","1176","88949","88949","88949","1180","1180","1180","88708","88708","88708","1243","1243","1243","88760","88760","88760","1169","1169","1169"
"744","88804","88804","88804","1133","1133","1133","88824","88824","88824","1154","1154","1154","88953","88953","88953","1130","1130","1130","88712","88712","88712","1046","1046","1046","88764","88764","88764","1087","1087","1087"
"745","88808","88808","88808","1118","1118","1118","88828","88828","88828","1145","1145","1145","88957","88957","88957","1139","1139","1139","88716","88716","88716","1152","1152","1152","88768","88768","88768","1151","1151","1151"
"746","88812","88812","88812","1114","1114","1114","88832","88832","88832","1099","1099","1099","88961","88961","88961","1154","1154","1154","88720","88720","88720","1132","1132","1132","88772","88772","88772","1139","1139","1139"
"747","89848","89848","89848","1735","1735","1735","89868","89868","89868","1782","1782","1782","89998","89998","89998","1706","1706","1706","89761","89761","89761","1745","1745","1745","89808","89808","89808","1814","1814","1814"
"748","89852","89852","89852","1516","1516","1516","89872","89872","89872","1462","1462","1462","90002","90002","90002","1519","1519","1519","89765","89765","89765","1466","1466","1466","89812","89812","89812","1685","1685","1685"
"749","89856","89856","89856","1542","1542","1542","89876","89876","89876","1521","1521","1521","90006","90006","90006","1680","1680","1680","89769","89769","89769","1611","1611","1611","89816","89816","89816","1483","1483","1483"
"750","89860","89860","89860","1146","1146","1146","89880","89880","89880","1162","1162","1162","90010","90010","90010","1302","1302","1302","89773","89773","89773","1273","1273","1273","89820","89820","89820","1364","1364","1364"
"751","89864","89864","89864","1076","1076","1076","89884","89884","89884","1164","1164","1164","90014","90014","90014","1196","1196","1196","89777","89777","89777","1173","1173","1173","89824","89824","89824","1163","1163","1163"
"752","89868","89868","89868","1176","1176","1176","89888","89888","89888","1190","1190","1190","90018","90018","90018","1162","1162","1162","89781","89781","89781","1210","1210","1210","89828","89828","89828","1148","1148","1148"
"753","89872","89872","89872","1067","1067","1067","89892","89892","89892","1162","1162","1162","90022","90022","90022","1390","1390","1390","89785","89785","89785","1046","1046","1046","89832","89832","89832","1068","1068","1068"
"754","89876","89876","89876","1046","1046","1046","89896","89896","89896","1125","1125","1125","90026","90026","90026","1141","1141","1141","89789","89789","89789","1135","1135","1135","89836","89836","89836","1119","1119","1119"
"755","89880","89880","89880","1118","1118","1118","89900","89900","89900","1145","1145","1145","90030","90030","90030","1135","1135","1135","89793","89793","89793","1142","1142","1142","89840","89840","89840","1103","1103","1103"
"756","90917","90917","90917","1762","1762","1762","90936","90936","90936","1789","1789","1789","91071","91071","91071","1721","1721","1721","90830","90830","90830","1768","1768","1768","90881","90881","90881","1900","1900","1900"
"757","90921","90921","90921","1540","1540","1540","90940","90940","90940","1534","1534","1534","91075","91075","91075","1485","1485","1485","90834","90834","90834","1548","1548","1548","90885","90885","90885","1580","1580","1580"
"758","90925","90925","90925","1495","1495","1495","90944","90944","90944","1490","1490","1490","91079","91079","91079","1549","1549","1549","90838","90838","90838","1631","1631","1631","90889","90889","90889","1592","1592","1592"
"759","90929","90929","90929","1257","1257","1257","90948","90948","90948","1184","1184","1184","91083","91083","91083","1261","1261","1261","90842","90842","90842","1358","1358","1358","90893","90893","90893","1097","1097","1097"
"760","90933","90933","90933","1157","1157","1157","90952","90952","90952","1180","1180","1180","91087","91087","91087","1193","1193","1193","90846","90846","90846","1164","1164","1164","90897","90897","90897","1499","1499","1499"
"761","90937","90937","90937","1185","1185","1185","90956","90956","90956","1183","1183","1183","91091","91091","91091","1169","1169","1169","90850","90850","90850","1162","1162","1162","90901","90901","90901","1160","1160","1160"
"762","90941","90941","90941","1167","1167","1167","90960","90960","90960","1162","1162","1162","91095","91095","91095","1379","1379","1379","90854","90854","90854","1056","1056","1056","90905","90905","90905","1066","1066","1066"
"763","90945","90945","90945","1005","1005","1005","90964","90964","90964","1130","1130","1130","91099","91099","91099","1135","1135","1135","90858","90858","90858","1157","1157","1157","90909","90909","90909","1136","1136","1136"
"764","90949","90949","90949","1120","1120","1120","90968","90968","90968","1133","1133","1133","91103","91103","91103","1129","1129","1129","90862","90862","90862","1160","1160","1160","90913","90913","90913","1146","1146","1146"
"765","91986","91986","91986","1699","1699","1699","92004","92004","92004","1713","1713","1713","92139","92139","92139","1692","1692","1692","91898","91898","91898","1794","1794","1794","91954","91954","91954","1805","1805","1805"
"766","91990","91990","91990","1545","1545","1545","92008","92008","92008","1541","1541","1541","92143","92143","92143","1645","1645","1645","91902","91902","91902","1559","1559","1559","91958","91958","91958","1704","1704","1704"
"767","91994","91994","91994","1589","1589","1589","92012","92012","92012","1569","1569","1569","92147","92147","92147","1509","1509","1509","91906","91906","91906","1619","1619","1619","91962","91962","91962","1689","1689","1689"
"768","91998","91998","91998","1253","1253","1253","92016","92016","92016","1038","1038","1038","92151","92151","92151","1180","1180","1180","91910","91910","91910","1087","1087","1087","91966","91966","91966","1252","1252","1252"
"769","92002","92002","92002","1145","1145","1145","92020","92020","92020","1198","1198","1198","92155","92155","92155","1167","1167","1167","91914","91914","91914","1208","1208","1208","91970","91970","91970","1094","1094","1094"
"770","92006","92006","92006","1171","1171","1171","92024","92024","92024","1200","1200","1200","92159","92159","92159","1174","1174","1174","91918","91918","91918","1143","1143","1143","91974","91974","91974","1168","1168","1168"
"771","92010","92010","92010","1039","1039","1039","92028","92028","92028","1145","1145","1145","92163","92163","92163","1514","1514","1514","91922","91922","91922","1042","1042","1042","91978","91978","91978","1249","1249","1249"
"772","92014","92014","92014","1049","1049","1049","92032","92032","92032","1115","1115","1115","92167","92167","92167","1135","1135","1135","91926","91926","91926","1106","1106","1106","91982","91982","91982","1144","1144","1144"
"773","92018","92018","92018","1038","1038","1038","92036","92036","92036","1155","1155","1155","92171","92171","92171","1154","1154","1154","91930","91930","91930","1145","1145","1145","91986","91986","91986","1128","1128","1128"
"774","93059","93059","93059","1787","1787","1787","93077","93077","93077","1929","1929","1929","93208","93208","93208","1700","1700","1700","92971","92971","92971","1770","1770","1770","93027","93027","93027","1785","1785","1785"
"775","93063","93063","93063","1514","1514","1514","93081","93081","93081","1545","1545","1545","93212","93212","93212","1668","1668","1668","92975","92975","92975","1445","1445","1445","93031","93031","93031","1655","1655","1655"
"776","93067","93067","93067","1525","1525","1525","93085","93085","93085","1519","1519","1519","93216","93216","93216","1654","1654","1654","92979","92979","92979","1589","1589","1589","93035","93035","93035","1644","1644","1644"
"777","93071","93071","93071","1210","1210","1210","93089","93089","93089","1039","1039","1039","93220","93220","93220","1424","1424","1424","92984","92984","92984","1163","1163","1163","93039","93039","93039","1250","1250","1250"
"778","93075","93075","93075","1161","1161","1161","93093","93093","93093","1198","1198","1198","93224","93224","93224","1169","1169","1169","92988","92988","92988","1177","1177","1177","93043","93043","93043","1180","1180","1180"
"779","93079","93079","93079","1167","1167","1167","93097","93097","93097","1199","1199","1199","93228","93228","93228","1180","1180","1180","92992","92992","92992","1171","1171","1171","93047","93047","93047","1156","1156","1156"
"780","93083","93083","93083","1177","1177","1177","93101","93101","93101","1171","1171","1171","93232","93232","93232","1492","1492","1492","92996","92996","92996","1029","1029","1029","93051","93051","93051","1034","1034","1034"
"781","93087","93087","93087","1117","1117","1117","93105","93105","93105","1164","1164","1164","93236","93236","93236","1140","1140","1140","93000","93000","93000","1143","1143","1143","93055","93055","93055","1143","1143","1143"
"782","93091","93091","93091","1110","1110","1110","93109","93109","93109","1157","1157","1157","93240","93240","93240","1155","1155","1155","93004","93004","93004","1131","1131","1131","93059","93059","93059","1134","1134","1134"
"783","94128","94128","94128","1850","1850","1850","94146","94146","94146","1881","1881","1881","94276","94276","94276","1755","1755","1755","94041","94041","94041","1660","1660","1660","94095","94095","94095","1798","1798","1798"
"784","94132","94132","94132","1570","1570","1570","94150","94150","94150","1701","1701","1701","94280","94280","94280","1483","1483","1483","94045","94045","94045","1432","1432","1432","94099","94099","94099","1693","1693","1693"
"785","94136","94136","94136","1558","1558","1558","94154","94154","94154","1660","1660","1660","94284","94284","94284","1585","1585","1585","94049","94049","94049","1637","1637","1637","94103","94103","94103","1486","1486","1486"
"786","94140","94140","94140","1303","1303","1303","94158","94158","94158","1024","1024","1024","94288","94288","94288","1281","1281","1281","94053","94053","94053","1177","1177","1177","94107","94107","94107","1523","1523","1523"
"787","94144","94144","94144","1188","1188","1188","94162","94162","94162","1200","1200","1200","94292","94292","94292","1198","1198","1198","94057","94057","94057","1162","1162","1162","94111","94111","94111","1095","1095","1095"
"788","94148","94148","94148","1206","1206","1206","94166","94166","94166","1166","1166","1166","94296","94296","94296","1175","1175","1175","94061","94061","94061","1204","1204","1204","94115","94115","94115","1028","1028","1028"
"789","94152","94152","94152","1073","1073","1073","94170","94170","94170","1182","1182","1182","94300","94300","94300","1493","1493","1493","94065","94065","94065","1012","1012","1012","94119","94119","94119","1066","1066","1066"
"790","94156","94156","94156","1141","1141","1141","94174","94174","94174","1169","1169","1169","94304","94304","94304","1103","1103","1103","94069","94069","94069","1119","1119","1119","94123","94123","94123","1141","1141","1141"
"791","94160","94160","94160","1128","1128","1128","94178","94178","94178","1144","1144","1144","94308","94308","94308","1122","1122","1122","94073","94073","94073","1108","1108","1108","94127","94127","94127","1140","1140","1140"
"792","95196","95196","95196","1791","1791","1791","95214","95214","95214","1746","1746","1746","95354","95354","95354","1726","1726","1726","95114","95114","95114","1603","1603","1603","95164","95164","95164","1786","1786","1786"
"793","95200","95200","95200","1490","1490","1490","95218","95218","95218","1418","1418","1418","95358","95358","95358","1516","1516","1516","95118","95118","95118","1639","1639","1639","95168","95168","95168","1604","1604","1604"
"794","95204","95204","95204","1559","1559","1559","95222","95222","95222","1608","1608","1608","95362","95362","95362","1588","1588","1588","95122","95122","95122","1447","1447","1447","95172","95172","95172","1529","1529","1529"
"795","95208","95208","95208","1203","1203","1203","95226","95226","95226","1171","1171","1171","95366","95366","95366","1324","1324","1324","95128","95128","95128","1067","1067","1067","95176","95176","95176","1799","1799","1799"
"796","95212","95212","95212","1191","1191","1191","95230","95230","95230","1167","1167","1167","95370","95370","95370","1163","1163","1163","95132","95132","95132","1091","1091","1091","95180","95180","95180","1160","1160","1160"
"797","95216","95216","95216","1163","1163","1163","95234","95234","95234","1154","1154","1154","95374","95374","95374","1160","1160","1160","95136","95136","95136","1187","1187","1187","95184","95184","95184","1154","1154","1154"
"798","95220","95220","95220","1136","1136","1136","95238","95238","95238","1160","1160","1160","95378","95378","95378","1517","1517","1517","95140","95140","95140","1016","1016","1016","95188","95188","95188","1163","1163","1163"
"799","95224","95224","95224","1113","1113","1113","95242","95242","95242","1134","1134","1134","95382","95382","95382","1140","1140","1140","95144","95144","95144","999","999","999","95192","95192","95192","1149","1149","1149"
"800","95228","95228","95228","1152","1152","1152","95246","95246","95246","1155","1155","1155","95386","95386","95386","1112","1112","1112","95148","95148","95148","1144","1144","1144","95196","95196","95196","1108","1108","1108"
"801","96264","96264","96264","1767","1767","1767","96287","96287","96287","1795","1795","1795","96428","96428","96428","1701","1701","1701","96184","96184","96184","1747","1747","1747","96231","96231","96231","1915","1915","1915"
"802","96268","96268","96268","1600","1600","1600","96291","96291","96291","1513","1513","1513","96432","96432","96432","1601","1601","1601","96188","96188","96188","1585","1585","1585","96235","96235","96235","1504","1504","1504"
"803","96272","96272","96272","1524","1524","1524","96295","96295","96295","1514","1514","1514","96436","96436","96436","1574","1574","1574","96192","96192","96192","1501","1501","1501","96239","96239","96239","1508","1508","1508"
"804","96276","96276","96276","1239","1239","1239","96299","96299","96299","1172","1172","1172","96440","96440","96440","1281","1281","1281","96196","96196","96196","1053","1053","1053","96243","96243","96243","1247","1247","1247"
"805","96280","96280","96280","1183","1183","1183","96303","96303","96303","1178","1178","1178","96444","96444","96444","1166","1166","1166","96200","96200","96200","1189","1189","1189","96247","96247","96247","1175","1175","1175"
"806","96284","96284","96284","1174","1174","1174","96307","96307","96307","1153","1153","1153","96448","96448","96448","1163","1163","1163","96204","96204","96204","1156","1156","1156","96251","96251","96251","1162","1162","1162"
"807","96288","96288","96288","1140","1140","1140","96311","96311","96311","1182","1182","1182","96452","96452","96452","1394","1394","1394","96208","96208","96208","1067","1067","1067","96255","96255","96255","1069","1069","1069"
"808","96292","96292","96292","1141","1141","1141","96315","96315","96315","1142","1142","1142","96456","96456","96456","963","963","963","96212","96212","96212","1137","1137","1137","96259","96259","96259","1157","1157","1157"
"809","96296","96296","96296","1124","1124","1124","96319","96319","96319","1110","1110","1110","96460","96460","96460","1143","1143","1143","96216","96216","96216","1145","1145","1145","96263","96263","96263","1134","1134","1134"
"810","97332","97332","97332","1768","1768","1768","97361","97361","97361","1690","1690","1690","97501","97501","97501","1730","1730","1730","97252","97252","97252","1793","1793","1793","97304","97304","97304","1815","1815","1815"
"811","97336","97336","97336","1524","1524","1524","97365","97365","97365","1466","1466","1466","97505","97505","97505","1454","1454","1454","97256","97256","97256","1520","1520","1520","97308","97308","97308","1541","1541","1541"
"812","97340","97340","97340","1523","1523","1523","97369","97369","97369","1517","1517","1517","97509","97509","97509","1462","1462","1462","97260","97260","97260","1618","1618","1618","97312","97312","97312","1652","1652","1652"
"813","97344","97344","97344","1266","1266","1266","97373","97373","97373","1364","1364","1364","97513","97513","97513","1400","1400","1400","97264","97264","97264","1060","1060","1060","97316","97316","97316","1246","1246","1246"
"814","97348","97348","97348","1160","1160","1160","97377","97377","97377","1184","1184","1184","97517","97517","97517","1189","1189","1189","97268","97268","97268","1151","1151","1151","97320","97320","97320","1167","1167","1167"
"815","97352","97352","97352","1172","1172","1172","97381","97381","97381","1170","1170","1170","97521","97521","97521","1160","1160","1160","97272","97272","97272","1188","1188","1188","97324","97324","97324","1157","1157","1157"
"816","97356","97356","97356","1060","1060","1060","97385","97385","97385","1391","1391","1391","97525","97525","97525","1299","1299","1299","97276","97276","97276","1026","1026","1026","97328","97328","97328","1035","1035","1035"
"817","97360","97360","97360","1147","1147","1147","97389","97389","97389","1137","1137","1137","97529","97529","97529","1134","1134","1134","97280","97280","97280","1155","1155","1155","97332","97332","97332","927","927","927"
"818","97364","97364","97364","1153","1153","1153","97393","97393","97393","1149","1149","1149","97533","97533","97533","1153","1153","1153","97284","97284","97284","1147","1147","1147","97336","97336","97336","1143","1143","1143"
"819","98405","98405","98405","1783","1783","1783","98434","98434","98434","1721","1721","1721","98570","98570","98570","1705","1705","1705","98321","98321","98321","1697","1697","1697","98373","98373","98373","1894","1894","1894"
"820","98409","98409","98409","1662","1662","1662","98438","98438","98438","1496","1496","1496","98574","98574","98574","1658","1658","1658","98325","98325","98325","1530","1530","1530","98377","98377","98377","1633","1633","1633"
"821","98413","98413","98413","1526","1526","1526","98442","98442","98442","1642","1642","1642","98578","98578","98578","1427","1427","1427","98329","98329","98329","1477","1477","1477","98381","98381","98381","1543","1543","1543"
"822","98417","98417","98417","1221","1221","1221","98446","98446","98446","1197","1197","1197","98582","98582","98582","1274","1274","1274","98333","98333","98333","1205","1205","1205","98385","98385","98385","1091","1091","1091"
"823","98421","98421","98421","1177","1177","1177","98450","98450","98450","1110","1110","1110","98586","98586","98586","1499","1499","1499","98337","98337","98337","1177","1177","1177","98389","98389","98389","1186","1186","1186"
"824","98425","98425","98425","1169","1169","1169","98454","98454","98454","1157","1157","1157","98590","98590","98590","1160","1160","1160","98341","98341","98341","1156","1156","1156","98393","98393","98393","1155","1155","1155"
"825","98429","98429","98429","1136","1136","1136","98458","98458","98458","1174","1174","1174","98594","98594","98594","1504","1504","1504","98345","98345","98345","1010","1010","1010","98397","98397","98397","1090","1090","1090"
"826","98433","98433","98433","1057","1057","1057","98462","98462","98462","1117","1117","1117","98598","98598","98598","1133","1133","1133","98349","98349","98349","1140","1140","1140","98401","98401","98401","1148","1148","1148"
"827","98437","98437","98437","1123","1123","1123","98466","98466","98466","1120","1120","1120","98602","98602","98602","1157","1157","1157","98353","98353","98353","1142","1142","1142","98405","98405","98405","1130","1130","1130"
"828","99475","99475","99475","1832","1832","1832","99507","99507","99507","1798","1798","1798","99642","99642","99642","1705","1705","1705","99389","99389","99389","1583","1583","1583","99441","99441","99441","1808","1808","1808"
"829","99479","99479","99479","1503","1503","1503","99511","99511","99511","1492","1492","1492","99646","99646","99646","1631","1631","1631","99393","99393","99393","1612","1612","1612","99445","99445","99445","1510","1510","1510"
"830","99483","99483","99483","1528","1528","1528","99515","99515","99515","1595","1595","1595","99650","99650","99650","1611","1611","1611","99397","99397","99397","1469","1469","1469","99449","99449","99449","1594","1594","1594"
"831","99487","99487","99487","1201","1201","1201","99519","99519","99519","1388","1388","1388","99654","99654","99654","1400","1400","1400","99401","99401","99401","1073","1073","1073","99453","99453","99453","1094","1094","1094"
"832","99491","99491","99491","1167","1167","1167","99523","99523","99523","1173","1173","1173","99658","99658","99658","1160","1160","1160","99405","99405","99405","1176","1176","1176","99457","99457","99457","1187","1187","1187"
"833","99495","99495","99495","1179","1179","1179","99527","99527","99527","1174","1174","1174","99662","99662","99662","1160","1160","1160","99409","99409","99409","1174","1174","1174","99461","99461","99461","1174","1174","1174"
"834","99499","99499","99499","1218","1218","1218","99531","99531","99531","1169","1169","1169","99666","99666","99666","1532","1532","1532","99413","99413","99413","1083","1083","1083","99465","99465","99465","1053","1053","1053"
"835","99503","99503","99503","1139","1139","1139","99535","99535","99535","1144","1144","1144","99670","99670","99670","1158","1158","1158","99417","99417","99417","1154","1154","1154","99469","99469","99469","1152","1152","1152"
"836","99507","99507","99507","1153","1153","1153","99539","99539","99539","1144","1144","1144","99674","99674","99674","1144","1144","1144","99421","99421","99421","1159","1159","1159","99473","99473","99473","1155","1155","1155"
"837","100543","100543","100543","1785","1785","1785","100575","100575","100575","1922","1922","1922","100715","100715","100715","1725","1725","1725","100457","100457","100457","1715","1715","1715","100515","100515","100515","1777","1777","1777"
"838","100547","100547","100547","1426","1426","1426","100579","100579","100579","1599","1599","1599","100719","100719","100719","1573","1573","1573","100461","100461","100461","1488","1488","1488","100519","100519","100519","1480","1480","1480"
"839","100551","100551","100551","1585","1585","1585","100583","100583","100583","1521","1521","1521","100723","100723","100723","1536","1536","1536","100465","100465","100465","1560","1560","1560","100523","100523","100523","1689","1689","1689"
"840","100555","100555","100555","1230","1230","1230","100587","100587","100587","1036","1036","1036","100727","100727","100727","1430","1430","1430","100469","100469","100469","1108","1108","1108","100527","100527","100527","1254","1254","1254"
"841","100559","100559","100559","1173","1173","1173","100591","100591","100591","1183","1183","1183","100731","100731","100731","1172","1172","1172","100473","100473","100473","1157","1157","1157","100531","100531","100531","1166","1166","1166"
"842","100563","100563","100563","1156","1156","1156","100595","100595","100595","1155","1155","1155","100735","100735","100735","1163","1163","1163","100477","100477","100477","1164","1164","1164","100535","100535","100535","1150","1150","1150"
"843","100567","100567","100567","1056","1056","1056","100599","100599","100599","1221","1221","1221","100739","100739","100739","1393","1393","1393","100481","100481","100481","1066","1066","1066","100539","100539","100539","1051","1051","1051"
"844","100571","100571","100571","1156","1156","1156","100603","100603","100603","1131","1131","1131","100743","100743","100743","1143","1143","1143","100485","100485","100485","1118","1118","1118","100543","100543","100543","1135","1135","1135"
"845","100575","100575","100575","1109","1109","1109","100607","100607","100607","1147","1147","1147","100747","100747","100747","1153","1153","1153","100489","100489","100489","1136","1136","1136","100547","100547","100547","1122","1122","1122"
"846","101611","101611","101611","1766","1766","1766","101648","101648","101648","1768","1768","1768","101784","101784","101784","1731","1731","1731","101526","101526","101526","1820","1820","1820","101583","101583","101583","1793","1793","1793"
"847","101615","101615","101615","1646","1646","1646","101652","101652","101652","1474","1474","1474","101788","101788","101788","1685","1685","1685","101530","101530","101530","1462","1462","1462","101587","101587","101587","1621","1621","1621"
"848","101619","101619","101619","1530","1530","1530","101656","101656","101656","1557","1557","1557","101792","101792","101792","1596","1596","1596","101534","101534","101534","1644","1644","1644","101591","101591","101591","1503","1503","1503"
"849","101623","101623","101623","1249","1249","1249","101660","101660","101660","1197","1197","1197","101796","101796","101796","1387","1387","1387","101543","101543","101543","1105","1105","1105","101595","101595","101595","1106","1106","1106"
"850","101627","101627","101627","1182","1182","1182","101664","101664","101664","1165","1165","1165","101800","101800","101800","1199","1199","1199","101547","101547","101547","1183","1183","1183","101599","101599","101599","1157","1157","1157"
"851","101631","101631","101631","1161","1161","1161","101668","101668","101668","1164","1164","1164","101804","101804","101804","1191","1191","1191","101551","101551","101551","1156","1156","1156","101603","101603","101603","1161","1161","1161"
"852","101635","101635","101635","1143","1143","1143","101672","101672","101672","1220","1220","1220","101808","101808","101808","1493","1493","1493","101555","101555","101555","1153","1153","1153","101607","101607","101607","1078","1078","1078"
"853","101639","101639","101639","1148","1148","1148","101676","101676","101676","1123","1123","1123","101812","101812","101812","1143","1143","1143","101559","101559","101559","926","926","926","101611","101611","101611","1145","1145","1145"
"854","101643","101643","101643","1140","1140","1140","101680","101680","101680","1149","1149","1149","101816","101816","101816","1148","1148","1148","101563","101563","101563","1142","1142","1142","101615","101615","101615","1144","1144","1144"
"855","102679","102679","102679","1824","1824","1824","102721","102721","102721","1727","1727","1727","102852","102852","102852","1686","1686","1686","102599","102599","102599","1769","1769","1769","102656","102656","102656","1784","1784","1784"
"856","102683","102683","102683","1667","1667","1667","102725","102725","102725","1620","1620","1620","102856","102856","102856","1562","1562","1562","102603","102603","102603","1585","1585","1585","102660","102660","102660","1662","1662","1662"
"857","102687","102687","102687","1637","1637","1637","102729","102729","102729","1651","1651","1651","102860","102860","102860","1585","1585","1585","102607","102607","102607","1573","1573","1573","102664","102664","102664","1636","1636","1636"
"858","102691","102691","102691","1217","1217","1217","102733","102733","102733","1052","1052","1052","102864","102864","102864","1430","1430","1430","102611","102611","102611","1067","1067","1067","102668","102668","102668","1255","1255","1255"
"859","102695","102695","102695","1172","1172","1172","102737","102737","102737","1194","1194","1194","102868","102868","102868","1174","1174","1174","102615","102615","102615","1157","1157","1157","102672","102672","102672","1156","1156","1156"
"860","102699","102699","102699","1159","1159","1159","102741","102741","102741","1170","1170","1170","102872","102872","102872","1174","1174","1174","102619","102619","102619","1164","1164","1164","102676","102676","102676","1163","1163","1163"
"861","102703","102703","102703","1218","1218","1218","102745","102745","102745","1167","1167","1167","102876","102876","102876","1367","1367","1367","102623","102623","102623","1058","1058","1058","102680","102680","102680","1056","1056","1056"
"862","102707","102707","102707","1136","1136","1136","102749","102749","102749","1143","1143","1143","102880","102880","102880","1142","1142","1142","102627","102627","102627","1189","1189","1189","102684","102684","102684","1104","1104","1104"
"863","102711","102711","102711","1116","1116","1116","102753","102753","102753","1113","1113","1113","102884","102884","102884","1146","1146","1146","102631","102631","102631","1139","1139","1139","102688","102688","102688","1151","1151","1151"
"864","103747","103747","103747","1783","1783","1783","103789","103789","103789","1967","1967","1967","103925","103925","103925","1714","1714","1714","103672","103672","103672","1625","1625","1625","103725","103725","103725","1829","1829","1829"
"865","103751","103751","103751","1641","1641","1641","103793","103793","103793","1546","1546","1546","103929","103929","103929","1507","1507","1507","103676","103676","103676","1524","1524","1524","103729","103729","103729","1506","1506","1506"
"866","103755","103755","103755","1433","1433","1433","103797","103797","103797","1592","1592","1592","103933","103933","103933","1578","1578","1578","103680","103680","103680","1508","1508","1508","103733","103733","103733","1547","1547","1547"
"867","103759","103759","103759","1249","1249","1249","103801","103801","103801","1051","1051","1051","103937","103937","103937","1386","1386","1386","103684","103684","103684","1155","1155","1155","103737","103737","103737","1248","1248","1248"
"868","103763","103763","103763","1499","1499","1499","103806","103806","103806","1233","1233","1233","103941","103941","103941","1174","1174","1174","103688","103688","103688","1177","1177","1177","103741","103741","103741","1154","1154","1154"
"869","103767","103767","103767","1190","1190","1190","103810","103810","103810","1164","1164","1164","103945","103945","103945","1166","1166","1166","103692","103692","103692","1162","1162","1162","103745","103745","103745","1164","1164","1164"
"870","103771","103771","103771","1153","1153","1153","103814","103814","103814","1146","1146","1146","103949","103949","103949","1492","1492","1492","103696","103696","103696","1077","1077","1077","103749","103749","103749","1073","1073","1073"
"871","103775","103775","103775","1128","1128","1128","103818","103818","103818","1163","1163","1163","103953","103953","103953","1143","1143","1143","103700","103700","103700","1138","1138","1138","103753","103753","103753","1141","1141","1141"
"872","103779","103779","103779","1147","1147","1147","103822","103822","103822","1163","1163","1163","103957","103957","103957","1001","1001","1001","103704","103704","103704","1128","1128","1128","103757","103757","103757","1135","1135","1135"
"873","104814","104814","104814","1793","1793","1793","104858","104858","104858","1873","1873","1873","104993","104993","104993","1714","1714","1714","104745","104745","104745","1545","1545","1545","104798","104798","104798","1826","1826","1826"
"874","104818","104818","104818","1547","1547","1547","104862","104862","104862","1999","1999","1999","104997","104997","104997","1498","1498","1498","104749","104749","104749","1524","1524","1524","104802","104802","104802","1555","1555","1555"
"875","104822","104822","104822","1464","1464","1464","104866","104866","104866","1629","1629","1629","105001","105001","105001","1514","1514","1514","104753","104753","104753","1661","1661","1661","104806","104806","104806","1602","1602","1602"
"876","104826","104826","104826","1150","1150","1150","104870","104870","104870","1242","1242","1242","105005","105005","105005","1394","1394","1394","104757","104757","104757","1245","1245","1245","104810","104810","104810","1087","1087","1087"
"877","104830","104830","104830","1195","1195","1195","104874","104874","104874","1194","1194","1194","105009","105009","105009","1180","1180","1180","104761","104761","104761","1189","1189","1189","104814","104814","104814","1154","1154","1154"
"878","104834","104834","104834","1156","1156","1156","104878","104878","104878","1170","1170","1170","105013","105013","105013","1161","1161","1161","104765","104765","104765","1204","1204","1204","104818","104818","104818","1151","1151","1151"
"879","104838","104838","104838","1157","1157","1157","104882","104882","104882","1161","1161","1161","105017","105017","105017","1389","1389","1389","104769","104769","104769","1047","1047","1047","104822","104822","104822","1092","1092","1092"
"880","104842","104842","104842","1133","1133","1133","104886","104886","104886","1144","1144","1144","105021","105021","105021","944","944","944","104773","104773","104773","1121","1121","1121","104826","104826","104826","1151","1151","1151"
"881","104846","104846","104846","1135","1135","1135","104890","104890","104890","1160","1160","1160","105025","105025","105025","1116","1116","1116","104777","104777","104777","1144","1144","1144","104830","104830","104830","1139","1139","1139"
"882","105883","105883","105883","1729","1729","1729","105926","105926","105926","1735","1735","1735","106067","106067","106067","1573","1573","1573","105813","105813","105813","1775","1775","1775","105866","105866","105866","1842","1842","1842"
"883","105887","105887","105887","1551","1551","1551","105930","105930","105930","1622","1622","1622","106071","106071","106071","1502","1502","1502","105817","105817","105817","1481","1481","1481","105870","105870","105870","1521","1521","1521"
"884","105891","105891","105891","1634","1634","1634","105934","105934","105934","1585","1585","1585","106075","106075","106075","1579","1579","1579","105821","105821","105821","1466","1466","1466","105874","105874","105874","1591","1591","1591"
"885","105895","105895","105895","1205","1205","1205","105938","105938","105938","1278","1278","1278","106079","106079","106079","1388","1388","1388","105825","105825","105825","1248","1248","1248","105878","105878","105878","1248","1248","1248"
"886","105899","105899","105899","1180","1180","1180","105942","105942","105942","1281","1281","1281","106083","106083","106083","1193","1193","1193","105829","105829","105829","1156","1156","1156","105882","105882","105882","1172","1172","1172"
"887","105903","105903","105903","1164","1164","1164","105946","105946","105946","1173","1173","1173","106087","106087","106087","1189","1189","1189","105833","105833","105833","1175","1175","1175","105886","105886","105886","1171","1171","1171"
"888","105907","105907","105907","1229","1229","1229","105950","105950","105950","992","992","992","106091","106091","106091","1509","1509","1509","105837","105837","105837","1067","1067","1067","105890","105890","105890","1083","1083","1083"
"889","105911","105911","105911","1059","1059","1059","105954","105954","105954","1160","1160","1160","106095","106095","106095","1145","1145","1145","105841","105841","105841","1149","1149","1149","105894","105894","105894","1120","1120","1120"
"890","105915","105915","105915","1128","1128","1128","105958","105958","105958","1126","1126","1126","106099","106099","106099","1119","1119","1119","105845","105845","105845","1139","1139","1139","105898","105898","105898","1135","1135","1135"
"891","106951","106951","106951","1835","1835","1835","106994","106994","106994","1681","1681","1681","107135","107135","107135","1712","1712","1712","106882","106882","106882","1562","1562","1562","106940","106940","106940","1898","1898","1898"
"892","106955","106955","106955","1530","1530","1530","106998","106998","106998","1466","1466","1466","107139","107139","107139","1602","1602","1602","106886","106886","106886","1657","1657","1657","106944","106944","106944","1510","1510","1510"
"893","106959","106959","106959","1578","1578","1578","107002","107002","107002","1559","1559","1559","107143","107143","107143","1591","1591","1591","106890","106890","106890","1495","1495","1495","106948","106948","106948","1562","1562","1562"
"894","106963","106963","106963","1163","1163","1163","107006","107006","107006","1196","1196","1196","107147","107147","107147","1410","1410","1410","106894","106894","106894","1248","1248","1248","106952","106952","106952","1799","1799","1799"
"895","106967","106967","106967","1170","1170","1170","107010","107010","107010","1259","1259","1259","107151","107151","107151","1161","1161","1161","106898","106898","106898","1156","1156","1156","106956","106956","106956","1172","1172","1172"
"896","106971","106971","106971","1164","1164","1164","107014","107014","107014","1157","1157","1157","107155","107155","107155","1159","1159","1159","106902","106902","106902","1187","1187","1187","106960","106960","106960","1163","1163","1163"
"897","106975","106975","106975","1140","1140","1140","107018","107018","107018","1160","1160","1160","107159","107159","107159","1386","1386","1386","106906","106906","106906","1119","1119","1119","106964","106964","106964","1138","1138","1138"
"898","106979","106979","106979","1122","1122","1122","107022","107022","107022","1112","1112","1112","107163","107163","107163","1142","1142","1142","106910","106910","106910","1132","1132","1132","106968","106968","106968","1134","1134","1134"
"899","106983","106983","106983","1117","1117","1117","107026","107026","107026","1010","1010","1010","107167","107167","107167","1127","1127","1127","106914","106914","106914","1129","1129","1129","106972","106972","106972","1129","1129","1129"
"900","108019","108019","108019","1754","1754","1754","108063","108063","108063","1773","1773","1773","108204","108204","108204","1717","1717","1717","107951","107951","107951","1822","1822","1822","108012","108012","108012","1777","1777","1777"
"901","108023","108023","108023","1549","1549","1549","108067","108067","108067","1653","1653","1653","108208","108208","108208","1649","1649","1649","107955","107955","107955","1423","1423","1423","108016","108016","108016","1507","1507","1507"
"902","108027","108027","108027","1678","1678","1678","108071","108071","108071","1600","1600","1600","108212","108212","108212","1546","1546","1546","107959","107959","107959","1596","1596","1596","108020","108020","108020","1532","1532","1532"
"903","108031","108031","108031","1232","1232","1232","108075","108075","108075","1196","1196","1196","108216","108216","108216","1369","1369","1369","107963","107963","107963","1053","1053","1053","108024","108024","108024","1098","1098","1098"
"904","108035","108035","108035","1165","1165","1165","108079","108079","108079","1205","1205","1205","108220","108220","108220","1180","1180","1180","107967","107967","107967","1195","1195","1195","108028","108028","108028","1169","1169","1169"
"905","108039","108039","108039","1173","1173","1173","108083","108083","108083","1179","1179","1179","108224","108224","108224","1167","1167","1167","107971","107971","107971","1176","1176","1176","108032","108032","108032","1177","1177","1177"
"906","108043","108043","108043","1118","1118","1118","108087","108087","108087","1143","1143","1143","108228","108228","108228","1369","1369","1369","107975","107975","107975","1028","1028","1028","108036","108036","108036","1102","1102","1102"
"907","108047","108047","108047","1106","1106","1106","108091","108091","108091","1138","1138","1138","108232","108232","108232","1148","1148","1148","107979","107979","107979","1114","1114","1114","108040","108040","108040","987","987","987"
"908","108051","108051","108051","1119","1119","1119","108095","108095","108095","1140","1140","1140","108236","108236","108236","1156","1156","1156","107983","107983","107983","1166","1166","1166","108044","108044","108044","1133","1133","1133"
"909","109087","109087","109087","1758","1758","1758","109136","109136","109136","1816","1816","1816","109277","109277","109277","1697","1697","1697","109019","109019","109019","1586","1586","1586","109081","109081","109081","1789","1789","1789"
"910","109091","109091","109091","1482","1482","1482","109140","109140","109140","1437","1437","1437","109281","109281","109281","1527","1527","1527","109023","109023","109023","1717","1717","1717","109085","109085","109085","1700","1700","1700"
"911","109095","109095","109095","1555","1555","1555","109144","109144","109144","1575","1575","1575","109285","109285","109285","1579","1579","1579","109027","109027","109027","1582","1582","1582","109089","109089","109089","1572","1572","1572"
"912","109099","109099","109099","1232","1232","1232","109148","109148","109148","1260","1260","1260","109289","109289","109289","1394","1394","1394","109031","109031","109031","1108","1108","1108","109093","109093","109093","1157","1157","1157"
"913","109103","109103","109103","1177","1177","1177","109152","109152","109152","1205","1205","1205","109293","109293","109293","1499","1499","1499","109035","109035","109035","1197","1197","1197","109097","109097","109097","1109","1109","1109"
"914","109107","109107","109107","1159","1159","1159","109156","109156","109156","1174","1174","1174","109297","109297","109297","1181","1181","1181","109039","109039","109039","1186","1186","1186","109101","109101","109101","1166","1166","1166"
"915","109111","109111","109111","1064","1064","1064","109160","109160","109160","1134","1134","1134","109301","109301","109301","1317","1317","1317","109043","109043","109043","1083","1083","1083","109105","109105","109105","1088","1088","1088"
"916","109115","109115","109115","1116","1116","1116","109164","109164","109164","1119","1119","1119","109305","109305","109305","1145","1145","1145","109047","109047","109047","1107","1107","1107","109109","109109","109109","1155","1155","1155"
"917","109119","109119","109119","1109","1109","1109","109168","109168","109168","1104","1104","1104","109309","109309","109309","985","985","985","109051","109051","109051","1161","1161","1161","109113","109113","109113","1104","1104","1104"
"918","110155","110155","110155","1747","1747","1747","110204","110204","110204","1754","1754","1754","110349","110349","110349","1736","1736","1736","110087","110087","110087","1810","1810","1810","110149","110149","110149","1810","1810","1810"
"919","110159","110159","110159","1556","1556","1556","110208","110208","110208","1709","1709","1709","110353","110353","110353","1663","1663","1663","110091","110091","110091","1463","1463","1463","110153","110153","110153","1522","1522","1522"
"920","110163","110163","110163","1466","1466","1466","110212","110212","110212","1452","1452","1452","110357","110357","110357","1567","1567","1567","110095","110095","110095","1549","1549","1549","110157","110157","110157","1675","1675","1675"
"921","110167","110167","110167","1278","1278","1278","110216","110216","110216","1205","1205","1205","110361","110361","110361","1394","1394","1394","110099","110099","110099","1050","1050","1050","110161","110161","110161","1253","1253","1253"
"922","110171","110171","110171","1174","1174","1174","110220","110220","110220","1184","1184","1184","110365","110365","110365","1160","1160","1160","110103","110103","110103","1169","1169","1169","110165","110165","110165","1039","1039","1039"
"923","110175","110175","110175","1156","1156","1156","110224","110224","110224","1173","1173","1173","110369","110369","110369","1181","1181","1181","110107","110107","110107","1163","1163","1163","110169","110169","110169","1165","1165","1165"
"924","110179","110179","110179","1247","1247","1247","110228","110228","110228","1204","1204","1204","110373","110373","110373","1308","1308","1308","110111","110111","110111","1070","1070","1070","110173","110173","110173","1062","1062","1062"
"925","110183","110183","110183","1000","1000","1000","110232","110232","110232","1145","1145","1145","110377","110377","110377","1131","1131","1131","110115","110115","110115","1140","1140","1140","110177","110177","110177","1140","1140","1140"
"926","110187","110187","110187","1120","1120","1120","110236","110236","110236","1148","1148","1148","110381","110381","110381","1131","1131","1131","110119","110119","110119","1136","1136","1136","110181","110181","110181","1136","1136","1136"
"927","111228","111228","111228","1684","1684","1684","111272","111272","111272","1747","1747","1747","111417","111417","111417","1715","1715","1715","111156","111156","111156","1544","1544","1544","111217","111217","111217","1807","1807","1807"
"928","111232","111232","111232","1481","1481","1481","111276","111276","111276","1489","1489","1489","111421","111421","111421","1636","1636","1636","111160","111160","111160","1670","1670","1670","111221","111221","111221","1554","1554","1554"
"929","111236","111236","111236","1502","1502","1502","111280","111280","111280","1499","1499","1499","111425","111425","111425","1580","1580","1580","111164","111164","111164","1999","1999","1999","111225","111225","111225","1503","1503","1503"
"930","111240","111240","111240","1225","1225","1225","111284","111284","111284","1038","1038","1038","111429","111429","111429","1436","1436","1436","111168","111168","111168","1073","1073","1073","111229","111229","111229","1096","1096","1096"
"931","111244","111244","111244","1180","1180","1180","111288","111288","111288","1171","1171","1171","111433","111433","111433","1196","1196","1196","111172","111172","111172","1151","1151","1151","111233","111233","111233","1229","1229","1229"
"932","111248","111248","111248","1163","1163","1163","111292","111292","111292","1179","1179","1179","111437","111437","111437","1159","1159","1159","111176","111176","111176","1152","1152","1152","111237","111237","111237","1172","1172","1172"
"933","111252","111252","111252","1184","1184","1184","111296","111296","111296","1194","1194","1194","111441","111441","111441","1383","1383","1383","111180","111180","111180","1061","1061","1061","111241","111241","111241","1081","1081","1081"
"934","111256","111256","111256","1121","1121","1121","111300","111300","111300","1114","1114","1114","111445","111445","111445","1137","1137","1137","111184","111184","111184","1129","1129","1129","111245","111245","111245","1145","1145","1145"
"935","111260","111260","111260","1114","1114","1114","111304","111304","111304","1163","1163","1163","111449","111449","111449","1117","1117","1117","111188","111188","111188","1134","1134","1134","111249","111249","111249","991","991","991"
"936","112296","112296","112296","1752","1752","1752","112340","112340","112340","1843","1843","1843","112490","112490","112490","1958","1958","1958","112224","112224","112224","1585","1585","1585","112286","112286","112286","1793","1793","1793"
"937","112300","112300","112300","1526","1526","1526","112344","112344","112344","1659","1659","1659","112494","112494","112494","1654","1654","1654","112228","112228","112228","1724","1724","1724","112290","112290","112290","1532","1532","1532"
"938","112304","112304","112304","1439","1439","1439","112348","112348","112348","1607","1607","1607","112498","112498","112498","1542","1542","1542","112232","112232","112232","1438","1438","1438","112294","112294","112294","1566","1566","1566"
"939","112308","112308","112308","1099","1099","1099","112352","112352","112352","1056","1056","1056","112502","112502","112502","1380","1380","1380","112236","112236","112236","1192","1192","1192","112298","112298","112298","1095","1095","1095"
"940","112312","112312","112312","1166","1166","1166","112356","112356","112356","1168","1168","1168","112506","112506","112506","1163","1163","1163","112240","112240","112240","1175","1175","1175","112302","112302","112302","1166","1166","1166"
"941","112316","112316","112316","1169","1169","1169","112360","112360","112360","1167","1167","1167","112510","112510","112510","1174","1174","1174","112244","112244","112244","1158","1158","1158","112306","112306","112306","1155","1155","1155"
"942","112320","112320","112320","1064","1064","1064","112364","112364","112364","1159","1159","1159","112514","112514","112514","1380","1380","1380","112248","112248","112248","1075","1075","1075","112310","112310","112310","1073","1073","1073"
"943","112324","112324","112324","973","973","973","112368","112368","112368","1167","1167","1167","112518","112518","112518","1139","1139","1139","112252","112252","112252","1134","1134","1134","112314","112314","112314","1123","1123","1123"
"944","112328","112328","112328","1108","1108","1108","112372","112372","112372","1165","1165","1165","112522","112522","112522","1136","1136","1136","112256","112256","112256","1154","1154","1154","112318","112318","112318","1134","1134","1134"
"945","113364","113364","113364","1738","1738","1738","113409","113409","113409","1725","1725","1725","113563","113563","113563","1719","1719","1719","113297","113297","113297","1535","1535","1535","113364","113364","113364","1718","1718","1718"
"946","113368","113368","113368","1509","1509","1509","113413","113413","113413","1429","1429","1429","113567","113567","113567","1512","1512","1512","113301","113301","113301","1661","1661","1661","113368","113368","113368","1678","1678","1678"
"947","113372","113372","113372","1527","1527","1527","113417","113417","113417","1410","1410","1410","113571","113571","113571","1655","1655","1655","113305","113305","113305","1503","1503","1503","113372","113372","113372","1572","1572","1572"
"948","113376","113376","113376","1217","1217","1217","113421","113421","113421","1278","1278","1278","113575","113575","113575","1396","1396","1396","113309","113309","113309","1058","1058","1058","113376","113376","113376","1103","1103","1103"
"949","113380","113380","113380","1208","1208","1208","113425","113425","113425","1219","1219","1219","113579","113579","113579","1164","1164","1164","113313","113313","113313","1167","1167","1167","113380","113380","113380","1163","1163","1163"
"950","113384","113384","113384","1184","1184","1184","113429","113429","113429","1244","1244","1244","113583","113583","113583","1165","1165","1165","113317","113317","113317","1160","1160","1160","113384","113384","113384","1161","1161","1161"
"951","113388","113388","113388","1146","1146","1146","113433","113433","113433","1176","1176","1176","113587","113587","113587","1496","1496","1496","113321","113321","113321","1028","1028","1028","113388","113388","113388","1063","1063","1063"
"952","113392","113392","113392","1153","1153","1153","113437","113437","113437","1153","1153","1153","113591","113591","113591","1136","1136","1136","113325","113325","113325","1152","1152","1152","113392","113392","113392","1129","1129","1129"
"953","113396","113396","113396","1130","1130","1130","113441","113441","113441","1154","1154","1154","113595","113595","113595","1145","1145","1145","113329","113329","113329","1117","1117","1117","113396","113396","113396","1137","1137","1137"
"954","114432","114432","114432","1636","1636","1636","114478","114478","114478","1666","1666","1666","114631","114631","114631","1759","1759","1759","114365","114365","114365","1650","1650","1650","114432","114432","114432","1821","1821","1821"
"955","114436","114436","114436","1528","1528","1528","114482","114482","114482","1417","1417","1417","114635","114635","114635","1599","1599","1599","114369","114369","114369","1677","1677","1677","114436","114436","114436","1655","1655","1655"
"956","114440","114440","114440","1471","1471","1471","114486","114486","114486","1999","1999","1999","114639","114639","114639","1631","1631","1631","114373","114373","114373","1555","1555","1555","114440","114440","114440","1509","1509","1509"
"957","114444","114444","114444","1212","1212","1212","114490","114490","114490","1246","1246","1246","114643","114643","114643","1357","1357","1357","114377","114377","114377","1054","1054","1054","114444","114444","114444","1261","1261","1261"
"958","114448","114448","114448","1172","1172","1172","114494","114494","114494","1172","1172","1172","114647","114647","114647","1162","1162","1162","114381","114381","114381","1185","1185","1185","114448","114448","114448","1159","1159","1159"
"959","114452","114452","114452","1154","1154","1154","114498","114498","114498","1173","1173","1173","114651","114651","114651","1179","1179","1179","114385","114385","114385","1174","1174","1174","114452","114452","114452","1182","1182","1182"
"960","114456","114456","114456","1139","1139","1139","114502","114502","114502","1219","1219","1219","114655","114655","114655","1490","1490","1490","114389","114389","114389","1073","1073","1073","114456","114456","114456","1263","1263","1263"
"961","114460","114460","114460","1158","1158","1158","114506","114506","114506","1172","1172","1172","114659","114659","114659","1119","1119","1119","114393","114393","114393","1144","1144","1144","114460","114460","114460","1125","1125","1125"
"962","114464","114464","114464","1121","1121","1121","114510","114510","114510","1128","1128","1128","114663","114663","114663","1146","1146","1146","114397","114397","114397","1108","1108","1108","114464","114464","114464","1140","1140","1140"
"963","115500","115500","115500","1631","1631","1631","115550","115550","115550","1646","1646","1646","115699","115699","115699","1744","1744","1744","115439","115439","115439","1732","1732","1732","115500","115500","115500","1724","1724","1724"
"964","115504","115504","115504","1503","1503","1503","115554","115554","115554","1558","1558","1558","115703","115703","115703","1569","1569","1569","115443","115443","115443","1578","1578","1578","115504","115504","115504","1558","1558","1558"
"965","115508","115508","115508","1452","1452","1452","115558","115558","115558","1585","1585","1585","115707","115707","115707","1769","1769","1769","115447","115447","115447","1563","1563","1563","115508","115508","115508","1559","1559","1559"
"966","115512","115512","115512","1230","1230","1230","115562","115562","115562","1799","1799","1799","115711","115711","115711","1401","1401","1401","115451","115451","115451","1054","1054","1054","115512","115512","115512","1076","1076","1076"
"967","115516","115516","115516","1169","1169","1169","115566","115566","115566","1148","1148","1148","115715","115715","115715","1189","1189","1189","115455","115455","115455","1191","1191","1191","115516","115516","115516","1165","1165","1165"
"968","115520","115520","115520","1166","1166","1166","115570","115570","115570","1182","1182","1182","115719","115719","115719","1177","1177","1177","115459","115459","115459","1170","1170","1170","115520","115520","115520","1163","1163","1163"
"969","115524","115524","115524","1130","1130","1130","115574","115574","115574","1179","1179","1179","115723","115723","115723","1492","1492","1492","115463","115463","115463","1060","1060","1060","115524","115524","115524","1154","1154","1154"
"970","115528","115528","115528","1122","1122","1122","115578","115578","115578","1153","1153","1153","115727","115727","115727","1126","1126","1126","115467","115467","115467","1153","1153","1153","115528","115528","115528","1109","1109","1109"
"971","115532","115532","115532","1123","1123","1123","115582","115582","115582","1129","1129","1129","115731","115731","115731","1163","1163","1163","115471","115471","115471","1153","1153","1153","115532","115532","115532","1155","1155","1155"
"972","116569","116569","116569","1624","1624","1624","116617","116617","116617","1754","1754","1754","116778","116778","116778","1768","1768","1768","116507","116507","116507","1716","1716","1716","116569","116569","116569","1773","1773","1773"
"973","116573","116573","116573","1524","1524","1524","116621","116621","116621","1494","1494","1494","116782","116782","116782","1619","1619","1619","116511","116511","116511","1470","1470","1470","116573","116573","116573","1487","1487","1487"
"974","116577","116577","116577","1510","1510","1510","116625","116625","116625","1479","1479","1479","116786","116786","116786","1521","1521","1521","116515","116515","116515","1583","1583","1583","116577","116577","116577","1474","1474","1474"
"975","116581","116581","116581","1215","1215","1215","116629","116629","116629","1270","1270","1270","116790","116790","116790","1385","1385","1385","116519","116519","116519","1259","1259","1259","116581","116581","116581","1094","1094","1094"
"976","116585","116585","116585","1186","1186","1186","116633","116633","116633","1166","1166","1166","116794","116794","116794","1176","1176","1176","116523","116523","116523","1178","1178","1178","116585","116585","116585","1169","1169","1169"
"977","116589","116589","116589","1174","1174","1174","116637","116637","116637","1172","1172","1172","116798","116798","116798","1183","1183","1183","116527","116527","116527","1169","1169","1169","116589","116589","116589","1180","1180","1180"
"978","116593","116593","116593","1131","1131","1131","116641","116641","116641","1178","1178","1178","116802","116802","116802","1306","1306","1306","116531","116531","116531","1079","1079","1079","116593","116593","116593","1241","1241","1241"
"979","116597","116597","116597","995","995","995","116645","116645","116645","1138","1138","1138","116806","116806","116806","1113","1113","1113","116535","116535","116535","1132","1132","1132","116597","116597","116597","1150","1150","1150"
"980","116601","116601","116601","1121","1121","1121","116649","116649","116649","1138","1138","1138","116810","116810","116810","1133","1133","1133","116539","116539","116539","1134","1134","1134","116601","116601","116601","1119","1119","1119"
"981","117637","117637","117637","1603","1603","1603","117691","117691","117691","1762","1762","1762","117847","117847","117847","1914","1914","1914","117575","117575","117575","1899","1899","1899","117637","117637","117637","1710","1710","1710"
"982","117641","117641","117641","1525","1525","1525","117695","117695","117695","1439","1439","1439","117851","117851","117851","1597","1597","1597","117579","117579","117579","1430","1430","1430","117641","117641","117641","1478","1478","1478"
"983","117645","117645","117645","1494","1494","1494","117699","117699","117699","1642","1642","1642","117855","117855","117855","1459","1459","1459","117583","117583","117583","1516","1516","1516","117645","117645","117645","1577","1577","1577"
"984","117649","117649","117649","1258","1258","1258","117703","117703","117703","1336","1336","1336","117859","117859","117859","1403","1403","1403","117587","117587","117587","1056","1056","1056","117649","117649","117649","1372","1372","1372"
"985","117653","117653","117653","1184","1184","1184","117707","117707","117707","1034","1034","1034","117863","117863","117863","1182","1182","1182","117591","117591","117591","1186","1186","1186","117653","117653","117653","1183","1183","1183"
"986","117657","117657","117657","1171","1171","1171","117711","117711","117711","1148","1148","1148","117867","117867","117867","1190","1190","1190","117595","117595","117595","1163","1163","1163","117657","117657","117657","1175","1175","1175"
"987","117661","117661","117661","1127","1127","1127","117715","117715","117715","1142","1142","1142","117871","117871","117871","1478","1478","1478","117599","117599","117599","1026","1026","1026","117661","117661","117661","1279","1279","1279"
"988","117665","117665","117665","1150","1150","1150","117719","117719","117719","1107","1107","1107","117875","117875","117875","945","945","945","117603","117603","117603","1161","1161","1161","117665","117665","117665","1150","1150","1150"
"989","117669","117669","117669","1153","1153","1153","117723","117723","117723","1102","1102","1102","117879","117879","117879","1151","1151","1151","117607","117607","117607","1160","1160","1160","117669","117669","117669","1129","1129","1129"
"990","118710","118710","118710","1688","1688","1688","118769","118769","118769","1758","1758","1758","118915","118915","118915","1782","1782","1782","118644","118644","118644","1757","1757","1757","118705","118705","118705","1583","1583","1583"
"991","118714","118714","118714","1597","1597","1597","118773","118773","118773","1474","1474","1474","118919","118919","118919","1680","1680","1680","118648","118648","118648","1721","1721","1721","118709","118709","118709","1474","1474","1474"
"992","118718","118718","118718","1493","1493","1493","118777","118777","118777","1465","1465","1465","118923","118923","118923","1597","1597","1597","118652","118652","118652","1474","1474","1474","118713","118713","118713","1544","1544","1544"
"993","118722","118722","118722","1102","1102","1102","118781","118781","118781","1334","1334","1334","118927","118927","118927","1483","1483","1483","118656","118656","118656","1043","1043","1043","118717","118717","118717","1799","1799","1799"
"994","118726","118726","118726","1163","1163","1163","118785","118785","118785","1178","1178","1178","118931","118931","118931","1184","1184","1184","118660","118660","118660","1177","1177","1177","118721","118721","118721","1156","1156","1156"
"995","118730","118730","118730","1162","1162","1162","118789","118789","118789","1144","1144","1144","118935","118935","118935","1159","1159","1159","118664","118664","118664","1178","1178","1178","118725","118725","118725","1184","1184","1184"
"996","118734","118734","118734","1133","1133","1133","118793","118793","118793","1252","1252","1252","118939","118939","118939","1297","1297","1297","118668","118668","118668","1094","1094","1094","118729","118729","118729","1056","1056","1056"
"997","118738","118738","118738","1038","1038","1038","118797","118797","118797","1066","1066","1066","118943","118943","118943","1156","1156","1156","118672","118672","118672","1137","1137","1137","118733","118733","118733","1159","1159","1159"
"998","118742","118742","118742","1117","1117","1117","118801","118801","118801","1138","1138","1138","118947","118947","118947","1153","1153","1153","118676","118676","118676","1151","1151","1151","118737","118737","118737","1146","1146","1146"
"999","119778","119778","119778","1616","1616","1616","119837","119837","119837","1738","1738","1738","119983","119983","119983","1752","1752","1752","119712","119712","119712","1814","1814","1814","119772","119772","119772","1684","1684","1684"
"1000","119782","119782","119782","1541","1541","1541","119841","119841","119841","1385","1385","1385","119987","119987","119987","1494","1494","1494","119716","119716","119716","1456","1456","1456","119776","119776","119776","1561","1561","1561"
"1001","119786","119786","119786","1621","1621","1621","119845","119845","119845","1402","1402","1402","119991","119991","119991","1747","1747","1747","119720","119720","119720","1588","1588","1588","119780","119780","119780","1596","1596","1596"
"1002","119790","119790","119790","1219","1219","1219","119849","119849","119849","1219","1219","1219","119995","119995","119995","1360","1360","1360","119724","119724","119724","1168","1168","1168","119784","119784","119784","1254","1254","1254"
"1003","119794","119794","119794","1001","1001","1001","119853","119853","119853","1192","1192","1192","119999","119999","119999","1499","1499","1499","119728","119728","119728","1174","1174","1174","119788","119788","119788","1193","1193","1193"
"1004","119798","119798","119798","1164","1164","1164","119857","119857","119857","1169","1169","1169","120003","120003","120003","1181","1181","1181","119732","119732","119732","1182","1182","1182","119792","119792","119792","1156","1156","1156"
"1005","119802","119802","119802","1307","1307","1307","119861","119861","119861","1172","1172","1172","120007","120007","120007","1497","1497","1497","119736","119736","119736","1076","1076","1076","119796","119796","119796","1090","1090","1090"
"1006","119806","119806","119806","1069","1069","1069","119865","119865","119865","1139","1139","1139","120011","120011","120011","1155","1155","1155","119740","119740","119740","1163","1163","1163","119800","119800","119800","1146","1146","1146"
"1007","119810","119810","119810","999","999","999","119869","119869","119869","1155","1155","1155","120015","120015","120015","1116","1116","1116","119744","119744","119744","1141","1141","1141","119804","119804","119804","1104","1104","1104"
"1008","120851","120851","120851","1769","1769","1769","120905","120905","120905","1697","1697","1697","121051","121051","121051","1787","1787","1787","120780","120780","120780","1569","1569","1569","120855","120855","120855","1690","1690","1690"
"1009","120855","120855","120855","1446","1446","1446","120909","120909","120909","1526","1526","1526","121055","121055","121055","1617","1617","1617","120784","120784","120784","1701","1701","1701","120859","120859","120859","1517","1517","1517"
"1010","120859","120859","120859","1644","1644","1644","120913","120913","120913","1544","1544","1544","121059","121059","121059","1520","1520","1520","120788","120788","120788","1579","1579","1579","120863","120863","120863","1636","1636","1636"
"1011","120863","120863","120863","1267","1267","1267","120917","120917","120917","1159","1159","1159","121063","121063","121063","1375","1375","1375","120792","120792","120792","1087","1087","1087","120867","120867","120867","1142","1142","1142"
"1012","120867","120867","120867","1082","1082","1082","120921","120921","120921","1173","1173","1173","121067","121067","121067","1223","1223","1223","120796","120796","120796","1156","1156","1156","120871","120871","120871","1163","1163","1163"
"1013","120871","120871","120871","1152","1152","1152","120925","120925","120925","1168","1168","1168","121071","121071","121071","1188","1188","1188","120800","120800","120800","1174","1174","1174","120875","120875","120875","1162","1162","1162"
"1014","120875","120875","120875","1134","1134","1134","120929","120929","120929","1136","1136","1136","121075","121075","121075","1481","1481","1481","120804","120804","120804","1046","1046","1046","120879","120879","120879","1249","1249","1249"
"1015","120879","120879","120879","1115","1115","1115","120933","120933","120933","1148","1148","1148","121079","121079","121079","1131","1131","1131","120808","120808","120808","1122","1122","1122","120883","120883","120883","1133","1133","1133"
"1016","120883","120883","120883","1121","1121","1121","120937","120937","120937","1144","1144","1144","121083","121083","121083","1155","1155","1155","120812","120812","120812","1123","1123","1123","120887","120887","120887","1144","1144","1144"
"1017","121920","121920","121920","1730","1730","1730","121979","121979","121979","1667","1667","1667","122119","122119","122119","1798","1798","1798","121849","121849","121849","1801","1801","1801","121923","121923","121923","1749","1749","1749"
"1018","121924","121924","121924","1537","1537","1537","121983","121983","121983","1599","1599","1599","122123","122123","122123","1513","1513","1513","121853","121853","121853","1595","1595","1595","121927","121927","121927","1543","1543","1543"
"1019","121928","121928","121928","1481","1481","1481","121987","121987","121987","1624","1624","1624","122127","122127","122127","1641","1641","1641","121857","121857","121857","1559","1559","1559","121931","121931","121931","1573","1573","1573"
"1020","121932","121932","121932","1210","1210","1210","121991","121991","121991","1360","1360","1360","122131","122131","122131","1386","1386","1386","121862","121862","121862","1059","1059","1059","121935","121935","121935","1799","1799","1799"
"1021","121936","121936","121936","1184","1184","1184","121995","121995","121995","1206","1206","1206","122135","122135","122135","1205","1205","1205","121866","121866","121866","1072","1072","1072","121939","121939","121939","1208","1208","1208"
"1022","121940","121940","121940","1173","1173","1173","121999","121999","121999","1168","1168","1168","122139","122139","122139","1181","1181","1181","121870","121870","121870","1185","1185","1185","121943","121943","121943","1162","1162","1162"
"1023","121944","121944","121944","1161","1161","1161","122003","122003","122003","1171","1171","1171","122143","122143","122143","1515","1515","1515","121874","121874","121874","1109","1109","1109","121947","121947","121947","1077","1077","1077"
"1024","121948","121948","121948","1145","1145","1145","122007","122007","122007","1100","1100","1100","122147","122147","122147","1147","1147","1147","121878","121878","121878","1132","1132","1132","121951","121951","121951","1143","1143","1143"
"1025","121952","121952","121952","1136","1136","1136","122011","122011","122011","1134","1134","1134","122151","122151","122151","1151","1151","1151","121882","121882","121882","1139","1139","1139","121955","121955","121955","1139","1139","1139"
"1026","122988","122988","122988","1606","1606","1606","123047","123047","123047","1787","1787","1787","123193","123193","123193","1867","1867","1867","122918","122918","122918","1769","1769","1769","122991","122991","122991","1594","1594","1594"
"1027","122992","122992","122992","1479","1479","1479","123051","123051","123051","1643","1643","1643","123197","123197","123197","1512","1512","1512","122922","122922","122922","1454","1454","1454","122995","122995","122995","1552","1552","1552"
"1028","122996","122996","122996","1510","1510","1510","123055","123055","123055","1631","1631","1631","123201","123201","123201","1569","1569","1569","122926","122926","122926","1612","1612","1612","122999","122999","122999","1557","1557","1557"
"1029","123000","123000","123000","1215","1215","1215","123059","123059","123059","1177","1177","1177","123205","123205","123205","1403","1403","1403","122930","122930","122930","1047","1047","1047","123003","123003","123003","1536","1536","1536"
"1030","123004","123004","123004","1192","1192","1192","123063","123063","123063","1189","1189","1189","123209","123209","123209","1177","1177","1177","122934","122934","122934","1083","1083","1083","123007","123007","123007","1186","1186","1186"
"1031","123008","123008","123008","1168","1168","1168","123067","123067","123067","1166","1166","1166","123213","123213","123213","1156","1156","1156","122938","122938","122938","1155","1155","1155","123011","123011","123011","1172","1172","1172"
"1032","123012","123012","123012","1143","1143","1143","123071","123071","123071","1134","1134","1134","123217","123217","123217","1381","1381","1381","122942","122942","122942","1064","1064","1064","123015","123015","123015","1053","1053","1053"
"1033","123016","123016","123016","1138","1138","1138","123075","123075","123075","1135","1135","1135","123221","123221","123221","1104","1104","1104","122946","122946","122946","1143","1143","1143","123019","123019","123019","1150","1150","1150"
"1034","123020","123020","123020","1123","1123","1123","123079","123079","123079","1141","1141","1141","123225","123225","123225","1140","1140","1140","122950","122950","122950","1137","1137","1137","123023","123023","123023","1159","1159","1159"
"1035","124056","124056","124056","1710","1710","1710","124115","124115","124115","1746","1746","1746","124266","124266","124266","1964","1964","1964","123986","123986","123986","1825","1825","1825","124059","124059","124059","1776","1776","1776"
"1036","124060","124060","124060","1662","1662","1662","124119","124119","124119","1535","1535","1535","124270","124270","124270","1566","1566","1566","123990","123990","123990","1712","1712","1712","124063","124063","124063","1534","1534","1534"
"1037","124064","124064","124064","1458","1458","1458","124123","124123","124123","1580","1580","1580","124274","124274","124274","1479","1479","1479","123994","123994","123994","1540","1540","1540","124067","124067","124067","1454","1454","1454"
"1038","124068","124068","124068","1219","1219","1219","124128","124128","124128","1209","1209","1209","124278","124278","124278","1444","1444","1444","123998","123998","123998","1052","1052","1052","124071","124071","124071","1090","1090","1090"
"1039","124072","124072","124072","1086","1086","1086","124132","124132","124132","1169","1169","1169","124282","124282","124282","1172","1172","1172","124002","124002","124002","1207","1207","1207","124075","124075","124075","1171","1171","1171"
"1040","124076","124076","124076","1169","1169","1169","124136","124136","124136","1174","1174","1174","124286","124286","124286","1165","1165","1165","124006","124006","124006","1172","1172","1172","124079","124079","124079","1168","1168","1168"
"1041","124080","124080","124080","1120","1120","1120","124140","124140","124140","1183","1183","1183","124290","124290","124290","1407","1407","1407","124010","124010","124010","1022","1022","1022","124083","124083","124083","1080","1080","1080"
"1042","124084","124084","124084","1103","1103","1103","124144","124144","124144","1119","1119","1119","124294","124294","124294","1147","1147","1147","124014","124014","124014","1150","1150","1150","124087","124087","124087","1141","1141","1141"
"1043","124088","124088","124088","1125","1125","1125","124148","124148","124148","1142","1142","1142","124298","124298","124298","1108","1108","1108","124018","124018","124018","1142","1142","1142","124091","124091","124091","1154","1154","1154"
"1044","125124","125124","125124","1622","1622","1622","125185","125185","125185","1647","1647","1647","125334","125334","125334","1769","1769","1769","125055","125055","125055","1609","1609","1609","125128","125128","125128","1733","1733","1733"
"1045","125128","125128","125128","1634","1634","1634","125189","125189","125189","1427","1427","1427","125338","125338","125338","1634","1634","1634","125059","125059","125059","1576","1576","1576","125132","125132","125132","1455","1455","1455"
"1046","125132","125132","125132","1530","1530","1530","125193","125193","125193","1606","1606","1606","125342","125342","125342","1503","1503","1503","125063","125063","125063","1731","1731","1731","125136","125136","125136","1589","1589","1589"
"1047","125136","125136","125136","1208","1208","1208","125197","125197","125197","1201","1201","1201","125346","125346","125346","1373","1373","1373","125067","125067","125067","1258","1258","1258","125140","125140","125140","1251","1251","1251"
"1048","125140","125140","125140","1149","1149","1149","125201","125201","125201","1192","1192","1192","125350","125350","125350","1174","1174","1174","125071","125071","125071","1138","1138","1138","125144","125144","125144","1159","1159","1159"
"1049","125144","125144","125144","1160","1160","1160","125205","125205","125205","1182","1182","1182","125354","125354","125354","1153","1153","1153","125075","125075","125075","1166","1166","1166","125148","125148","125148","1172","1172","1172"
"1050","125148","125148","125148","1213","1213","1213","125209","125209","125209","1168","1168","1168","125358","125358","125358","1348","1348","1348","125079","125079","125079","1062","1062","1062","125152","125152","125152","1055","1055","1055"
"1051","125152","125152","125152","1115","1115","1115","125213","125213","125213","1129","1129","1129","125362","125362","125362","1124","1124","1124","125083","125083","125083","1005","1005","1005","125156","125156","125156","1110","1110","1110"
"1052","125156","125156","125156","1130","1130","1130","125217","125217","125217","1141","1141","1141","125366","125366","125366","1141","1141","1141","125087","125087","125087","1133","1133","1133","125160","125160","125160","1001","1001","1001"
"1053","126192","126192","126192","1620","1620","1620","126258","126258","126258","1625","1625","1625","126403","126403","126403","1642","1642","1642","126123","126123","126123","1807","1807","1807","126201","126201","126201","1809","1809","1809"
"1054","126196","126196","126196","1532","1532","1532","126262","126262","126262","1438","1438","1438","126407","126407","126407","1645","1645","1645","126127","126127","126127","1522","1522","1522","126205","126205","126205","1661","1661","1661"
"1055","126200","126200","126200","1519","1519","1519","126266","126266","126266","1491","1491","1491","126411","126411","126411","1760","1760","1760","126131","126131","126131","1512","1512","1512","126209","126209","126209","1645","1645","1645"
"1056","126204","126204","126204","1106","1106","1106","126270","126270","126270","1339","1339","1339","126415","126415","126415","1502","1502","1502","126135","126135","126135","1106","1106","1106","126213","126213","126213","1250","1250","1250"
"1057","126208","126208","126208","1172","1172","1172","126274","126274","126274","1168","1168","1168","126419","126419","126419","1165","1165","1165","126139","126139","126139","1088","1088","1088","126217","126217","126217","1198","1198","1198"
"1058","126212","126212","126212","1165","1165","1165","126278","126278","126278","1159","1159","1159","126423","126423","126423","1179","1179","1179","126143","126143","126143","1155","1155","1155","126221","126221","126221","1192","1192","1192"
"1059","126216","126216","126216","1127","1127","1127","126282","126282","126282","1153","1153","1153","126427","126427","126427","1494","1494","1494","126147","126147","126147","1126","1126","1126","126225","126225","126225","1265","1265","1265"
"1060","126220","126220","126220","1122","1122","1122","126286","126286","126286","1116","1116","1116","126431","126431","126431","1143","1143","1143","126151","126151","126151","1164","1164","1164","126229","126229","126229","929","929","929"
"1061","126224","126224","126224","1104","1104","1104","126290","126290","126290","1137","1137","1137","126435","126435","126435","1133","1133","1133","126155","126155","126155","1160","1160","1160","126233","126233","126233","1141","1141","1141"
"1062","127260","127260","127260","1675","1675","1675","127326","127326","127326","1703","1703","1703","127471","127471","127471","1902","1902","1902","127191","127191","127191","1808","1808","1808","127274","127274","127274","1663","1663","1663"
"1063","127264","127264","127264","1637","1637","1637","127330","127330","127330","1550","1550","1550","127475","127475","127475","1585","1585","1585","127195","127195","127195","1566","1566","1566","127278","127278","127278","1614","1614","1614"
"1064","127268","127268","127268","1624","1624","1624","127334","127334","127334","1487","1487","1487","127479","127479","127479","1540","1540","1540","127199","127199","127199","1581","1581","1581","127282","127282","127282","1466","1466","1466"
"1065","127272","127272","127272","1207","1207","1207","127338","127338","127338","1242","1242","1242","127483","127483","127483","1394","1394","1394","127203","127203","127203","1250","1250","1250","127286","127286","127286","1531","1531","1531"
"1066","127276","127276","127276","1147","1147","1147","127342","127342","127342","1168","1168","1168","127487","127487","127487","1163","1163","1163","127207","127207","127207","1184","1184","1184","127290","127290","127290","1077","1077","1077"
"1067","127280","127280","127280","1163","1163","1163","127346","127346","127346","1169","1169","1169","127491","127491","127491","1186","1186","1186","127211","127211","127211","1176","1176","1176","127294","127294","127294","1172","1172","1172"
"1068","127284","127284","127284","1162","1162","1162","127350","127350","127350","1172","1172","1172","127495","127495","127495","1378","1378","1378","127215","127215","127215","1055","1055","1055","127298","127298","127298","1164","1164","1164"
"1069","127288","127288","127288","1138","1138","1138","127354","127354","127354","1150","1150","1150","127499","127499","127499","1150","1150","1150","127219","127219","127219","1115","1115","1115","127302","127302","127302","981","981","981"
"1070","127292","127292","127292","1110","1110","1110","127358","127358","127358","1141","1141","1141","127503","127503","127503","1141","1141","1141","127223","127223","127223","1159","1159","1159","127306","127306","127306","1141","1141","1141"
"1071","128328","128328","128328","1635","1635","1635","128395","128395","128395","1751","1751","1751","128539","128539","128539","1754","1754","1754","128271","128271","128271","1716","1716","1716","128347","128347","128347","1726","1726","1726"
"1072","128332","128332","128332","1519","1519","1519","128399","128399","128399","1400","1400","1400","128543","128543","128543","1730","1730","1730","128275","128275","128275","1576","1576","1576","128351","128351","128351","1646","1646","1646"
"1073","128336","128336","128336","1535","1535","1535","128403","128403","128403","1523","1523","1523","128547","128547","128547","1475","1475","1475","128279","128279","128279","1560","1560","1560","128355","128355","128355","1541","1541","1541"
"1074","128340","128340","128340","1218","1218","1218","128407","128407","128407","1166","1166","1166","128551","128551","128551","1386","1386","1386","128283","128283","128283","1231","1231","1231","128359","128359","128359","1095","1095","1095"
"1075","128344","128344","128344","1168","1168","1168","128411","128411","128411","1169","1169","1169","128555","128555","128555","1177","1177","1177","128287","128287","128287","1090","1090","1090","128363","128363","128363","1172","1172","1172"
"1076","128348","128348","128348","1179","1179","1179","128415","128415","128415","1163","1163","1163","128559","128559","128559","1175","1175","1175","128291","128291","128291","1158","1158","1158","128367","128367","128367","1163","1163","1163"
"1077","128352","128352","128352","1149","1149","1149","128419","128419","128419","1223","1223","1223","128563","128563","128563","1395","1395","1395","128295","128295","128295","1091","1091","1091","128371","128371","128371","1047","1047","1047"
"1078","128356","128356","128356","1055","1055","1055","128423","128423","128423","1148","1148","1148","128567","128567","128567","1142","1142","1142","128299","128299","128299","1133","1133","1133","128375","128375","128375","1138","1138","1138"
"1079","128360","128360","128360","1122","1122","1122","128427","128427","128427","1154","1154","1154","128571","128571","128571","1154","1154","1154","128303","128303","128303","1149","1149","1149","128379","128379","128379","1126","1126","1126"
"1080","129396","129396","129396","1725","1725","1725","129468","129468","129468","1605","1605","1605","129607","129607","129607","1914","1914","1914","129339","129339","129339","1649","1649","1649","129415","129415","129415","1622","1622","1622"
"1081","129400","129400","129400","1642","1642","1642","129472","129472","129472","1435","1435","1435","129611","129611","129611","1434","1434","1434","129343","129343","129343","1544","1544","1544","129419","129419","129419","1504","1504","1504"
"1082","129404","129404","129404","1505","1505","1505","129476","129476","129476","1460","1460","1460","129615","129615","129615","1511","1511","1511","129347","129347","129347","1621","1621","1621","129423","129423","129423","1544","1544","1544"
"1083","129408","129408","129408","1222","1222","1222","129480","129480","129480","1371","1371","1371","129619","129619","129619","1407","1407","1407","129351","129351","129351","1068","1068","1068","129427","129427","129427","1255","1255","1255"
"1084","129412","129412","129412","1179","1179","1179","129484","129484","129484","1151","1151","1151","129623","129623","129623","1159","1159","1159","129355","129355","129355","1209","1209","1209","129431","129431","129431","1166","1166","1166"
"1085","129416","129416","129416","1191","1191","1191","129488","129488","129488","1162","1162","1162","129627","129627","129627","1168","1168","1168","129359","129359","129359","1162","1162","1162","129435","129435","129435","1162","1162","1162"
"1086","129420","129420","129420","1154","1154","1154","129492","129492","129492","1216","1216","1216","129631","129631","129631","1498","1498","1498","129363","129363","129363","1077","1077","1077","129439","129439","129439","1116","1116","1116"
"1087","129424","129424","129424","1099","1099","1099","129496","129496","129496","1148","1148","1148","129635","129635","129635","1152","1152","1152","129367","129367","129367","1142","1142","1142","129443","129443","129443","1153","1153","1153"
"1088","129428","129428","129428","1145","1145","1145","129500","129500","129500","1113","1113","1113","129639","129639","129639","1120","1120","1120","129371","129371","129371","1145","1145","1145","129447","129447","129447","1125","1125","1125"
"1089","130464","130464","130464","1658","1658","1658","130537","130537","130537","1732","1732","1732","130680","130680","130680","1769","1769","1769","130407","130407","130407","1712","1712","1712","130484","130484","130484","1693","1693","1693"
"1090","130468","130468","130468","1473","1473","1473","130541","130541","130541","1480","1480","1480","130684","130684","130684","1594","1594","1594","130411","130411","130411","1427","1427","1427","130488","130488","130488","1626","1626","1626"
"1091","130472","130472","130472","1657","1657","1657","130545","130545","130545","1626","1626","1626","130688","130688","130688","1543","1543","1543","130415","130415","130415","1597","1597","1597","130492","130492","130492","1553","1553","1553"
"1092","130476","130476","130476","1229","1229","1229","130549","130549","130549","1161","1161","1161","130692","130692","130692","1399","1399","1399","130419","130419","130419","1088","1088","1088","130496","130496","130496","1261","1261","1261"
"1093","130480","130480","130480","1174","1174","1174","130553","130553","130553","1155","1155","1155","130696","130696","130696","1164","1164","1164","130423","130423","130423","1164","1164","1164","130500","130500","130500","1212","1212","1212"
"1094","130484","130484","130484","1165","1165","1165","130557","130557","130557","1177","1177","1177","130700","130700","130700","1158","1158","1158","130427","130427","130427","1182","1182","1182","130504","130504","130504","1173","1173","1173"
"1095","130488","130488","130488","1057","1057","1057","130561","130561","130561","1153","1153","1153","130704","130704","130704","1515","1515","1515","130431","130431","130431","1091","1091","1091","130508","130508","130508","1081","1081","1081"
"1096","130492","130492","130492","1108","1108","1108","130565","130565","130565","1143","1143","1143","130708","130708","130708","1140","1140","1140","130435","130435","130435","1144","1144","1144","130512","130512","130512","1130","1130","1130"
"1097","130496","130496","130496","1150","1150","1150","130569","130569","130569","1154","1154","1154","130712","130712","130712","1149","1149","1149","130439","130439","130439","1129","1129","1129","130516","130516","130516","1124","1124","1124"
"1098","131538","131538","131538","1611","1611","1611","131605","131605","131605","1769","1769","1769","131754","131754","131754","1715","1715","1715","131476","131476","131476","1811","1811","1811","131552","131552","131552","1749","1749","1749"
"1099","131542","131542","131542","1456","1456","1456","131609","131609","131609","1386","1386","1386","131758","131758","131758","1579","1579","1579","131480","131480","131480","1486","1486","1486","131556","131556","131556","1514","1514","1514"
"1100","131546","131546","131546","1462","1462","1462","131613","131613","131613","1645","1645","1645","131762","131762","131762","1511","1511","1511","131484","131484","131484","1571","1571","1571","131560","131560","131560","1405","1405","1405"
"1101","131550","131550","131550","1226","1226","1226","131617","131617","131617","1322","1322","1322","131766","131766","131766","1409","1409","1409","131488","131488","131488","1072","1072","1072","131564","131564","131564","1122","1122","1122"
"1102","131554","131554","131554","1172","1172","1172","131621","131621","131621","1185","1185","1185","131770","131770","131770","1178","1178","1178","131492","131492","131492","1193","1193","1193","131568","131568","131568","1182","1182","1182"
"1103","131558","131558","131558","1163","1163","1163","131625","131625","131625","1173","1173","1173","131774","131774","131774","1187","1187","1187","131496","131496","131496","1154","1154","1154","131572","131572","131572","1185","1185","1185"
"1104","131562","131562","131562","1305","1305","1305","131629","131629","131629","1187","1187","1187","131778","131778","131778","1488","1488","1488","131500","131500","131500","1075","1075","1075","131576","131576","131576","1100","1100","1100"
"1105","131566","131566","131566","947","947","947","131633","131633","131633","1138","1138","1138","131782","131782","131782","1116","1116","1116","131504","131504","131504","1145","1145","1145","131580","131580","131580","1126","1126","1126"
"1106","131570","131570","131570","1106","1106","1106","131637","131637","131637","1139","1139","1139","131786","131786","131786","1137","1137","1137","131508","131508","131508","1118","1118","1118","131584","131584","131584","1143","1143","1143"
"1107","132606","132606","132606","1602","1602","1602","132673","132673","132673","1869","1869","1869","132822","132822","132822","1928","1928","1928","132544","132544","132544","1715","1715","1715","132625","132625","132625","1707","1707","1707"
"1108","132610","132610","132610","1650","1650","1650","132677","132677","132677","1446","1446","1446","132826","132826","132826","1657","1657","1657","132548","132548","132548","1558","1558","1558","132629","132629","132629","1600","1600","1600"
"1109","132614","132614","132614","1645","1645","1645","132681","132681","132681","1523","1523","1523","132830","132830","132830","1571","1571","1571","132552","132552","132552","1585","1585","1585","132633","132633","132633","1566","1566","1566"
"1110","132618","132618","132618","1207","1207","1207","132685","132685","132685","1244","1244","1244","132834","132834","132834","1398","1398","1398","132556","132556","132556","1250","1250","1250","132637","132637","132637","1080","1080","1080"
"1111","132622","132622","132622","1179","1179","1179","132689","132689","132689","1168","1168","1168","132838","132838","132838","1163","1163","1163","132560","132560","132560","1198","1198","1198","132641","132641","132641","1168","1168","1168"
"1112","132626","132626","132626","1174","1174","1174","132693","132693","132693","1167","1167","1167","132842","132842","132842","1162","1162","1162","132564","132564","132564","1153","1153","1153","132645","132645","132645","1169","1169","1169"
"1113","132630","132630","132630","1170","1170","1170","132697","132697","132697","1045","1045","1045","132846","132846","132846","1485","1485","1485","132568","132568","132568","1077","1077","1077","132649","132649","132649","1083","1083","1083"
"1114","132634","132634","132634","1105","1105","1105","132701","132701","132701","1125","1125","1125","132850","132850","132850","1111","1111","1111","132572","132572","132572","1151","1151","1151","132653","132653","132653","1114","1114","1114"
"1115","132638","132638","132638","1119","1119","1119","132705","132705","132705","1155","1155","1155","132854","132854","132854","1125","1125","1125","132576","132576","132576","1154","1154","1154","132657","132657","132657","1144","1144","1144"
"1116","133674","133674","133674","1622","1622","1622","133748","133748","133748","1675","1675","1675","133895","133895","133895","1913","1913","1913","133617","133617","133617","1739","1739","1739","133694","133694","133694","1683","1683","1683"
"1117","133678","133678","133678","1643","1643","1643","133752","133752","133752","1508","1508","1508","133899","133899","133899","1582","1582","1582","133621","133621","133621","1600","1600","1600","133698","133698","133698","1512","1512","1512"
"1118","133682","133682","133682","1605","1605","1605","133756","133756","133756","1596","1596","1596","133903","133903","133903","1557","1557","1557","133625","133625","133625","1567","1567","1567","133702","133702","133702","1548","1548","1548"
"1119","133686","133686","133686","1256","1256","1256","133760","133760","133760","1171","1171","1171","133907","133907","133907","1435","1435","1435","133629","133629","133629","1052","1052","1052","133706","133706","133706","1799","1799","1799"
"1120","133690","133690","133690","1176","1176","1176","133764","133764","133764","1181","1181","1181","133911","133911","133911","1193","1193","1193","133633","133633","133633","1195","1195","1195","133710","133710","133710","1210","1210","1210"
"1121","133694","133694","133694","1163","1163","1163","133768","133768","133768","1164","1164","1164","133915","133915","133915","1183","1183","1183","133637","133637","133637","1168","1168","1168","133714","133714","133714","1167","1167","1167"
"1122","133698","133698","133698","1133","1133","1133","133772","133772","133772","1169","1169","1169","133919","133919","133919","1398","1398","1398","133641","133641","133641","1089","1089","1089","133718","133718","133718","1048","1048","1048"
"1123","133702","133702","133702","1136","1136","1136","133776","133776","133776","1152","1152","1152","133923","133923","133923","1151","1151","1151","133645","133645","133645","1113","1113","1113","133722","133722","133722","1116","1116","1116"
"1124","133706","133706","133706","1114","1114","1114","133780","133780","133780","1159","1159","1159","133927","133927","133927","971","971","971","133649","133649","133649","1156","1156","1156","133726","133726","133726","1162","1162","1162"
"1125","134743","134743","134743","1674","1674","1674","134816","134816","134816","1741","1741","1741","134968","134968","134968","1696","1696","1696","134686","134686","134686","1795","1795","1795","134761","134761","134761","1741","1741","1741"
"1126","134747","134747","134747","1574","1574","1574","134820","134820","134820","1589","1589","1589","134972","134972","134972","1658","1658","1658","134690","134690","134690","1519","1519","1519","134765","134765","134765","1425","1425","1425"
"1127","134751","134751","134751","1515","1515","1515","134824","134824","134824","1577","1577","1577","134976","134976","134976","1569","1569","1569","134694","134694","134694","1602","1602","1602","134769","134769","134769","1525","1525","1525"
"1128","134755","134755","134755","1226","1226","1226","134828","134828","134828","1346","1346","1346","134980","134980","134980","1372","1372","1372","134698","134698","134698","1125","1125","1125","134773","134773","134773","1256","1256","1256"
"1129","134759","134759","134759","1168","1168","1168","134832","134832","134832","1262","1262","1262","134984","134984","134984","1187","1187","1187","134702","134702","134702","1091","1091","1091","134777","134777","134777","1196","1196","1196"
"1130","134763","134763","134763","1160","1160","1160","134836","134836","134836","1168","1168","1168","134988","134988","134988","1161","1161","1161","134706","134706","134706","1177","1177","1177","134781","134781","134781","1171","1171","1171"
"1131","134767","134767","134767","1181","1181","1181","134840","134840","134840","1163","1163","1163","134992","134992","134992","1511","1511","1511","134710","134710","134710","1070","1070","1070","134785","134785","134785","1070","1070","1070"
"1132","134771","134771","134771","1110","1110","1110","134844","134844","134844","1157","1157","1157","134996","134996","134996","998","998","998","134714","134714","134714","1143","1143","1143","134789","134789","134789","1130","1130","1130"
"1133","134775","134775","134775","1133","1133","1133","134848","134848","134848","1108","1108","1108","135000","135000","135000","1154","1154","1154","134718","134718","134718","1120","1120","1120","134793","134793","134793","1129","1129","1129"
"1134","135811","135811","135811","1653","1653","1653","135885","135885","135885","1756","1756","1756","136036","136036","136036","1698","1698","1698","135754","135754","135754","1848","1848","1848","135829","135829","135829","1694","1694","1694"
"1135","135815","135815","135815","1466","1466","1466","135889","135889","135889","1465","1465","1465","136040","136040","136040","1660","1660","1660","135758","135758","135758","1641","1641","1641","135833","135833","135833","1490","1490","1490"
"1136","135819","135819","135819","1527","1527","1527","135893","135893","135893","1516","1516","1516","136044","136044","136044","1606","1606","1606","135762","135762","135762","1587","1587","1587","135837","135837","135837","1509","1509","1509"
"1137","135823","135823","135823","1185","1185","1185","135897","135897","135897","1184","1184","1184","136048","136048","136048","1385","1385","1385","135766","135766","135766","1799","1799","1799","135841","135841","135841","1102","1102","1102"
"1138","135827","135827","135827","1168","1168","1168","135901","135901","135901","1176","1176","1176","136052","136052","136052","1171","1171","1171","135770","135770","135770","1167","1167","1167","135845","135845","135845","1045","1045","1045"
"1139","135831","135831","135831","1183","1183","1183","135905","135905","135905","1499","1499","1499","136056","136056","136056","1184","1184","1184","135774","135774","135774","1163","1163","1163","135849","135849","135849","1167","1167","1167"
"1140","135835","135835","135835","1168","1168","1168","135909","135909","135909","997","997","997","136060","136060","136060","1286","1286","1286","135778","135778","135778","1135","1135","1135","135853","135853","135853","1055","1055","1055"
"1141","135839","135839","135839","1136","1136","1136","135913","135913","135913","1149","1149","1149","136064","136064","136064","987","987","987","135782","135782","135782","985","985","985","135857","135857","135857","1137","1137","1137"
"1142","135843","135843","135843","1139","1139","1139","135917","135917","135917","1147","1147","1147","136068","136068","136068","1158","1158","1158","135786","135786","135786","1160","1160","1160","135861","135861","135861","1164","1164","1164"
"1143","136879","136879","136879","1608","1608","1608","136952","136952","136952","1660","1660","1660","137114","137114","137114","1866","1866","1866","136837","136837","136837","1738","1738","1738","136898","136898","136898","1748","1748","1748"
"1144","136883","136883","136883","1643","1643","1643","136956","136956","136956","1606","1606","1606","137118","137118","137118","1517","1517","1517","136841","136841","136841","1642","1642","1642","136902","136902","136902","1458","1458","1458"
"1145","136887","136887","136887","1525","1525","1525","136960","136960","136960","1475","1475","1475","137122","137122","137122","1539","1539","1539","136845","136845","136845","1494","1494","1494","136906","136906","136906","1514","1514","1514"
"1146","136891","136891","136891","1240","1240","1240","136964","136964","136964","1329","1329","1329","137126","137126","137126","1799","1799","1799","136849","136849","136849","1799","1799","1799","136910","136910","136910","1079","1079","1079"
"1147","136895","136895","136895","1171","1171","1171","136968","136968","136968","1176","1176","1176","137130","137130","137130","1169","1169","1169","136853","136853","136853","1094","1094","1094","136914","136914","136914","1219","1219","1219"
"1148","136899","136899","136899","1167","1167","1167","136972","136972","136972","1146","1146","1146","137134","137134","137134","1187","1187","1187","136857","136857","136857","1147","1147","1147","136918","136918","136918","1199","1199","1199"
"1149","136903","136903","136903","1171","1171","1171","136976","136976","136976","1188","1188","1188","137138","137138","137138","1511","1511","1511","136861","136861","136861","1069","1069","1069","136922","136922","136922","1163","1163","1163"
"1150","136907","136907","136907","1114","1114","1114","136980","136980","136980","1154","1154","1154","137142","137142","137142","941","941","941","136865","136865","136865","1116","1116","1116","136926","136926","136926","1141","1141","1141"
"1151","136911","136911","136911","1144","1144","1144","136984","136984","136984","1121","1121","1121","137146","137146","137146","1128","1128","1128","136869","136869","136869","1144","1144","1144","136930","136930","136930","1148","1148","1148"
"1152","137947","137947","137947","1743","1743","1743","138025","138025","138025","1652","1652","1652","138182","138182","138182","1768","1768","1768","137904","137904","137904","1805","1805","1805","137971","137971","137971","1748","1748","1748"
"1153","137951","137951","137951","1472","1472","1472","138029","138029","138029","1426","1426","1426","138186","138186","138186","1640","1640","1640","137908","137908","137908","1721","1721","1721","137975","137975","137975","1493","1493","1493"
"1154","137955","137955","137955","1451","1451","1451","138033","138033","138033","1570","1570","1570","138190","138190","138190","1568","1568","1568","137912","137912","137912","1534","1534","1534","137979","137979","137979","1536","1536","1536"
"1155","137959","137959","137959","1229","1229","1229","138037","138037","138037","1133","1133","1133","138194","138194","138194","1342","1342","1342","137916","137916","137916","1070","1070","1070","137983","137983","137983","1255","1255","1255"
"1156","137963","137963","137963","1174","1174","1174","138041","138041","138041","1174","1174","1174","138198","138198","138198","1083","1083","1083","137920","137920","137920","1181","1181","1181","137987","137987","137987","1180","1180","1180"
"1157","137967","137967","137967","1180","1180","1180","138045","138045","138045","1171","1171","1171","138202","138202","138202","1169","1169","1169","137924","137924","137924","1176","1176","1176","137991","137991","137991","1185","1185","1185"
"1158","137971","137971","137971","1146","1146","1146","138049","138049","138049","1019","1019","1019","138206","138206","138206","1482","1482","1482","137928","137928","137928","1053","1053","1053","137995","137995","137995","1060","1060","1060"
"1159","137975","137975","137975","971","971","971","138053","138053","138053","1153","1153","1153","138210","138210","138210","1131","1131","1131","137932","137932","137932","992","992","992","137999","137999","137999","1145","1145","1145"
"1160","137979","137979","137979","1136","1136","1136","138057","138057","138057","1122","1122","1122","138214","138214","138214","1142","1142","1142","137936","137936","137936","1152","1152","1152","138003","138003","138003","1144","1144","1144"
"1161","139025","139025","139025","1718","1718","1718","139099","139099","139099","1754","1754","1754","139250","139250","139250","1762","1762","1762","138972","138972","138972","1778","1778","1778","139039","139039","139039","1628","1628","1628"
"1162","139029","139029","139029","1443","1443","1443","139103","139103","139103","1443","1443","1443","139254","139254","139254","1563","1563","1563","138976","138976","138976","1434","1434","1434","139043","139043","139043","1555","1555","1555"
"1163","139033","139033","139033","1623","1623","1623","139107","139107","139107","1999","1999","1999","139258","139258","139258","1512","1512","1512","138980","138980","138980","1527","1527","1527","139047","139047","139047","1500","1500","1500"
"1164","139037","139037","139037","1267","1267","1267","139111","139111","139111","1174","1174","1174","139262","139262","139262","1368","1368","1368","138984","138984","138984","1071","1071","1071","139051","139051","139051","1252","1252","1252"
"1165","139041","139041","139041","1175","1175","1175","139115","139115","139115","1177","1177","1177","139266","139266","139266","1156","1156","1156","138988","138988","138988","1097","1097","1097","139055","139055","139055","1178","1178","1178"
"1166","139045","139045","139045","1172","1172","1172","139119","139119","139119","1169","1169","1169","139270","139270","139270","1163","1163","1163","138992","138992","138992","1170","1170","1170","139059","139059","139059","1161","1161","1161"
"1167","139049","139049","139049","1153","1153","1153","139123","139123","139123","1165","1165","1165","139274","139274","139274","1275","1275","1275","138996","138996","138996","1059","1059","1059","139063","139063","139063","1165","1165","1165"
"1168","139053","139053","139053","1138","1138","1138","139127","139127","139127","1137","1137","1137","139278","139278","139278","1134","1134","1134","139000","139000","139000","957","957","957","139067","139067","139067","1099","1099","1099"
"1169","139057","139057","139057","1148","1148","1148","139131","139131","139131","1107","1107","1107","139282","139282","139282","1151","1151","1151","139004","139004","139004","1148","1148","1148","139071","139071","139071","1112","1112","1112"
"1170","140098","140098","140098","1713","1713","1713","140166","140166","140166","1553","1553","1553","140318","140318","140318","1914","1914","1914","140040","140040","140040","1797","1797","1797","140107","140107","140107","1637","1637","1637"
"1171","140102","140102","140102","1638","1638","1638","140170","140170","140170","1624","1624","1624","140322","140322","140322","1653","1653","1653","140044","140044","140044","1514","1514","1514","140111","140111","140111","1547","1547","1547"
"1172","140106","140106","140106","1624","1624","1624","140174","140174","140174","1593","1593","1593","140326","140326","140326","1613","1613","1613","140048","140048","140048","1536","1536","1536","140115","140115","140115","1431","1431","1431"
"1173","140110","140110","140110","1206","1206","1206","140178","140178","140178","1251","1251","1251","140330","140330","140330","1353","1353","1353","140052","140052","140052","1068","1068","1068","140119","140119","140119","1227","1227","1227"
"1174","140114","140114","140114","1183","1183","1183","140182","140182","140182","1221","1221","1221","140334","140334","140334","1164","1164","1164","140056","140056","140056","1156","1156","1156","140123","140123","140123","1218","1218","1218"
"1175","140118","140118","140118","1162","1162","1162","140186","140186","140186","1188","1188","1188","140338","140338","140338","1163","1163","1163","140060","140060","140060","1174","1174","1174","140127","140127","140127","1169","1169","1169"
"1176","140122","140122","140122","1083","1083","1083","140190","140190","140190","1171","1171","1171","140342","140342","140342","1483","1483","1483","140064","140064","140064","1059","1059","1059","140131","140131","140131","1086","1086","1086"
"1177","140126","140126","140126","1057","1057","1057","140194","140194","140194","1118","1118","1118","140346","140346","140346","935","935","935","140068","140068","140068","1123","1123","1123","140135","140135","140135","1166","1166","1166"
"1178","140130","140130","140130","1147","1147","1147","140198","140198","140198","1132","1132","1132","140350","140350","140350","1151","1151","1151","140072","140072","140072","1149","1149","1149","140139","140139","140139","1157","1157","1157"
"1179","141166","141166","141166","1738","1738","1738","141235","141235","141235","1662","1662","1662","141386","141386","141386","1747","1747","1747","141114","141114","141114","1769","1769","1769","141175","141175","141175","1685","1685","1685"
"1180","141170","141170","141170","1503","1503","1503","141239","141239","141239","1424","1424","1424","141390","141390","141390","1630","1630","1630","141118","141118","141118","1566","1566","1566","141179","141179","141179","1502","1502","1502"
"1181","141174","141174","141174","1451","1451","1451","141243","141243","141243","1638","1638","1638","141394","141394","141394","1472","1472","1472","141122","141122","141122","1551","1551","1551","141183","141183","141183","1462","1462","1462"
"1182","141178","141178","141178","1125","1125","1125","141252","141252","141252","1236","1236","1236","141398","141398","141398","1399","1399","1399","141127","141127","141127","1081","1081","1081","141187","141187","141187","1116","1116","1116"
"1183","141182","141182","141182","1164","1164","1164","141256","141256","141256","1226","1226","1226","141402","141402","141402","1160","1160","1160","141131","141131","141131","1192","1192","1192","141191","141191","141191","1186","1186","1186"
"1184","141186","141186","141186","1161","1161","1161","141260","141260","141260","1179","1179","1179","141406","141406","141406","1170","1170","1170","141135","141135","141135","1172","1172","1172","141195","141195","141195","1203","1203","1203"
"1185","141190","141190","141190","1050","1050","1050","141264","141264","141264","1160","1160","1160","141410","141410","141410","1523","1523","1523","141139","141139","141139","1071","1071","1071","141199","141199","141199","1278","1278","1278"
"1186","141194","141194","141194","1069","1069","1069","141268","141268","141268","1107","1107","1107","141414","141414","141414","1146","1146","1146","141143","141143","141143","1118","1118","1118","141203","141203","141203","1141","1141","1141"
"1187","141198","141198","141198","1144","1144","1144","141272","141272","141272","976","976","976","141418","141418","141418","1126","1126","1126","141147","141147","141147","1156","1156","1156","141207","141207","141207","1134","1134","1134"
"1188","142234","142234","142234","1757","1757","1757","142313","142313","142313","1710","1710","1710","142454","142454","142454","1769","1769","1769","142184","142184","142184","1682","1682","1682","142244","142244","142244","1620","1620","1620"
"1189","142238","142238","142238","1458","1458","1458","142317","142317","142317","1458","1458","1458","142458","142458","142458","1573","1573","1573","142188","142188","142188","1463","1463","1463","142248","142248","142248","1477","1477","1477"
"1190","142242","142242","142242","1427","1427","1427","142321","142321","142321","1421","1421","1421","142462","142462","142462","1579","1579","1579","142192","142192","142192","1722","1722","1722","142252","142252","142252","1534","1534","1534"
"1191","142246","142246","142246","1213","1213","1213","142325","142325","142325","1403","1403","1403","142466","142466","142466","1392","1392","1392","142196","142196","142196","1054","1054","1054","142256","142256","142256","1799","1799","1799"
"1192","142250","142250","142250","1204","1204","1204","142329","142329","142329","1118","1118","1118","142470","142470","142470","1190","1190","1190","142200","142200","142200","1158","1158","1158","142260","142260","142260","1166","1166","1166"
"1193","142254","142254","142254","1169","1169","1169","142333","142333","142333","1190","1190","1190","142474","142474","142474","1166","1166","1166","142204","142204","142204","1170","1170","1170","142264","142264","142264","1164","1164","1164"
"1194","142258","142258","142258","1176","1176","1176","142337","142337","142337","1213","1213","1213","142478","142478","142478","1391","1391","1391","142208","142208","142208","1053","1053","1053","142268","142268","142268","1146","1146","1146"
"1195","142262","142262","142262","1132","1132","1132","142341","142341","142341","1147","1147","1147","142482","142482","142482","1153","1153","1153","142212","142212","142212","1040","1040","1040","142272","142272","142272","1150","1150","1150"
"1196","142266","142266","142266","1128","1128","1128","142345","142345","142345","1153","1153","1153","142486","142486","142486","1146","1146","1146","142216","142216","142216","1138","1138","1138","142276","142276","142276","1140","1140","1140"
"1197","143302","143302","143302","1699","1699","1699","143386","143386","143386","1666","1666","1666","143522","143522","143522","1782","1782","1782","143253","143253","143253","1807","1807","1807","143311","143311","143311","1686","1686","1686"
"1198","143306","143306","143306","1418","1418","1418","143390","143390","143390","1631","1631","1631","143526","143526","143526","1547","1547","1547","143257","143257","143257","1435","1435","1435","143315","143315","143315","1611","1611","1611"
"1199","143310","143310","143310","1493","1493","1493","143394","143394","143394","1671","1671","1671","143530","143530","143530","1563","1563","1563","143261","143261","143261","1582","1582","1582","143319","143319","143319","1630","1630","1630"
"1200","143314","143314","143314","1103","1103","1103","143398","143398","143398","1109","1109","1109","143534","143534","143534","1405","1405","1405","143265","143265","143265","1250","1250","1250","143323","143323","143323","1251","1251","1251"
"1201","143318","143318","143318","1165","1165","1165","143402","143402","143402","1146","1146","1146","143538","143538","143538","1186","1186","1186","143269","143269","143269","1118","1118","1118","143327","143327","143327","1196","1196","1196"
"1202","143322","143322","143322","1160","1160","1160","143406","143406","143406","1156","1156","1156","143542","143542","143542","1194","1194","1194","143273","143273","143273","1164","1164","1164","143331","143331","143331","1182","1182","1182"
"1203","143326","143326","143326","1147","1147","1147","143410","143410","143410","1157","1157","1157","143546","143546","143546","1398","1398","1398","143277","143277","143277","1070","1070","1070","143335","143335","143335","1054","1054","1054"
"1204","143330","143330","143330","1125","1125","1125","143414","143414","143414","1131","1131","1131","143550","143550","143550","1116","1116","1116","143281","143281","143281","1146","1146","1146","143339","143339","143339","1157","1157","1157"
"1205","143334","143334","143334","1112","1112","1112","143418","143418","143418","1112","1112","1112","143554","143554","143554","1133","1133","1133","143285","143285","143285","1163","1163","1163","143343","143343","143343","1157","1157","1157"
"1206","144375","144375","144375","1725","1725","1725","144454","144454","144454","1774","1774","1774","144590","144590","144590","1758","1758","1758","144321","144321","144321","1652","1652","1652","144384","144384","144384","1782","1782","1782"
"1207","144379","144379","144379","1629","1629","1629","144458","144458","144458","1470","1470","1470","144594","144594","144594","1601","1601","1601","144325","144325","144325","1528","1528","1528","144388","144388","144388","1627","1627","1627"
"1208","144383","144383","144383","1632","1632","1632","144462","144462","144462","1430","1430","1430","144598","144598","144598","1768","1768","1768","144329","144329","144329","1629","1629","1629","144392","144392","144392","1533","1533","1533"
"1209","144387","144387","144387","1209","1209","1209","144466","144466","144466","1259","1259","1259","144602","144602","144602","1237","1237","1237","144333","144333","144333","1058","1058","1058","144396","144396","144396","1099","1099","1099"
"1210","144391","144391","144391","1175","1175","1175","144470","144470","144470","1176","1176","1176","144606","144606","144606","990","990","990","144337","144337","144337","1216","1216","1216","144400","144400","144400","1189","1189","1189"
"1211","144395","144395","144395","1166","1166","1166","144474","144474","144474","1168","1168","1168","144610","144610","144610","1191","1191","1191","144341","144341","144341","1202","1202","1202","144404","144404","144404","1159","1159","1159"
"1212","144399","144399","144399","1125","1125","1125","144478","144478","144478","1140","1140","1140","144614","144614","144614","1138","1138","1138","144345","144345","144345","1115","1115","1115","144408","144408","144408","1167","1167","1167"
"1213","144403","144403","144403","1134","1134","1134","144482","144482","144482","1133","1133","1133","144618","144618","144618","944","944","944","144349","144349","144349","1145","1145","1145","144412","144412","144412","1141","1141","1141"
"1214","144407","144407","144407","1135","1135","1135","144486","144486","144486","1104","1104","1104","144622","144622","144622","1153","1153","1153","144353","144353","144353","1159","1159","1159","144416","144416","144416","1139","1139","1139"
"1215","145449","145449","145449","1757","1757","1757","145522","145522","145522","1765","1765","1765","145663","145663","145663","1766","1766","1766","145389","145389","145389","1857","1857","1857","145452","145452","145452","1567","1567","1567"
"1216","145453","145453","145453","1484","1484","1484","145526","145526","145526","1466","1466","1466","145667","145667","145667","1665","1665","1665","145393","145393","145393","1633","1633","1633","145456","145456","145456","1548","1548","1548"
"1217","145457","145457","145457","1509","1509","1509","145530","145530","145530","1608","1608","1608","145671","145671","145671","1536","1536","1536","145397","145397","145397","1598","1598","1598","145460","145460","145460","1628","1628","1628"
"1218","145461","145461","145461","1139","1139","1139","145534","145534","145534","1213","1213","1213","145675","145675","145675","1380","1380","1380","145401","145401","145401","1078","1078","1078","145464","145464","145464","1108","1108","1108"
"1219","145465","145465","145465","1169","1169","1169","145538","145538","145538","1192","1192","1192","145680","145680","145680","1499","1499","1499","145405","145405","145405","1167","1167","1167","145468","145468","145468","1113","1113","1113"
"1220","145469","145469","145469","1168","1168","1168","145542","145542","145542","1174","1174","1174","145684","145684","145684","1174","1174","1174","145409","145409","145409","1174","1174","1174","145472","145472","145472","1201","1201","1201"
"1221","145473","145473","145473","1157","1157","1157","145546","145546","145546","1145","1145","1145","145688","145688","145688","1502","1502","1502","145413","145413","145413","1047","1047","1047","145476","145476","145476","1066","1066","1066"
"1222","145477","145477","145477","1120","1120","1120","145550","145550","145550","1142","1142","1142","145692","145692","145692","1115","1115","1115","145417","145417","145417","1132","1132","1132","145480","145480","145480","1142","1142","1142"
"1223","145481","145481","145481","1124","1124","1124","145554","145554","145554","1111","1111","1111","145696","145696","145696","1108","1108","1108","145421","145421","145421","1135","1135","1135","145484","145484","145484","1153","1153","1153"
"1224","146517","146517","146517","1756","1756","1756","146591","146591","146591","1774","1774","1774","146731","146731","146731","1778","1778","1778","146458","146458","146458","1686","1686","1686","146520","146520","146520","1635","1635","1635"
"1225","146521","146521","146521","1622","1622","1622","146595","146595","146595","1432","1432","1432","146735","146735","146735","1459","1459","1459","146462","146462","146462","1430","1430","1430","146524","146524","146524","1607","1607","1607"
"1226","146525","146525","146525","1456","1456","1456","146599","146599","146599","1557","1557","1557","146739","146739","146739","1567","1567","1567","146466","146466","146466","1645","1645","1645","146528","146528","146528","1558","1558","1558"
"1227","146529","146529","146529","1206","1206","1206","146603","146603","146603","1405","1405","1405","146743","146743","146743","1408","1408","1408","146470","146470","146470","1047","1047","1047","146532","146532","146532","1799","1799","1799"
"1228","146533","146533","146533","1155","1155","1155","146607","146607","146607","1193","1193","1193","146747","146747","146747","1196","1196","1196","146474","146474","146474","1190","1190","1190","146536","146536","146536","1217","1217","1217"
"1229","146537","146537","146537","1161","1161","1161","146611","146611","146611","1184","1184","1184","146751","146751","146751","1168","1168","1168","146478","146478","146478","1157","1157","1157","146540","146540","146540","1175","1175","1175"
"1230","146541","146541","146541","1129","1129","1129","146615","146615","146615","1150","1150","1150","146755","146755","146755","1514","1514","1514","146482","146482","146482","1059","1059","1059","146544","146544","146544","1055","1055","1055"
"1231","146545","146545","146545","1054","1054","1054","146619","146619","146619","1165","1165","1165","146759","146759","146759","1127","1127","1127","146486","146486","146486","1118","1118","1118","146548","146548","146548","1133","1133","1133"
"1232","146549","146549","146549","1120","1120","1120","146623","146623","146623","1158","1158","1158","146763","146763","146763","1129","1129","1129","146490","146490","146490","1145","1145","1145","146552","146552","146552","1169","1169","1169"
"1233","147585","147585","147585","1699","1699","1699","147659","147659","147659","1843","1843","1843","147799","147799","147799","1924","1924","1924","147526","147526","147526","1678","1678","1678","147588","147588","147588","1719","1719","1719"
"1234","147589","147589","147589","1528","1528","1528","147663","147663","147663","1617","1617","1617","147803","147803","147803","1620","1620","1620","147530","147530","147530","1478","1478","1478","147592","147592","147592","1584","1584","1584"
"1235","147593","147593","147593","1603","1603","1603","147667","147667","147667","1451","1451","1451","147807","147807","147807","1491","1491","1491","147534","147534","147534","1457","1457","1457","147596","147596","147596","1537","1537","1537"
"1236","147597","147597","147597","1248","1248","1248","147671","147671","147671","1039","1039","1039","147811","147811","147811","1407","1407","1407","147538","147538","147538","1081","1081","1081","147600","147600","147600","1256","1256","1256"
"1237","147601","147601","147601","1180","1180","1180","147675","147675","147675","1278","1278","1278","147815","147815","147815","1149","1149","1149","147543","147543","147543","1499","1499","1499","147604","147604","147604","1194","1194","1194"
"1238","147605","147605","147605","1170","1170","1170","147679","147679","147679","1174","1174","1174","147819","147819","147819","1162","1162","1162","147547","147547","147547","1179","1179","1179","147608","147608","147608","1169","1169","1169"
"1239","147609","147609","147609","1142","1142","1142","147683","147683","147683","1182","1182","1182","147823","147823","147823","1501","1501","1501","147551","147551","147551","1028","1028","1028","147612","147612","147612","1055","1055","1055"
"1240","147613","147613","147613","1130","1130","1130","147687","147687","147687","1135","1135","1135","147827","147827","147827","1144","1144","1144","147555","147555","147555","1138","1138","1138","147616","147616","147616","1156","1156","1156"
"1241","147617","147617","147617","1113","1113","1113","147691","147691","147691","1155","1155","1155","147831","147831","147831","1127","1127","1127","147559","147559","147559","1136","1136","1136","147620","147620","147620","1141","1141","1141"
"1242","148653","148653","148653","1772","1772","1772","148727","148727","148727","1665","1665","1665","148867","148867","148867","1657","1657","1657","148599","148599","148599","1801","1801","1801","148656","148656","148656","1748","1748","1748"
"1243","148657","148657","148657","1455","1455","1455","148731","148731","148731","1473","1473","1473","148871","148871","148871","1634","1634","1634","148603","148603","148603","1499","1499","1499","148660","148660","148660","1697","1697","1697"
"1244","148661","148661","148661","1634","1634","1634","148735","148735","148735","1645","1645","1645","148875","148875","148875","1588","1588","1588","148607","148607","148607","1473","1473","1473","148664","148664","148664","1593","1593","1593"
"1245","148665","148665","148665","1249","1249","1249","148739","148739","148739","1193","1193","1193","148879","148879","148879","1412","1412","1412","148611","148611","148611","1063","1063","1063","148668","148668","148668","1091","1091","1091"
"1246","148669","148669","148669","1198","1198","1198","148743","148743","148743","1217","1217","1217","148883","148883","148883","1175","1175","1175","148615","148615","148615","1188","1188","1188","148672","148672","148672","1167","1167","1167"
"1247","148673","148673","148673","1153","1153","1153","148747","148747","148747","1182","1182","1182","148887","148887","148887","1168","1168","1168","148619","148619","148619","1165","1165","1165","148676","148676","148676","1168","1168","1168"
"1248","148677","148677","148677","1146","1146","1146","148751","148751","148751","1170","1170","1170","148891","148891","148891","1280","1280","1280","148623","148623","148623","1099","1099","1099","148680","148680","148680","1070","1070","1070"
"1249","148681","148681","148681","1154","1154","1154","148755","148755","148755","1146","1146","1146","148895","148895","148895","1133","1133","1133","148627","148627","148627","1134","1134","1134","148684","148684","148684","947","947","947"
"1250","148685","148685","148685","1117","1117","1117","148759","148759","148759","1147","1147","1147","148899","148899","148899","1136","1136","1136","148631","148631","148631","1131","1131","1131","148688","148688","148688","1147","1147","1147"
"1251","149721","149721","149721","1751","1751","1751","149795","149795","149795","1775","1775","1775","149940","149940","149940","1760","1760","1760","149667","149667","149667","1791","1791","1791","149729","149729","149729","1702","1702","1702"
"1252","149725","149725","149725","1632","1632","1632","149799","149799","149799","1456","1456","1456","149944","149944","149944","1748","1748","1748","149671","149671","149671","1595","1595","1595","149733","149733","149733","1615","1615","1615"
"1253","149729","149729","149729","1496","1496","1496","149803","149803","149803","1509","1509","1509","149948","149948","149948","1594","1594","1594","149675","149675","149675","1492","1492","1492","149737","149737","149737","1634","1634","1634"
"1254","149733","149733","149733","1221","1221","1221","149807","149807","149807","1117","1117","1117","149952","149952","149952","1523","1523","1523","149679","149679","149679","1077","1077","1077","149741","149741","149741","1243","1243","1243"
"1255","149737","149737","149737","1162","1162","1162","149811","149811","149811","1219","1219","1219","149956","149956","149956","1174","1174","1174","149683","149683","149683","1205","1205","1205","149745","149745","149745","1179","1179","1179"
"1256","149741","149741","149741","1175","1175","1175","149815","149815","149815","1173","1173","1173","149960","149960","149960","1159","1159","1159","149687","149687","149687","1197","1197","1197","149749","149749","149749","1158","1158","1158"
"1257","149745","149745","149745","1143","1143","1143","149819","149819","149819","1180","1180","1180","149964","149964","149964","1161","1161","1161","149691","149691","149691","1095","1095","1095","149753","149753","149753","1095","1095","1095"
"1258","149749","149749","149749","976","976","976","149823","149823","149823","1153","1153","1153","149968","149968","149968","1149","1149","1149","149695","149695","149695","1159","1159","1159","149757","149757","149757","1140","1140","1140"
"1259","149753","149753","149753","1149","1149","1149","149827","149827","149827","1141","1141","1141","149972","149972","149972","1123","1123","1123","149699","149699","149699","1113","1113","1113","149761","149761","149761","1159","1159","1159"
"1260","150789","150789","150789","1794","1794","1794","150873","150873","150873","1811","1811","1811","151019","151019","151019","1909","1909","1909","150746","150746","150746","1908","1908","1908","150803","150803","150803","1683","1683","1683"
"1261","150793","150793","150793","1642","1642","1642","150877","150877","150877","1615","1615","1615","151023","151023","151023","1646","1646","1646","150750","150750","150750","1500","1500","1500","150807","150807","150807","1450","1450","1450"
"1262","150797","150797","150797","1449","1449","1449","150881","150881","150881","1459","1459","1459","151027","151027","151027","1643","1643","1643","150754","150754","150754","1598","1598","1598","150811","150811","150811","1517","1517","1517"
"1263","150801","150801","150801","1180","1180","1180","150885","150885","150885","1051","1051","1051","151031","151031","151031","1381","1381","1381","150758","150758","150758","1073","1073","1073","150815","150815","150815","1258","1258","1258"
"1264","150805","150805","150805","1156","1156","1156","150889","150889","150889","1189","1189","1189","151035","151035","151035","1170","1170","1170","150762","150762","150762","1197","1197","1197","150819","150819","150819","1187","1187","1187"
"1265","150809","150809","150809","1191","1191","1191","150893","150893","150893","1174","1174","1174","151039","151039","151039","1165","1165","1165","150766","150766","150766","1184","1184","1184","150823","150823","150823","1154","1154","1154"
"1266","150813","150813","150813","1138","1138","1138","150897","150897","150897","1191","1191","1191","151043","151043","151043","1387","1387","1387","150770","150770","150770","1018","1018","1018","150827","150827","150827","1037","1037","1037"
"1267","150817","150817","150817","1005","1005","1005","150901","150901","150901","1144","1144","1144","151047","151047","151047","1137","1137","1137","150774","150774","150774","1115","1115","1115","150831","150831","150831","1130","1130","1130"
"1268","150821","150821","150821","1139","1139","1139","150905","150905","150905","1141","1141","1141","151051","151051","151051","1131","1131","1131","150778","150778","150778","1146","1146","1146","150835","150835","150835","1145","1145","1145"
"1269","151858","151858","151858","1724","1724","1724","151942","151942","151942","1706","1706","1706","152087","152087","152087","1776","1776","1776","151814","151814","151814","1818","1818","1818","151876","151876","151876","1675","1675","1675"
"1270","151862","151862","151862","1546","1546","1546","151946","151946","151946","1430","1430","1430","152091","152091","152091","1449","1449","1449","151818","151818","151818","1510","1510","1510","151880","151880","151880","1649","1649","1649"
"1271","151866","151866","151866","1422","1422","1422","151950","151950","151950","1711","1711","1711","152095","152095","152095","1761","1761","1761","151822","151822","151822","1758","1758","1758","151884","151884","151884","1500","1500","1500"
"1272","151870","151870","151870","1220","1220","1220","151954","151954","151954","1365","1365","1365","152099","152099","152099","1515","1515","1515","151826","151826","151826","1241","1241","1241","151888","151888","151888","1107","1107","1107"
"1273","151874","151874","151874","1158","1158","1158","151958","151958","151958","1167","1167","1167","152103","152103","152103","1167","1167","1167","151830","151830","151830","1173","1173","1173","151892","151892","151892","1200","1200","1200"
"1274","151878","151878","151878","1177","1177","1177","151962","151962","151962","1162","1162","1162","152107","152107","152107","1162","1162","1162","151834","151834","151834","1192","1192","1192","151896","151896","151896","1175","1175","1175"
"1275","151882","151882","151882","1062","1062","1062","151966","151966","151966","1170","1170","1170","152111","152111","152111","1227","1227","1227","151838","151838","151838","1063","1063","1063","151900","151900","151900","1067","1067","1067"
"1276","151886","151886","151886","1112","1112","1112","151970","151970","151970","1128","1128","1128","152115","152115","152115","1119","1119","1119","151842","151842","151842","1123","1123","1123","151904","151904","151904","1150","1150","1150"
"1277","151890","151890","151890","1122","1122","1122","151974","151974","151974","1105","1105","1105","152119","152119","152119","1157","1157","1157","151846","151846","151846","1148","1148","1148","151908","151908","151908","1161","1161","1161"
"1278","152926","152926","152926","1771","1771","1771","153010","153010","153010","1737","1737","1737","153155","153155","153155","1763","1763","1763","152888","152888","152888","1808","1808","1808","152944","152944","152944","1707","1707","1707"
"1279","152930","152930","152930","1404","1404","1404","153014","153014","153014","1452","1452","1452","153159","153159","153159","1475","1475","1475","152892","152892","152892","1524","1524","1524","152948","152948","152948","1690","1690","1690"
"1280","152934","152934","152934","1423","1423","1423","153018","153018","153018","1648","1648","1648","153163","153163","153163","1467","1467","1467","152896","152896","152896","1593","1593","1593","152952","152952","152952","1508","1508","1508"
"1281","152938","152938","152938","1122","1122","1122","153022","153022","153022","1316","1316","1316","153167","153167","153167","1164","1164","1164","152900","152900","152900","1089","1089","1089","152956","152956","152956","1257","1257","1257"
"1282","152942","152942","152942","1159","1159","1159","153026","153026","153026","1153","1153","1153","153171","153171","153171","1162","1162","1162","152904","152904","152904","1187","1187","1187","152960","152960","152960","1171","1171","1171"
"1283","152946","152946","152946","1170","1170","1170","153030","153030","153030","1160","1160","1160","153175","153175","153175","1159","1159","1159","152908","152908","152908","1181","1181","1181","152964","152964","152964","1162","1162","1162"
"1284","152950","152950","152950","1051","1051","1051","153034","153034","153034","1186","1186","1186","153179","153179","153179","1499","1499","1499","152912","152912","152912","1053","1053","1053","152968","152968","152968","1088","1088","1088"
"1285","152954","152954","152954","1120","1120","1120","153038","153038","153038","999","999","999","153183","153183","153183","936","936","936","152916","152916","152916","1141","1141","1141","152972","152972","152972","1149","1149","1149"
"1286","152958","152958","152958","1098","1098","1098","153042","153042","153042","1112","1112","1112","153187","153187","153187","1166","1166","1166","152920","152920","152920","1110","1110","1110","152976","152976","152976","1114","1114","1114"
"1287","153994","153994","153994","1601","1601","1601","154078","154078","154078","1737","1737","1737","154223","154223","154223","1969","1969","1969","153957","153957","153957","1674","1674","1674","154012","154012","154012","1796","1796","1796"
"1288","153998","153998","153998","1503","1503","1503","154082","154082","154082","1465","1465","1465","154227","154227","154227","1597","1597","1597","153961","153961","153961","1431","1431","1431","154016","154016","154016","1556","1556","1556"
"1289","154002","154002","154002","1642","1642","1642","154086","154086","154086","1604","1604","1604","154231","154231","154231","1541","1541","1541","153965","153965","153965","1615","1615","1615","154020","154020","154020","1754","1754","1754"
"1290","154006","154006","154006","1231","1231","1231","154090","154090","154090","1342","1342","1342","154235","154235","154235","1555","1555","1555","153969","153969","153969","1086","1086","1086","154024","154024","154024","1092","1092","1092"
"1291","154010","154010","154010","1157","1157","1157","154094","154094","154094","1184","1184","1184","154239","154239","154239","1499","1499","1499","153973","153973","153973","1170","1170","1170","154028","154028","154028","1193","1193","1193"
"1292","154014","154014","154014","1158","1158","1158","154098","154098","154098","1193","1193","1193","154243","154243","154243","1157","1157","1157","153977","153977","153977","1160","1160","1160","154032","154032","154032","1240","1240","1240"
"1293","154018","154018","154018","1237","1237","1237","154102","154102","154102","1172","1172","1172","154247","154247","154247","1383","1383","1383","153981","153981","153981","1053","1053","1053","154036","154036","154036","1070","1070","1070"
"1294","154022","154022","154022","1118","1118","1118","154106","154106","154106","1128","1128","1128","154251","154251","154251","1142","1142","1142","153985","153985","153985","1119","1119","1119","154040","154040","154040","1156","1156","1156"
"1295","154026","154026","154026","1122","1122","1122","154110","154110","154110","1097","1097","1097","154255","154255","154255","1157","1157","1157","153989","153989","153989","1152","1152","1152","154044","154044","154044","1160","1160","1160"
"1296","155062","155062","155062","1746","1746","1746","155146","155146","155146","1549","1549","1549","155290","155290","155290","1755","1755","1755","155030","155030","155030","1823","1823","1823","155080","155080","155080","1648","1648","1648"
"1297","155066","155066","155066","1479","1479","1479","155150","155150","155150","1494","1494","1494","155294","155294","155294","1600","1600","1600","155034","155034","155034","1624","1624","1624","155084","155084","155084","1675","1675","1675"
"1298","155070","155070","155070","1524","1524","1524","155154","155154","155154","1576","1576","1576","155298","155298","155298","1748","1748","1748","155038","155038","155038","1584","1584","1584","155088","155088","155088","1648","1648","1648"
"1299","155074","155074","155074","1262","1262","1262","155158","155158","155158","1384","1384","1384","155302","155302","155302","1386","1386","1386","155042","155042","155042","1084","1084","1084","155092","155092","155092","1103","1103","1103"
"1300","155078","155078","155078","1214","1214","1214","155162","155162","155162","1163","1163","1163","155306","155306","155306","1159","1159","1159","155046","155046","155046","1180","1180","1180","155096","155096","155096","1204","1204","1204"
"1301","155082","155082","155082","1165","1165","1165","155166","155166","155166","1305","1305","1305","155310","155310","155310","1161","1161","1161","155050","155050","155050","1177","1177","1177","155100","155100","155100","1169","1169","1169"
"1302","155086","155086","155086","1138","1138","1138","155170","155170","155170","1185","1185","1185","155314","155314","155314","1517","1517","1517","155054","155054","155054","1043","1043","1043","155104","155104","155104","1070","1070","1070"
"1303","155090","155090","155090","1148","1148","1148","155174","155174","155174","1126","1126","1126","155318","155318","155318","1149","1149","1149","155058","155058","155058","1138","1138","1138","155108","155108","155108","1140","1140","1140"
"1304","155094","155094","155094","1114","1114","1114","155178","155178","155178","1150","1150","1150","155322","155322","155322","1144","1144","1144","155062","155062","155062","1145","1145","1145","155112","155112","155112","1126","1126","1126"
"1305","156130","156130","156130","1736","1736","1736","156215","156215","156215","1813","1813","1813","156358","156358","156358","1678","1678","1678","156103","156103","156103","1549","1549","1549","156148","156148","156148","1646","1646","1646"
"1306","156134","156134","156134","1618","1618","1618","156219","156219","156219","1556","1556","1556","156362","156362","156362","1562","1562","1562","156107","156107","156107","1561","1561","1561","156152","156152","156152","1579","1579","1579"
"1307","156138","156138","156138","1453","1453","1453","156223","156223","156223","1444","1444","1444","156366","156366","156366","1548","1548","1548","156111","156111","156111","1463","1463","1463","156156","156156","156156","1737","1737","1737"
"1308","156142","156142","156142","1233","1233","1233","156227","156227","156227","1168","1168","1168","156370","156370","156370","1391","1391","1391","156115","156115","156115","1063","1063","1063","156160","156160","156160","1086","1086","1086"
"1309","156146","156146","156146","1499","1499","1499","156231","156231","156231","1175","1175","1175","156374","156374","156374","1499","1499","1499","156119","156119","156119","1180","1180","1180","156164","156164","156164","1201","1201","1201"
"1310","156150","156150","156150","1158","1158","1158","156235","156235","156235","1161","1161","1161","156378","156378","156378","1178","1178","1178","156123","156123","156123","1174","1174","1174","156168","156168","156168","1160","1160","1160"
"1311","156154","156154","156154","1143","1143","1143","156239","156239","156239","1185","1185","1185","156382","156382","156382","1140","1140","1140","156127","156127","156127","1111","1111","1111","156172","156172","156172","1108","1108","1108"
"1312","156158","156158","156158","1162","1162","1162","156243","156243","156243","1153","1153","1153","156386","156386","156386","1140","1140","1140","156131","156131","156131","979","979","979","156176","156176","156176","1157","1157","1157"
"1313","156162","156162","156162","1141","1141","1141","156247","156247","156247","1144","1144","1144","156390","156390","156390","1143","1143","1143","156135","156135","156135","1144","1144","1144","156180","156180","156180","1157","1157","1157"
"1314","157202","157202","157202","1571","1571","1571","157288","157288","157288","1669","1669","1669","157426","157426","157426","1780","1780","1780","157172","157172","157172","1734","1734","1734","157217","157217","157217","1693","1693","1693"
"1315","157206","157206","157206","1486","1486","1486","157292","157292","157292","1999","1999","1999","157430","157430","157430","1482","1482","1482","157176","157176","157176","1446","1446","1446","157221","157221","157221","1637","1637","1637"
"1316","157210","157210","157210","1436","1436","1436","157296","157296","157296","1559","1559","1559","157434","157434","157434","1530","1530","1530","157180","157180","157180","1630","1630","1630","157225","157225","157225","1481","1481","1481"
"1317","157214","157214","157214","1237","1237","1237","157300","157300","157300","1253","1253","1253","157438","157438","157438","1402","1402","1402","157184","157184","157184","1129","1129","1129","157229","157229","157229","1799","1799","1799"
"1318","157218","157218","157218","1224","1224","1224","157304","157304","157304","1205","1205","1205","157442","157442","157442","1194","1194","1194","157188","157188","157188","1173","1173","1173","157233","157233","157233","1212","1212","1212"
"1319","157222","157222","157222","1166","1166","1166","157308","157308","157308","1189","1189","1189","157446","157446","157446","1159","1159","1159","157192","157192","157192","1171","1171","1171","157237","157237","157237","1246","1246","1246"
"1320","157226","157226","157226","1175","1175","1175","157312","157312","157312","1155","1155","1155","157450","157450","157450","1501","1501","1501","157196","157196","157196","1118","1118","1118","157241","157241","157241","1068","1068","1068"
"1321","157230","157230","157230","1139","1139","1139","157316","157316","157316","1121","1121","1121","157454","157454","157454","1141","1141","1141","157200","157200","157200","1144","1144","1144","157245","157245","157245","1133","1133","1133"
"1322","157234","157234","157234","1141","1141","1141","157320","157320","157320","1100","1100","1100","157458","157458","157458","1147","1147","1147","157204","157204","157204","1161","1161","1161","157249","157249","157249","1150","1150","1150"
"1323","158270","158270","158270","1832","1832","1832","158355","158355","158355","1668","1668","1668","158494","158494","158494","1776","1776","1776","158240","158240","158240","1719","1719","1719","158284","158284","158284","1557","1557","1557"
"1324","158274","158274","158274","1463","1463","1463","158359","158359","158359","1403","1403","1403","158498","158498","158498","1564","1564","1564","158244","158244","158244","1547","1547","1547","158288","158288","158288","1619","1619","1619"
"1325","158278","158278","158278","1658","1658","1658","158363","158363","158363","1647","1647","1647","158502","158502","158502","1440","1440","1440","158248","158248","158248","1421","1421","1421","158292","158292","158292","1564","1564","1564"
"1326","158282","158282","158282","1099","1099","1099","158367","158367","158367","1246","1246","1246","158506","158506","158506","1394","1394","1394","158252","158252","158252","1097","1097","1097","158296","158296","158296","1087","1087","1087"
"1327","158286","158286","158286","1182","1182","1182","158371","158371","158371","1165","1165","1165","158510","158510","158510","1174","1174","1174","158256","158256","158256","1184","1184","1184","158300","158300","158300","1184","1184","1184"
"1328","158290","158290","158290","1191","1191","1191","158375","158375","158375","1164","1164","1164","158514","158514","158514","1193","1193","1193","158260","158260","158260","1186","1186","1186","158304","158304","158304","1181","1181","1181"
"1329","158294","158294","158294","1258","1258","1258","158379","158379","158379","1155","1155","1155","158518","158518","158518","1219","1219","1219","158264","158264","158264","1040","1040","1040","158308","158308","158308","1046","1046","1046"
"1330","158298","158298","158298","1108","1108","1108","158383","158383","158383","1142","1142","1142","158522","158522","158522","1140","1140","1140","158268","158268","158268","1133","1133","1133","158312","158312","158312","1140","1140","1140"
"1331","158302","158302","158302","1109","1109","1109","158387","158387","158387","1097","1097","1097","158526","158526","158526","1157","1157","1157","158272","158272","158272","1151","1151","1151","158316","158316","158316","1152","1152","1152"
"1332","159339","159339","159339","1812","1812","1812","159428","159428","159428","1765","1765","1765","159562","159562","159562","1885","1885","1885","159314","159314","159314","1722","1722","1722","159357","159357","159357","1605","1605","1605"
"1333","159343","159343","159343","1525","1525","1525","159432","159432","159432","1565","1565","1565","159566","159566","159566","1738","1738","1738","159318","159318","159318","1593","1593","1593","159361","159361","159361","1524","1524","1524"
"1334","159347","159347","159347","1520","1520","1520","159436","159436","159436","1509","1509","1509","159570","159570","159570","1752","1752","1752","159322","159322","159322","1468","1468","1468","159365","159365","159365","1521","1521","1521"
"1335","159351","159351","159351","1212","1212","1212","159440","159440","159440","1057","1057","1057","159574","159574","159574","1053","1053","1053","159326","159326","159326","1083","1083","1083","159369","159369","159369","1089","1089","1089"
"1336","159355","159355","159355","1188","1188","1188","159444","159444","159444","1174","1174","1174","159578","159578","159578","1164","1164","1164","159330","159330","159330","1236","1236","1236","159373","159373","159373","1207","1207","1207"
"1337","159359","159359","159359","1166","1166","1166","159448","159448","159448","1162","1162","1162","159582","159582","159582","1162","1162","1162","159334","159334","159334","1177","1177","1177","159377","159377","159377","1175","1175","1175"
"1338","159363","159363","159363","1154","1154","1154","159452","159452","159452","1195","1195","1195","159586","159586","159586","1145","1145","1145","159338","159338","159338","1106","1106","1106","159381","159381","159381","1321","1321","1321"
"1339","159367","159367","159367","1136","1136","1136","159456","159456","159456","1152","1152","1152","159590","159590","159590","1136","1136","1136","159342","159342","159342","1144","1144","1144","159385","159385","159385","1137","1137","1137"
"1340","159371","159371","159371","1154","1154","1154","159460","159460","159460","962","962","962","159594","159594","159594","1144","1144","1144","159346","159346","159346","976","976","976","159389","159389","159389","1158","1158","1158"
"1341","160412","160412","160412","1726","1726","1726","160496","160496","160496","1651","1651","1651","160635","160635","160635","1872","1872","1872","160387","160387","160387","1679","1679","1679","160425","160425","160425","1731","1731","1731"
"1342","160416","160416","160416","1423","1423","1423","160500","160500","160500","1609","1609","1609","160639","160639","160639","1508","1508","1508","160391","160391","160391","1577","1577","1577","160429","160429","160429","1542","1542","1542"
"1343","160420","160420","160420","1522","1522","1522","160504","160504","160504","1551","1551","1551","160643","160643","160643","1672","1672","1672","160395","160395","160395","1509","1509","1509","160433","160433","160433","1509","1509","1509"
"1344","160425","160425","160425","1148","1148","1148","160508","160508","160508","1205","1205","1205","160647","160647","160647","1503","1503","1503","160399","160399","160399","1171","1171","1171","160437","160437","160437","1092","1092","1092"
"1345","160429","160429","160429","1160","1160","1160","160512","160512","160512","1204","1204","1204","160651","160651","160651","1160","1160","1160","160403","160403","160403","1173","1173","1173","160441","160441","160441","1170","1170","1170"
"1346","160433","160433","160433","1163","1163","1163","160516","160516","160516","1187","1187","1187","160655","160655","160655","1185","1185","1185","160407","160407","160407","1163","1163","1163","160445","160445","160445","1165","1165","1165"
"1347","160437","160437","160437","1220","1220","1220","160520","160520","160520","1158","1158","1158","160659","160659","160659","1150","1150","1150","160411","160411","160411","1057","1057","1057","160449","160449","160449","1225","1225","1225"
"1348","160441","160441","160441","1139","1139","1139","160524","160524","160524","1158","1158","1158","160663","160663","160663","1140","1140","1140","160415","160415","160415","1149","1149","1149","160453","160453","160453","1149","1149","1149"
"1349","160445","160445","160445","1114","1114","1114","160528","160528","160528","1147","1147","1147","160667","160667","160667","1155","1155","1155","160419","160419","160419","1146","1146","1146","160457","160457","160457","1139","1139","1139"
"1350","161481","161481","161481","1639","1639","1639","161569","161569","161569","1715","1715","1715","161703","161703","161703","1904","1904","1904","161455","161455","161455","1635","1635","1635","161493","161493","161493","1589","1589","1589"
"1351","161485","161485","161485","1444","1444","1444","161573","161573","161573","1614","1614","1614","161707","161707","161707","1516","1516","1516","161459","161459","161459","1480","1480","1480","161497","161497","161497","1589","1589","1589"
"1352","161489","161489","161489","1519","1519","1519","161577","161577","161577","1727","1727","1727","161711","161711","161711","1545","1545","1545","161463","161463","161463","1460","1460","1460","161501","161501","161501","1596","1596","1596"
"1353","161493","161493","161493","1245","1245","1245","161581","161581","161581","1391","1391","1391","161715","161715","161715","1394","1394","1394","161467","161467","161467","1076","1076","1076","161505","161505","161505","1234","1234","1234"
"1354","161502","161502","161502","1499","1499","1499","161585","161585","161585","1091","1091","1091","161719","161719","161719","1160","1160","1160","161471","161471","161471","1177","1177","1177","161509","161509","161509","1201","1201","1201"
"1355","161506","161506","161506","1166","1166","1166","161589","161589","161589","1183","1183","1183","161723","161723","161723","1159","1159","1159","161475","161475","161475","1162","1162","1162","161513","161513","161513","1242","1242","1242"
"1356","161510","161510","161510","1138","1138","1138","161593","161593","161593","1169","1169","1169","161727","161727","161727","1150","1150","1150","161479","161479","161479","1068","1068","1068","161517","161517","161517","1078","1078","1078"
"1357","161514","161514","161514","1105","1105","1105","161597","161597","161597","1158","1158","1158","161731","161731","161731","1116","1116","1116","161483","161483","161483","1120","1120","1120","161521","161521","161521","1150","1150","1150"
"1358","161518","161518","161518","1125","1125","1125","161601","161601","161601","1112","1112","1112","161735","161735","161735","1160","1160","1160","161487","161487","161487","1140","1140","1140","161525","161525","161525","1154","1154","1154"
"1359","162553","162553","162553","1784","1784","1784","162637","162637","162637","1742","1742","1742","162777","162777","162777","1820","1820","1820","162528","162528","162528","1823","1823","1823","162561","162561","162561","1683","1683","1683"
"1360","162557","162557","162557","1466","1466","1466","162641","162641","162641","1706","1706","1706","162781","162781","162781","1687","1687","1687","162532","162532","162532","1524","1524","1524","162565","162565","162565","1670","1670","1670"
"1361","162561","162561","162561","1444","1444","1444","162645","162645","162645","1520","1520","1520","162785","162785","162785","1630","1630","1630","162536","162536","162536","1656","1656","1656","162569","162569","162569","1554","1554","1554"
"1362","162565","162565","162565","1136","1136","1136","162649","162649","162649","1799","1799","1799","162789","162789","162789","1418","1418","1418","162540","162540","162540","1105","1105","1105","162573","162573","162573","1250","1250","1250"
"1363","162569","162569","162569","1158","1158","1158","162653","162653","162653","1147","1147","1147","162793","162793","162793","1173","1173","1173","162544","162544","162544","1174","1174","1174","162577","162577","162577","1186","1186","1186"
"1364","162573","162573","162573","1181","1181","1181","162657","162657","162657","1198","1198","1198","162797","162797","162797","1167","1167","1167","162548","162548","162548","1183","1183","1183","162581","162581","162581","1172","1172","1172"
"1365","162577","162577","162577","1129","1129","1129","162661","162661","162661","1161","1161","1161","162801","162801","162801","1153","1153","1153","162552","162552","162552","1058","1058","1058","162585","162585","162585","1159","1159","1159"
"1366","162581","162581","162581","1125","1125","1125","162665","162665","162665","1137","1137","1137","162805","162805","162805","1142","1142","1142","162556","162556","162556","1154","1154","1154","162589","162589","162589","1154","1154","1154"
"1367","162585","162585","162585","1150","1150","1150","162669","162669","162669","1148","1148","1148","162809","162809","162809","1139","1139","1139","162560","162560","162560","1160","1160","1160","162593","162593","162593","1141","1141","1141"
"1368","163621","163621","163621","1814","1814","1814","163704","163704","163704","1586","1586","1586","163845","163845","163845","1772","1772","1772","163596","163596","163596","1818","1818","1818","163635","163635","163635","1727","1727","1727"
"1369","163625","163625","163625","1527","1527","1527","163708","163708","163708","1652","1652","1652","163849","163849","163849","1514","1514","1514","163600","163600","163600","1507","1507","1507","163639","163639","163639","1496","1496","1496"
"1370","163629","163629","163629","1568","1568","1568","163712","163712","163712","1633","1633","1633","163853","163853","163853","1504","1504","1504","163604","163604","163604","1611","1611","1611","163643","163643","163643","1608","1608","1608"
"1371","163633","163633","163633","1212","1212","1212","163716","163716","163716","1408","1408","1408","163857","163857","163857","1417","1417","1417","163608","163608","163608","1108","1108","1108","163647","163647","163647","1799","1799","1799"
"1372","163637","163637","163637","1170","1170","1170","163720","163720","163720","1187","1187","1187","163861","163861","163861","1160","1160","1160","163612","163612","163612","1176","1176","1176","163651","163651","163651","1207","1207","1207"
"1373","163641","163641","163641","1165","1165","1165","163724","163724","163724","1174","1174","1174","163865","163865","163865","1165","1165","1165","163616","163616","163616","1169","1169","1169","163655","163655","163655","1178","1178","1178"
"1374","163645","163645","163645","1152","1152","1152","163728","163728","163728","1169","1169","1169","163869","163869","163869","1504","1504","1504","163620","163620","163620","1049","1049","1049","163659","163659","163659","1087","1087","1087"
"1375","163649","163649","163649","1123","1123","1123","163732","163732","163732","1161","1161","1161","163873","163873","163873","1147","1147","1147","163624","163624","163624","1158","1158","1158","163663","163663","163663","1147","1147","1147"
"1376","163653","163653","163653","1116","1116","1116","163736","163736","163736","1140","1140","1140","163877","163877","163877","1151","1151","1151","163628","163628","163628","1153","1153","1153","163667","163667","163667","1158","1158","1158"
"1377","164689","164689","164689","1539","1539","1539","164778","164778","164778","1576","1576","1576","164918","164918","164918","1785","1785","1785","164665","164665","164665","1669","1669","1669","164702","164702","164702","1688","1688","1688"
"1378","164693","164693","164693","1642","1642","1642","164782","164782","164782","1567","1567","1567","164922","164922","164922","1502","1502","1502","164669","164669","164669","1589","1589","1589","164706","164706","164706","1626","1626","1626"
"1379","164697","164697","164697","1432","1432","1432","164786","164786","164786","1500","1500","1500","164926","164926","164926","1693","1693","1693","164673","164673","164673","1590","1590","1590","164710","164710","164710","1565","1565","1565"
"1380","164701","164701","164701","1171","1171","1171","164790","164790","164790","1180","1180","1180","164930","164930","164930","1409","1409","1409","164677","164677","164677","1073","1073","1073","164714","164714","164714","1095","1095","1095"
"1381","164705","164705","164705","1178","1178","1178","164794","164794","164794","1159","1159","1159","164934","164934","164934","1167","1167","1167","164681","164681","164681","1157","1157","1157","164718","164718","164718","1216","1216","1216"
"1382","164709","164709","164709","1173","1173","1173","164798","164798","164798","1156","1156","1156","164938","164938","164938","1170","1170","1170","164685","164685","164685","1154","1154","1154","164722","164722","164722","1276","1276","1276"
"1383","164713","164713","164713","1159","1159","1159","164802","164802","164802","1154","1154","1154","164942","164942","164942","1280","1280","1280","164689","164689","164689","1111","1111","1111","164726","164726","164726","1069","1069","1069"
"1384","164717","164717","164717","1060","1060","1060","164806","164806","164806","1000","1000","1000","164946","164946","164946","1138","1138","1138","164693","164693","164693","1135","1135","1135","164730","164730","164730","1135","1135","1135"
"1385","164721","164721","164721","1119","1119","1119","164810","164810","164810","1146","1146","1146","164950","164950","164950","1139","1139","1139","164697","164697","164697","1142","1142","1142","164734","164734","164734","1154","1154","1154"
"1386","165758","165758","165758","1657","1657","1657","165846","165846","165846","1794","1794","1794","165991","165991","165991","1927","1927","1927","165738","165738","165738","1806","1806","1806","165770","165770","165770","1640","1640","1640"
"1387","165762","165762","165762","1550","1550","1550","165850","165850","165850","1633","1633","1633","165995","165995","165995","1647","1647","1647","165742","165742","165742","1575","1575","1575","165774","165774","165774","1522","1522","1522"
"1388","165766","165766","165766","1532","1532","1532","165854","165854","165854","1560","1560","1560","165999","165999","165999","1556","1556","1556","165746","165746","165746","1534","1534","1534","165778","165778","165778","1478","1478","1478"
"1389","165770","165770","165770","1226","1226","1226","165858","165858","165858","1265","1265","1265","166003","166003","166003","1233","1233","1233","165750","165750","165750","1072","1072","1072","165782","165782","165782","1301","1301","1301"
"1390","165774","165774","165774","1178","1178","1178","165862","165862","165862","1197","1197","1197","166007","166007","166007","1175","1175","1175","165754","165754","165754","1190","1190","1190","165786","165786","165786","1212","1212","1212"
"1391","165778","165778","165778","1161","1161","1161","165866","165866","165866","1162","1162","1162","166011","166011","166011","1168","1168","1168","165758","165758","165758","1195","1195","1195","165790","165790","165790","1168","1168","1168"
"1392","165782","165782","165782","1173","1173","1173","165870","165870","165870","1173","1173","1173","166015","166015","166015","1268","1268","1268","165762","165762","165762","1114","1114","1114","165794","165794","165794","1072","1072","1072"
"1393","165786","165786","165786","1133","1133","1133","165874","165874","165874","1153","1153","1153","166019","166019","166019","1143","1143","1143","165766","165766","165766","1137","1137","1137","165798","165798","165798","1147","1147","1147"
"1394","165790","165790","165790","1118","1118","1118","165878","165878","165878","1106","1106","1106","166023","166023","166023","1145","1145","1145","165770","165770","165770","1107","1107","1107","165802","165802","165802","1116","1116","1116"
"1395","166826","166826","166826","1801","1801","1801","166914","166914","166914","1729","1729","1729","167059","167059","167059","1759","1759","1759","166806","166806","166806","1832","1832","1832","166844","166844","166844","1809","1809","1809"
"1396","166830","166830","166830","1515","1515","1515","166918","166918","166918","1672","1672","1672","167063","167063","167063","1563","1563","1563","166810","166810","166810","1496","1496","1496","166848","166848","166848","1468","1468","1468"
"1397","166834","166834","166834","1427","1427","1427","166922","166922","166922","1491","1491","1491","167067","167067","167067","1598","1598","1598","166814","166814","166814","1575","1575","1575","166852","166852","166852","1558","1558","1558"
"1398","166838","166838","166838","1108","1108","1108","166926","166926","166926","1144","1144","1144","167071","167071","167071","1394","1394","1394","166818","166818","166818","1094","1094","1094","166856","166856","166856","1098","1098","1098"
"1399","166842","166842","166842","1198","1198","1198","166930","166930","166930","1217","1217","1217","167075","167075","167075","1167","1167","1167","166822","166822","166822","1171","1171","1171","166860","166860","166860","1213","1213","1213"
"1400","166846","166846","166846","1191","1191","1191","166934","166934","166934","1161","1161","1161","167079","167079","167079","1159","1159","1159","166826","166826","166826","1157","1157","1157","166864","166864","166864","1270","1270","1270"
"1401","166850","166850","166850","1239","1239","1239","166938","166938","166938","1166","1166","1166","167083","167083","167083","1277","1277","1277","166830","166830","166830","1101","1101","1101","166868","166868","166868","1072","1072","1072"
"1402","166854","166854","166854","1150","1150","1150","166942","166942","166942","1155","1155","1155","167087","167087","167087","1142","1142","1142","166834","166834","166834","1142","1142","1142","166872","166872","166872","1163","1163","1163"
"1403","166858","166858","166858","1119","1119","1119","166946","166946","166946","1136","1136","1136","167091","167091","167091","1128","1128","1128","166838","166838","166838","1158","1158","1158","166876","166876","166876","1142","1142","1142"
"1404","167894","167894","167894","1641","1641","1641","167988","167988","167988","1562","1562","1562","168128","168128","168128","1868","1868","1868","167874","167874","167874","1572","1572","1572","167912","167912","167912","1715","1715","1715"
"1405","167898","167898","167898","1619","1619","1619","167992","167992","167992","1685","1685","1685","168132","168132","168132","1735","1735","1735","167878","167878","167878","1501","1501","1501","167916","167916","167916","1569","1569","1569"
"1406","167902","167902","167902","1646","1646","1646","167996","167996","167996","1463","1463","1463","168136","168136","168136","1500","1500","1500","167882","167882","167882","1486","1486","1486","167920","167920","167920","1732","1732","1732"
"1407","167906","167906","167906","1210","1210","1210","168000","168000","168000","1189","1189","1189","168140","168140","168140","1387","1387","1387","167886","167886","167886","1253","1253","1253","167924","167924","167924","1070","1070","1070"
"1408","167910","167910","167910","1185","1185","1185","168004","168004","168004","1219","1219","1219","168144","168144","168144","1173","1173","1173","167890","167890","167890","1213","1213","1213","167928","167928","167928","1172","1172","1172"
"1409","167914","167914","167914","1165","1165","1165","168008","168008","168008","1188","1188","1188","168148","168148","168148","1160","1160","1160","167894","167894","167894","1179","1179","1179","167932","167932","167932","1175","1175","1175"
"1410","167918","167918","167918","1048","1048","1048","168012","168012","168012","1047","1047","1047","168152","168152","168152","1129","1129","1129","167898","167898","167898","1096","1096","1096","167936","167936","167936","1082","1082","1082"
"1411","167922","167922","167922","1125","1125","1125","168016","168016","168016","1141","1141","1141","168156","168156","168156","1141","1141","1141","167902","167902","167902","1152","1152","1152","167940","167940","167940","1158","1158","1158"
"1412","167926","167926","167926","1103","1103","1103","168020","168020","168020","1116","1116","1116","168160","168160","168160","1119","1119","1119","167906","167906","167906","1111","1111","1111","167944","167944","167944","1097","1097","1097"
"1413","168962","168962","168962","1658","1658","1658","169056","169056","169056","1776","1776","1776","169196","169196","169196","1688","1688","1688","168942","168942","168942","1916","1916","1916","168980","168980","168980","1668","1668","1668"
"1414","168966","168966","168966","1618","1618","1618","169060","169060","169060","1652","1652","1652","169200","169200","169200","1507","1507","1507","168946","168946","168946","1536","1536","1536","168984","168984","168984","1747","1747","1747"
"1415","168970","168970","168970","1437","1437","1437","169064","169064","169064","1607","1607","1607","169204","169204","169204","1771","1771","1771","168950","168950","168950","1576","1576","1576","168988","168988","168988","1549","1549","1549"
"1416","168974","168974","168974","1169","1169","1169","169068","169068","169068","1293","1293","1293","169208","169208","169208","1384","1384","1384","168954","168954","168954","1170","1170","1170","168992","168992","168992","1074","1074","1074"
"1417","168978","168978","168978","1158","1158","1158","169072","169072","169072","1168","1168","1168","169212","169212","169212","1499","1499","1499","168958","168958","168958","1180","1180","1180","168996","168996","168996","1155","1155","1155"
"1418","168982","168982","168982","1169","1169","1169","169076","169076","169076","1178","1178","1178","169216","169216","169216","1183","1183","1183","168962","168962","168962","1220","1220","1220","169000","169000","169000","1170","1170","1170"
"1419","168986","168986","168986","1158","1158","1158","169080","169080","169080","991","991","991","169220","169220","169220","1129","1129","1129","168966","168966","168966","1153","1153","1153","169004","169004","169004","1063","1063","1063"
"1420","168990","168990","168990","1136","1136","1136","169084","169084","169084","1136","1136","1136","169224","169224","169224","1130","1130","1130","168970","168970","168970","1146","1146","1146","169008","169008","169008","1142","1142","1142"
"1421","168994","168994","168994","1141","1141","1141","169088","169088","169088","1101","1101","1101","169228","169228","169228","1153","1153","1153","168974","168974","168974","1158","1158","1158","169012","169012","169012","1151","1151","1151"
"1422","170030","170030","170030","1666","1666","1666","170124","170124","170124","1772","1772","1772","170263","170263","170263","1933","1933","1933","170010","170010","170010","1794","1794","1794","170048","170048","170048","1667","1667","1667"
"1423","170034","170034","170034","1521","1521","1521","170128","170128","170128","1620","1620","1620","170267","170267","170267","1523","1523","1523","170014","170014","170014","1629","1629","1629","170052","170052","170052","1486","1486","1486"
"1424","170038","170038","170038","1608","1608","1608","170132","170132","170132","1488","1488","1488","170271","170271","170271","1658","1658","1658","170018","170018","170018","1576","1576","1576","170056","170056","170056","1576","1576","1576"
"1425","170042","170042","170042","1214","1214","1214","170136","170136","170136","1181","1181","1181","170275","170275","170275","1406","1406","1406","170022","170022","170022","1177","1177","1177","170060","170060","170060","1253","1253","1253"
"1426","170047","170047","170047","1499","1499","1499","170140","170140","170140","1178","1178","1178","170279","170279","170279","1166","1166","1166","170026","170026","170026","1197","1197","1197","170064","170064","170064","1206","1206","1206"
"1427","170051","170051","170051","1171","1171","1171","170144","170144","170144","1163","1163","1163","170283","170283","170283","1162","1162","1162","170030","170030","170030","1198","1198","1198","170068","170068","170068","1250","1250","1250"
"1428","170055","170055","170055","1152","1152","1152","170148","170148","170148","1155","1155","1155","170287","170287","170287","1101","1101","1101","170034","170034","170034","1021","1021","1021","170072","170072","170072","1078","1078","1078"
"1429","170059","170059","170059","1045","1045","1045","170152","170152","170152","1095","1095","1095","170291","170291","170291","1136","1136","1136","170038","170038","170038","1156","1156","1156","170076","170076","170076","1139","1139","1139"
"1430","170063","170063","170063","1153","1153","1153","170156","170156","170156","1150","1150","1150","170295","170295","170295","1124","1124","1124","170042","170042","170042","1157","1157","1157","170080","170080","170080","1151","1151","1151"
"1431","171098","171098","171098","1801","1801","1801","171193","171193","171193","1663","1663","1663","171336","171336","171336","1928","1928","1928","171079","171079","171079","1810","1810","1810","171117","171117","171117","1622","1622","1622"
"1432","171102","171102","171102","1614","1614","1614","171197","171197","171197","1544","1544","1544","171340","171340","171340","1647","1647","1647","171083","171083","171083","1719","1719","1719","171121","171121","171121","1478","1478","1478"
"1433","171106","171106","171106","1602","1602","1602","171201","171201","171201","1514","1514","1514","171344","171344","171344","1564","1564","1564","171087","171087","171087","1579","1579","1579","171125","171125","171125","1560","1560","1560"
"1434","171110","171110","171110","1180","1180","1180","171206","171206","171206","1054","1054","1054","171348","171348","171348","1072","1072","1072","171091","171091","171091","1180","1180","1180","171129","171129","171129","1525","1525","1525"
"1435","171114","171114","171114","1182","1182","1182","171210","171210","171210","1229","1229","1229","171352","171352","171352","1167","1167","1167","171095","171095","171095","1190","1190","1190","171133","171133","171133","1169","1169","1169"
"1436","171118","171118","171118","1163","1163","1163","171214","171214","171214","1162","1162","1162","171356","171356","171356","1171","1171","1171","171099","171099","171099","1169","1169","1169","171137","171137","171137","1161","1161","1161"
"1437","171122","171122","171122","1141","1141","1141","171218","171218","171218","1161","1161","1161","171360","171360","171360","1272","1272","1272","171103","171103","171103","1070","1070","1070","171141","171141","171141","1124","1124","1124"
"1438","171126","171126","171126","1140","1140","1140","171222","171222","171222","1147","1147","1147","171364","171364","171364","1125","1125","1125","171107","171107","171107","1125","1125","1125","171145","171145","171145","1118","1118","1118"
"1439","171130","171130","171130","1122","1122","1122","171226","171226","171226","1145","1145","1145","171368","171368","171368","1145","1145","1145","171111","171111","171111","1156","1156","1156","171149","171149","171149","1124","1124","1124"
"1440","172166","172166","172166","1694","1694","1694","172262","172262","172262","1634","1634","1634","172410","172410","172410","1767","1767","1767","172147","172147","172147","1725","1725","1725","172185","172185","172185","1624","1624","1624"
"1441","172170","172170","172170","1619","1619","1619","172266","172266","172266","1643","1643","1643","172414","172414","172414","1515","1515","1515","172151","172151","172151","1469","1469","1469","172189","172189","172189","1513","1513","1513"
"1442","172174","172174","172174","1442","1442","1442","172270","172270","172270","1581","1581","1581","172418","172418","172418","1565","1565","1565","172155","172155","172155","1450","1450","1450","172193","172193","172193","1592","1592","1592"
"1443","172178","172178","172178","1219","1219","1219","172274","172274","172274","1063","1063","1063","172422","172422","172422","1063","1063","1063","172159","172159","172159","1073","1073","1073","172197","172197","172197","1096","1096","1096"
"1444","172182","172182","172182","1180","1180","1180","172278","172278","172278","1203","1203","1203","172426","172426","172426","1171","1171","1171","172163","172163","172163","1181","1181","1181","172201","172201","172201","1233","1233","1233"
"1445","172186","172186","172186","1173","1173","1173","172282","172282","172282","1254","1254","1254","172430","172430","172430","1171","1171","1171","172167","172167","172167","1178","1178","1178","172205","172205","172205","1293","1293","1293"
"1446","172190","172190","172190","1124","1124","1124","172286","172286","172286","999","999","999","172434","172434","172434","1138","1138","1138","172171","172171","172171","1090","1090","1090","172209","172209","172209","1047","1047","1047"
"1447","172194","172194","172194","1153","1153","1153","172290","172290","172290","1153","1153","1153","172438","172438","172438","1152","1152","1152","172175","172175","172175","982","982","982","172213","172213","172213","1139","1139","1139"
"1448","172198","172198","172198","1131","1131","1131","172294","172294","172294","1153","1153","1153","172442","172442","172442","1140","1140","1140","172179","172179","172179","1128","1128","1128","172217","172217","172217","1128","1128","1128"
"1449","173234","173234","173234","1677","1677","1677","173330","173330","173330","1764","1764","1764","173483","173483","173483","1786","1786","1786","173221","173221","173221","1798","1798","1798","173253","173253","173253","1806","1806","1806"
"1450","173238","173238","173238","1634","1634","1634","173334","173334","173334","1717","1717","1717","173487","173487","173487","1483","1483","1483","173225","173225","173225","1627","1627","1627","173257","173257","173257","1573","1573","1573"
"1451","173242","173242","173242","1554","1554","1554","173338","173338","173338","1618","1618","1618","173491","173491","173491","1437","1437","1437","173229","173229","173229","1519","1519","1519","173261","173261","173261","1598","1598","1598"
"1452","173246","173246","173246","1083","1083","1083","173342","173342","173342","1063","1063","1063","173495","173495","173495","1393","1393","1393","173233","173233","173233","1165","1165","1165","173265","173265","173265","1108","1108","1108"
"1453","173250","173250","173250","1185","1185","1185","173346","173346","173346","1208","1208","1208","173499","173499","173499","1164","1164","1164","173237","173237","173237","1172","1172","1172","173269","173269","173269","1215","1215","1215"
"1454","173254","173254","173254","1170","1170","1170","173350","173350","173350","1196","1196","1196","173503","173503","173503","1170","1170","1170","173241","173241","173241","1164","1164","1164","173273","173273","173273","1174","1174","1174"
"1455","173258","173258","173258","1125","1125","1125","173354","173354","173354","996","996","996","173507","173507","173507","1040","1040","1040","173245","173245","173245","1160","1160","1160","173277","173277","173277","1086","1086","1086"
"1456","173262","173262","173262","1114","1114","1114","173358","173358","173358","1165","1165","1165","173511","173511","173511","1147","1147","1147","173249","173249","173249","1176","1176","1176","173281","173281","173281","1143","1143","1143"
"1457","173266","173266","173266","1129","1129","1129","173362","173362","173362","1121","1121","1121","173515","173515","173515","1138","1138","1138","173253","173253","173253","1156","1156","1156","173285","173285","173285","1130","1130","1130"
"1458","174303","174303","174303","1772","1772","1772","174404","174404","174404","1773","1773","1773","174556","174556","174556","1768","1768","1768","174290","174290","174290","1643","1643","1643","174322","174322","174322","1717","1717","1717"
"1459","174307","174307","174307","1628","1628","1628","174408","174408","174408","1664","1664","1664","174560","174560","174560","1478","1478","1478","174294","174294","174294","1486","1486","1486","174326","174326","174326","1567","1567","1567"
"1460","174311","174311","174311","1457","1457","1457","174412","174412","174412","1553","1553","1553","174564","174564","174564","1575","1575","1575","174298","174298","174298","1609","1609","1609","174330","174330","174330","1517","1517","1517"
"1461","174315","174315","174315","1175","1175","1175","174416","174416","174416","1177","1177","1177","174568","174568","174568","1418","1418","1418","174302","174302","174302","1103","1103","1103","174334","174334","174334","1799","1799","1799"
"1462","174319","174319","174319","1158","1158","1158","174420","174420","174420","1142","1142","1142","174572","174572","174572","1181","1181","1181","174306","174306","174306","1187","1187","1187","174338","174338","174338","1176","1176","1176"
"1463","174323","174323","174323","1153","1153","1153","174424","174424","174424","1203","1203","1203","174576","174576","174576","1161","1161","1161","174310","174310","174310","1175","1175","1175","174342","174342","174342","1184","1184","1184"
"1464","174327","174327","174327","1129","1129","1129","174428","174428","174428","1184","1184","1184","174580","174580","174580","1151","1151","1151","174314","174314","174314","1069","1069","1069","174346","174346","174346","1098","1098","1098"
"1465","174331","174331","174331","1065","1065","1065","174432","174432","174432","1098","1098","1098","174584","174584","174584","1141","1141","1141","174318","174318","174318","1163","1163","1163","174350","174350","174350","1132","1132","1132"
"1466","174335","174335","174335","1121","1121","1121","174436","174436","174436","1154","1154","1154","174588","174588","174588","1141","1141","1141","174322","174322","174322","1123","1123","1123","174354","174354","174354","1162","1162","1162"
"1467","175371","175371","175371","1901","1901","1901","175472","175472","175472","1677","1677","1677","175624","175624","175624","1927","1927","1927","175364","175364","175364","1578","1578","1578","175390","175390","175390","1625","1625","1625"
"1468","175375","175375","175375","1462","1462","1462","175476","175476","175476","1538","1538","1538","175628","175628","175628","1570","1570","1570","175368","175368","175368","1533","1533","1533","175394","175394","175394","1615","1615","1615"
"1469","175379","175379","175379","1443","1443","1443","175480","175480","175480","1570","1570","1570","175632","175632","175632","1628","1628","1628","175372","175372","175372","1548","1548","1548","175398","175398","175398","1729","1729","1729"
"1470","175383","175383","175383","1082","1082","1082","175484","175484","175484","1020","1020","1020","175636","175636","175636","1069","1069","1069","175376","175376","175376","1044","1044","1044","175402","175402","175402","1097","1097","1097"
"1471","175387","175387","175387","1176","1176","1176","175488","175488","175488","1164","1164","1164","175640","175640","175640","1163","1163","1163","175380","175380","175380","1169","1169","1169","175406","175406","175406","1203","1203","1203"
"1472","175391","175391","175391","1180","1180","1180","175492","175492","175492","1190","1190","1190","175644","175644","175644","1180","1180","1180","175384","175384","175384","1261","1261","1261","175410","175410","175410","1164","1164","1164"
"1473","175395","175395","175395","1168","1168","1168","175496","175496","175496","1026","1026","1026","175648","175648","175648","1277","1277","1277","175388","175388","175388","1067","1067","1067","175414","175414","175414","1060","1060","1060"
"1474","175399","175399","175399","1140","1140","1140","175500","175500","175500","1144","1144","1144","175652","175652","175652","1145","1145","1145","175392","175392","175392","1123","1123","1123","175418","175418","175418","1141","1141","1141"
"1475","175403","175403","175403","1022","1022","1022","175504","175504","175504","1111","1111","1111","175656","175656","175656","1147","1147","1147","175396","175396","175396","1129","1129","1129","175422","175422","175422","1168","1168","1168"
"1476","176439","176439","176439","1684","1684","1684","176540","176540","176540","1699","1699","1699","176692","176692","176692","1833","1833","1833","176437","176437","176437","1682","1682","1682","176458","176458","176458","1639","1639","1639"
"1477","176443","176443","176443","1464","1464","1464","176544","176544","176544","1591","1591","1591","176696","176696","176696","1646","1646","1646","176441","176441","176441","1565","1565","1565","176462","176462","176462","1579","1579","1579"
"1478","176447","176447","176447","1450","1450","1450","176548","176548","176548","1498","1498","1498","176700","176700","176700","1447","1447","1447","176445","176445","176445","1483","1483","1483","176466","176466","176466","1777","1777","1777"
"1479","176451","176451","176451","1265","1265","1265","176552","176552","176552","1239","1239","1239","176704","176704","176704","1421","1421","1421","176449","176449","176449","1179","1179","1179","176470","176470","176470","1049","1049","1049"
"1480","176455","176455","176455","1174","1174","1174","176556","176556","176556","1266","1266","1266","176708","176708","176708","1176","1176","1176","176453","176453","176453","1158","1158","1158","176474","176474","176474","1205","1205","1205"
"1481","176459","176459","176459","1164","1164","1164","176560","176560","176560","1167","1167","1167","176712","176712","176712","1179","1179","1179","176457","176457","176457","1175","1175","1175","176478","176478","176478","1246","1246","1246"
"1482","176463","176463","176463","1037","1037","1037","176564","176564","176564","1155","1155","1155","176716","176716","176716","1139","1139","1139","176461","176461","176461","1064","1064","1064","176482","176482","176482","1284","1284","1284"
"1483","176467","176467","176467","1133","1133","1133","176568","176568","176568","1132","1132","1132","176720","176720","176720","933","933","933","176465","176465","176465","1123","1123","1123","176486","176486","176486","1145","1145","1145"
"1484","176471","176471","176471","1141","1141","1141","176572","176572","176572","1139","1139","1139","176724","176724","176724","1135","1135","1135","176469","176469","176469","1148","1148","1148","176490","176490","176490","1167","1167","1167"
"1485","177507","177507","177507","1689","1689","1689","177613","177613","177613","1640","1640","1640","177765","177765","177765","1786","1786","1786","177510","177510","177510","1646","1646","1646","177526","177526","177526","1713","1713","1713"
"1486","177511","177511","177511","1630","1630","1630","177617","177617","177617","1715","1715","1715","177769","177769","177769","1641","1641","1641","177514","177514","177514","1502","1502","1502","177530","177530","177530","1558","1558","1558"
"1487","177515","177515","177515","1485","1485","1485","177621","177621","177621","1608","1608","1608","177773","177773","177773","1627","1627","1627","177518","177518","177518","1575","1575","1575","177534","177534","177534","1699","1699","1699"
"1488","177519","177519","177519","1270","1270","1270","177625","177625","177625","1023","1023","1023","177777","177777","177777","1408","1408","1408","177522","177522","177522","1099","1099","1099","177538","177538","177538","1247","1247","1247"
"1489","177523","177523","177523","1153","1153","1153","177629","177629","177629","1164","1164","1164","177781","177781","177781","1190","1190","1190","177526","177526","177526","1193","1193","1193","177542","177542","177542","1170","1170","1170"
"1490","177527","177527","177527","1175","1175","1175","177633","177633","177633","1174","1174","1174","177785","177785","177785","1179","1179","1179","177530","177530","177530","1189","1189","1189","177546","177546","177546","1312","1312","1312"
"1491","177531","177531","177531","1062","1062","1062","177637","177637","177637","1159","1159","1159","177789","177789","177789","1499","1499","1499","177534","177534","177534","1069","1069","1069","177550","177550","177550","1065","1065","1065"
"1492","177535","177535","177535","1104","1104","1104","177641","177641","177641","927","927","927","177793","177793","177793","1130","1130","1130","177538","177538","177538","1140","1140","1140","177554","177554","177554","915","915","915"
"1493","177539","177539","177539","1119","1119","1119","177645","177645","177645","1138","1138","1138","177797","177797","177797","1149","1149","1149","177542","177542","177542","1144","1144","1144","177558","177558","177558","1157","1157","1157"
"1494","178580","178580","178580","1840","1840","1840","178682","178682","178682","1735","1735","1735","178833","178833","178833","1902","1902","1902","178578","178578","178578","1707","1707","1707","178595","178595","178595","1709","1709","1709"
"1495","178584","178584","178584","1601","1601","1601","178686","178686","178686","1625","1625","1625","178837","178837","178837","1661","1661","1661","178582","178582","178582","1561","1561","1561","178599","178599","178599","1579","1579","1579"
"1496","178588","178588","178588","1618","1618","1618","178690","178690","178690","1494","1494","1494","178841","178841","178841","1513","1513","1513","178586","178586","178586","1527","1527","1527","178603","178603","178603","1585","1585","1585"
"1497","178592","178592","178592","1248","1248","1248","178694","178694","178694","1019","1019","1019","178845","178845","178845","1394","1394","1394","178590","178590","178590","1184","1184","1184","178607","178607","178607","1046","1046","1046"
"1498","178596","178596","178596","1499","1499","1499","178698","178698","178698","1202","1202","1202","178849","178849","178849","1099","1099","1099","178594","178594","178594","1178","1178","1178","178611","178611","178611","1247","1247","1247"
"1499","178600","178600","178600","1162","1162","1162","178702","178702","178702","1185","1185","1185","178853","178853","178853","1187","1187","1187","178598","178598","178598","1215","1215","1215","178615","178615","178615","1165","1165","1165"
"1500","178604","178604","178604","1103","1103","1103","178706","178706","178706","1161","1161","1161","178857","178857","178857","1281","1281","1281","178602","178602","178602","1198","1198","1198","178619","178619","178619","1052","1052","1052"
"1501","178608","178608","178608","1135","1135","1135","178710","178710","178710","1125","1125","1125","178861","178861","178861","941","941","941","178606","178606","178606","1099","1099","1099","178623","178623","178623","1114","1114","1114"
"1502","178612","178612","178612","1151","1151","1151","178714","178714","178714","1133","1133","1133","178865","178865","178865","1134","1134","1134","178610","178610","178610","1156","1156","1156","178627","178627","178627","1163","1163","1163"
"1503","179647","179647","179647","1680","1680","1680","179750","179750","179750","1698","1698","1698","179901","179901","179901","1766","1766","1766","179647","179647","179647","1714","1714","1714","179663","179663","179663","1635","1635","1635"
"1504","179651","179651","179651","1466","1466","1466","179754","179754","179754","1534","1534","1534","179905","179905","179905","1638","1638","1638","179651","179651","179651","1494","1494","1494","179667","179667","179667","1441","1441","1441"
"1505","179655","179655","179655","1462","1462","1462","179758","179758","179758","1580","1580","1580","179909","179909","179909","1543","1543","1543","179655","179655","179655","1430","1430","1430","179671","179671","179671","1561","1561","1561"
"1506","179659","179659","179659","1220","1220","1220","179762","179762","179762","1002","1002","1002","179913","179913","179913","1413","1413","1413","179659","179659","179659","1167","1167","1167","179675","179675","179675","1077","1077","1077"
"1507","179663","179663","179663","1182","1182","1182","179766","179766","179766","1204","1204","1204","179917","179917","179917","1190","1190","1190","179663","179663","179663","1202","1202","1202","179679","179679","179679","1180","1180","1180"
"1508","179667","179667","179667","1178","1178","1178","179770","179770","179770","1200","1200","1200","179921","179921","179921","1172","1172","1172","179667","179667","179667","1161","1161","1161","179683","179683","179683","1177","1177","1177"
"1509","179671","179671","179671","1227","1227","1227","179774","179774","179774","1021","1021","1021","179925","179925","179925","1520","1520","1520","179671","179671","179671","1205","1205","1205","179687","179687","179687","1089","1089","1089"
"1510","179675","179675","179675","949","949","949","179778","179778","179778","1135","1135","1135","179929","179929","179929","1136","1136","1136","179675","179675","179675","1149","1149","1149","179691","179691","179691","1165","1165","1165"
"1511","179679","179679","179679","1121","1121","1121","179782","179782","179782","1166","1166","1166","179933","179933","179933","1110","1110","1110","179679","179679","179679","1131","1131","1131","179695","179695","179695","1154","1154","1154"
"1512","180716","180716","180716","1861","1861","1861","180823","180823","180823","1646","1646","1646","180975","180975","180975","1751","1751","1751","180715","180715","180715","1624","1624","1624","180736","180736","180736","1716","1716","1716"
"1513","180720","180720","180720","1542","1542","1542","180827","180827","180827","1648","1648","1648","180979","180979","180979","1567","1567","1567","180719","180719","180719","1578","1578","1578","180740","180740","180740","1706","1706","1706"
"1514","180724","180724","180724","1478","1478","1478","180831","180831","180831","1674","1674","1674","180983","180983","180983","1457","1457","1457","180723","180723","180723","1586","1586","1586","180744","180744","180744","1530","1530","1530"
"1515","180728","180728","180728","1145","1145","1145","180835","180835","180835","1007","1007","1007","180987","180987","180987","1396","1396","1396","180727","180727","180727","1059","1059","1059","180748","180748","180748","1091","1091","1091"
"1516","180732","180732","180732","1175","1175","1175","180839","180839","180839","1165","1165","1165","180991","180991","180991","1195","1195","1195","180731","180731","180731","1175","1175","1175","180752","180752","180752","1195","1195","1195"
"1517","180736","180736","180736","1149","1149","1149","180843","180843","180843","1164","1164","1164","180995","180995","180995","1162","1162","1162","180735","180735","180735","1162","1162","1162","180756","180756","180756","1177","1177","1177"
"1518","180740","180740","180740","1040","1040","1040","180847","180847","180847","1048","1048","1048","180999","180999","180999","1116","1116","1116","180739","180739","180739","1062","1062","1062","180760","180760","180760","1073","1073","1073"
"1519","180744","180744","180744","1051","1051","1051","180851","180851","180851","1137","1137","1137","181003","181003","181003","1140","1140","1140","180743","180743","180743","1114","1114","1114","180764","180764","180764","1154","1154","1154"
"1520","180748","180748","180748","1115","1115","1115","180855","180855","180855","1150","1150","1150","181007","181007","181007","1142","1142","1142","180747","180747","180747","1156","1156","1156","180768","180768","180768","1156","1156","1156"
"1521","181794","181794","181794","1704","1704","1704","181892","181892","181892","1753","1753","1753","182043","182043","182043","1675","1675","1675","181794","181794","181794","1774","1774","1774","181804","181804","181804","1812","1812","1812"
"1522","181798","181798","181798","1536","1536","1536","181896","181896","181896","1426","1426","1426","182047","182047","182047","1520","1520","1520","181798","181798","181798","1558","1558","1558","181808","181808","181808","1599","1599","1599"
"1523","181802","181802","181802","1506","1506","1506","181900","181900","181900","1456","1456","1456","182051","182051","182051","1640","1640","1640","181802","181802","181802","1543","1543","1543","181812","181812","181812","1571","1571","1571"
"1524","181806","181806","181806","1238","1238","1238","181904","181904","181904","1168","1168","1168","182055","182055","182055","1136","1136","1136","181806","181806","181806","1073","1073","1073","181816","181816","181816","1051","1051","1051"
"1525","181810","181810","181810","1157","1157","1157","181908","181908","181908","1172","1172","1172","182059","182059","182059","1170","1170","1170","181810","181810","181810","1216","1216","1216","181820","181820","181820","1209","1209","1209"
"1526","181814","181814","181814","1167","1167","1167","181912","181912","181912","1162","1162","1162","182063","182063","182063","1162","1162","1162","181814","181814","181814","1188","1188","1188","181824","181824","181824","1234","1234","1234"
"1527","181818","181818","181818","1140","1140","1140","181916","181916","181916","1166","1166","1166","182067","182067","182067","1130","1130","1130","181818","181818","181818","1067","1067","1067","181828","181828","181828","1146","1146","1146"
"1528","181822","181822","181822","1125","1125","1125","181920","181920","181920","1113","1113","1113","182071","182071","182071","1152","1152","1152","181822","181822","181822","1112","1112","1112","181832","181832","181832","1143","1143","1143"
"1529","181826","181826","181826","1120","1120","1120","181924","181924","181924","1164","1164","1164","182075","182075","182075","1149","1149","1149","181826","181826","181826","1160","1160","1160","181836","181836","181836","1142","1142","1142"
"1530","182867","182867","182867","1851","1851","1851","182960","182960","182960","1636","1636","1636","183111","183111","183111","1754","1754","1754","182862","182862","182862","1704","1704","1704","182873","182873","182873","1630","1630","1630"
"1531","182871","182871","182871","1999","1999","1999","182964","182964","182964","1528","1528","1528","183115","183115","183115","1645","1645","1645","182866","182866","182866","1707","1707","1707","182877","182877","182877","1445","1445","1445"
"1532","182875","182875","182875","1642","1642","1642","182968","182968","182968","1655","1655","1655","183119","183119","183119","1503","1503","1503","182870","182870","182870","1508","1508","1508","182881","182881","182881","1493","1493","1493"
"1533","182879","182879","182879","1158","1158","1158","182972","182972","182972","1036","1036","1036","183123","183123","183123","1074","1074","1074","182874","182874","182874","1090","1090","1090","182885","182885","182885","1084","1084","1084"
"1534","182883","182883","182883","1177","1177","1177","182976","182976","182976","1169","1169","1169","183127","183127","183127","1499","1499","1499","182878","182878","182878","1167","1167","1167","182889","182889","182889","1164","1164","1164"
"1535","182887","182887","182887","1161","1161","1161","182980","182980","182980","1160","1160","1160","183131","183131","183131","1184","1184","1184","182882","182882","182882","1212","1212","1212","182893","182893","182893","1164","1164","1164"
"1536","182891","182891","182891","1138","1138","1138","182984","182984","182984","1011","1011","1011","183135","183135","183135","1397","1397","1397","182886","182886","182886","1074","1074","1074","182897","182897","182897","1072","1072","1072"
"1537","182895","182895","182895","1061","1061","1061","182988","182988","182988","1162","1162","1162","183139","183139","183139","1142","1142","1142","182890","182890","182890","1166","1166","1166","182901","182901","182901","1152","1152","1152"
"1538","182899","182899","182899","1114","1114","1114","182992","182992","182992","1150","1150","1150","183143","183143","183143","1146","1146","1146","182894","182894","182894","1120","1120","1120","182905","182905","182905","1161","1161","1161"
"1539","183939","183939","183939","1763","1763","1763","184029","184029","184029","1782","1782","1782","184184","184184","184184","1779","1779","1779","183930","183930","183930","1762","1762","1762","183941","183941","183941","1744","1744","1744"
"1540","183943","183943","183943","1462","1462","1462","184033","184033","184033","1659","1659","1659","184188","184188","184188","1649","1649","1649","183934","183934","183934","1492","1492","1492","183945","183945","183945","1472","1472","1472"
"1541","183947","183947","183947","1503","1503","1503","184037","184037","184037","1653","1653","1653","184192","184192","184192","1596","1596","1596","183938","183938","183938","1610","1610","1610","183949","183949","183949","1609","1609","1609"
"1542","183951","183951","183951","1241","1241","1241","184041","184041","184041","1045","1045","1045","184196","184196","184196","1052","1052","1052","183942","183942","183942","1103","1103","1103","183953","183953","183953","1077","1077","1077"
"1543","183955","183955","183955","1191","1191","1191","184045","184045","184045","1178","1178","1178","184200","184200","184200","1169","1169","1169","183946","183946","183946","1212","1212","1212","183957","183957","183957","1213","1213","1213"
"1544","183959","183959","183959","1160","1160","1160","184049","184049","184049","1163","1163","1163","184204","184204","184204","1158","1158","1158","183950","183950","183950","1168","1168","1168","183961","183961","183961","1241","1241","1241"
"1545","183963","183963","183963","1104","1104","1104","184053","184053","184053","988","988","988","184208","184208","184208","1290","1290","1290","183954","183954","183954","1054","1054","1054","183965","183965","183965","1025","1025","1025"
"1546","183967","183967","183967","1121","1121","1121","184057","184057","184057","1153","1153","1153","184212","184212","184212","1139","1139","1139","183958","183958","183958","1135","1135","1135","183969","183969","183969","1133","1133","1133"
"1547","183971","183971","183971","1112","1112","1112","184061","184061","184061","1148","1148","1148","184216","184216","184216","1123","1123","1123","183962","183962","183962","1147","1147","1147","183973","183973","183973","1124","1124","1124"
"1548","185012","185012","185012","1663","1663","1663","185102","185102","185102","1748","1748","1748","185252","185252","185252","1805","1805","1805","184998","184998","184998","1717","1717","1717","185010","185010","185010","1733","1733","1733"
"1549","185016","185016","185016","1629","1629","1629","185106","185106","185106","1596","1596","1596","185256","185256","185256","1740","1740","1740","185002","185002","185002","1577","1577","1577","185014","185014","185014","1578","1578","1578"
"1550","185020","185020","185020","1557","1557","1557","185110","185110","185110","1532","1532","1532","185260","185260","185260","1611","1611","1611","185006","185006","185006","1507","1507","1507","185018","185018","185018","1554","1554","1554"
"1551","185024","185024","185024","1270","1270","1270","185114","185114","185114","1170","1170","1170","185264","185264","185264","1396","1396","1396","185010","185010","185010","1069","1069","1069","185022","185022","185022","1075","1075","1075"
"1552","185028","185028","185028","1168","1168","1168","185118","185118","185118","1177","1177","1177","185268","185268","185268","1168","1168","1168","185014","185014","185014","1182","1182","1182","185026","185026","185026","1229","1229","1229"
"1553","185032","185032","185032","1172","1172","1172","185122","185122","185122","1165","1165","1165","185272","185272","185272","1170","1170","1170","185018","185018","185018","1162","1162","1162","185030","185030","185030","1277","1277","1277"
"1554","185036","185036","185036","1214","1214","1214","185126","185126","185126","995","995","995","185276","185276","185276","1405","1405","1405","185022","185022","185022","1057","1057","1057","185034","185034","185034","1164","1164","1164"
"1555","185040","185040","185040","1126","1126","1126","185130","185130","185130","1162","1162","1162","185280","185280","185280","959","959","959","185026","185026","185026","1128","1128","1128","185038","185038","185038","1147","1147","1147"
"1556","185044","185044","185044","1153","1153","1153","185134","185134","185134","1159","1159","1159","185284","185284","185284","1013","1013","1013","185030","185030","185030","1128","1128","1128","185042","185042","185042","1144","1144","1144"
"1557","186085","186085","186085","1680","1680","1680","186170","186170","186170","1746","1746","1746","186325","186325","186325","1721","1721","1721","186068","186068","186068","1696","1696","1696","186078","186078","186078","1660","1660","1660"
"1558","186089","186089","186089","1612","1612","1612","186174","186174","186174","1718","1718","1718","186329","186329","186329","1505","1505","1505","186072","186072","186072","1619","1619","1619","186082","186082","186082","1586","1586","1586"
"1559","186093","186093","186093","1448","1448","1448","186178","186178","186178","1560","1560","1560","186333","186333","186333","1631","1631","1631","186076","186076","186076","1522","1522","1522","186086","186086","186086","1609","1609","1609"
"1560","186097","186097","186097","1269","1269","1269","186182","186182","186182","1256","1256","1256","186337","186337","186337","1517","1517","1517","186080","186080","186080","1047","1047","1047","186090","186090","186090","1250","1250","1250"
"1561","186101","186101","186101","1153","1153","1153","186186","186186","186186","1177","1177","1177","186341","186341","186341","1157","1157","1157","186084","186084","186084","1194","1194","1194","186094","186094","186094","1206","1206","1206"
"1562","186105","186105","186105","1155","1155","1155","186190","186190","186190","1135","1135","1135","186345","186345","186345","1164","1164","1164","186088","186088","186088","1164","1164","1164","186098","186098","186098","1174","1174","1174"
"1563","186109","186109","186109","1169","1169","1169","186194","186194","186194","1021","1021","1021","186349","186349","186349","1055","1055","1055","186092","186092","186092","1115","1115","1115","186102","186102","186102","1060","1060","1060"
"1564","186113","186113","186113","1126","1126","1126","186198","186198","186198","1122","1122","1122","186353","186353","186353","1153","1153","1153","186096","186096","186096","1162","1162","1162","186106","186106","186106","993","993","993"
"1565","186117","186117","186117","1153","1153","1153","186202","186202","186202","1131","1131","1131","186357","186357","186357","1122","1122","1122","186100","186100","186100","1110","1110","1110","186110","186110","186110","1160","1160","1160"
"1566","187158","187158","187158","1649","1649","1649","187239","187239","187239","1759","1759","1759","187398","187398","187398","1701","1701","1701","187136","187136","187136","1629","1629","1629","187147","187147","187147","1713","1713","1713"
"1567","187162","187162","187162","1468","1468","1468","187243","187243","187243","1592","1592","1592","187402","187402","187402","1532","1532","1532","187140","187140","187140","1468","1468","1468","187151","187151","187151","1617","1617","1617"
"1568","187166","187166","187166","1419","1419","1419","187247","187247","187247","1566","1566","1566","187406","187406","187406","1546","1546","1546","187144","187144","187144","1462","1462","1462","187155","187155","187155","1691","1691","1691"
"1569","187170","187170","187170","1239","1239","1239","187252","187252","187252","1175","1175","1175","187410","187410","187410","1385","1385","1385","187148","187148","187148","1073","1073","1073","187159","187159","187159","1078","1078","1078"
"1570","187174","187174","187174","1159","1159","1159","187256","187256","187256","1111","1111","1111","187414","187414","187414","1162","1162","1162","187152","187152","187152","1184","1184","1184","187163","187163","187163","1228","1228","1228"
"1571","187178","187178","187178","1165","1165","1165","187260","187260","187260","1174","1174","1174","187418","187418","187418","1152","1152","1152","187156","187156","187156","1181","1181","1181","187167","187167","187167","1161","1161","1161"
"1572","187182","187182","187182","1140","1140","1140","187264","187264","187264","1170","1170","1170","187422","187422","187422","1274","1274","1274","187160","187160","187160","1066","1066","1066","187171","187171","187171","1056","1056","1056"
"1573","187186","187186","187186","1115","1115","1115","187268","187268","187268","1135","1135","1135","187426","187426","187426","1142","1142","1142","187164","187164","187164","1167","1167","1167","187175","187175","187175","1003","1003","1003"
"1574","187190","187190","187190","1111","1111","1111","187272","187272","187272","1143","1143","1143","187430","187430","187430","1139","1139","1139","187168","187168","187168","1133","1133","1133","187179","187179","187179","1111","1111","1111"
"1575","188231","188231","188231","1696","1696","1696","188308","188308","188308","1735","1735","1735","188471","188471","188471","1733","1733","1733","188205","188205","188205","1710","1710","1710","188215","188215","188215","1647","1647","1647"
"1576","188235","188235","188235","1443","1443","1443","188312","188312","188312","1528","1528","1528","188475","188475","188475","1521","1521","1521","188209","188209","188209","1426","1426","1426","188219","188219","188219","1611","1611","1611"
"1577","188239","188239","188239","1470","1470","1470","188316","188316","188316","1999","1999","1999","188479","188479","188479","1648","1648","1648","188213","188213","188213","1511","1511","1511","188223","188223","188223","1608","1608","1608"
"1578","188243","188243","188243","1150","1150","1150","188320","188320","188320","1225","1225","1225","188483","188483","188483","1395","1395","1395","188217","188217","188217","1084","1084","1084","188227","188227","188227","1066","1066","1066"
"1579","188247","188247","188247","1168","1168","1168","188324","188324","188324","1157","1157","1157","188487","188487","188487","1163","1163","1163","188221","188221","188221","1179","1179","1179","188231","188231","188231","1168","1168","1168"
"1580","188251","188251","188251","1174","1174","1174","188328","188328","188328","1179","1179","1179","188491","188491","188491","1155","1155","1155","188225","188225","188225","1188","1188","1188","188235","188235","188235","1167","1167","1167"
"1581","188255","188255","188255","1130","1130","1130","188332","188332","188332","1191","1191","1191","188495","188495","188495","1160","1160","1160","188229","188229","188229","1132","1132","1132","188239","188239","188239","1279","1279","1279"
"1582","188259","188259","188259","1127","1127","1127","188336","188336","188336","1110","1110","1110","188499","188499","188499","1111","1111","1111","188233","188233","188233","1157","1157","1157","188243","188243","188243","1157","1157","1157"
"1583","188263","188263","188263","1145","1145","1145","188340","188340","188340","1115","1115","1115","188503","188503","188503","1097","1097","1097","188237","188237","188237","1111","1111","1111","188247","188247","188247","1115","1115","1115"
"1584","189300","189300","189300","1674","1674","1674","189375","189375","189375","1757","1757","1757","189540","189540","189540","1723","1723","1723","189278","189278","189278","1740","1740","1740","189283","189283","189283","1695","1695","1695"
"1585","189304","189304","189304","1574","1574","1574","189379","189379","189379","1716","1716","1716","189544","189544","189544","1534","1534","1534","189282","189282","189282","1578","1578","1578","189287","189287","189287","1634","1634","1634"
"1586","189308","189308","189308","1431","1431","1431","189383","189383","189383","1582","1582","1582","189548","189548","189548","1617","1617","1617","189286","189286","189286","1690","1690","1690","189291","189291","189291","1632","1632","1632"
"1587","189312","189312","189312","1245","1245","1245","189387","189387","189387","1342","1342","1342","189552","189552","189552","1415","1415","1415","189290","189290","189290","1195","1195","1195","189295","189295","189295","1293","1293","1293"
"1588","189316","189316","189316","1093","1093","1093","189391","189391","189391","1158","1158","1158","189556","189556","189556","1164","1164","1164","189294","189294","189294","1206","1206","1206","189299","189299","189299","1196","1196","1196"
"1589","189320","189320","189320","1123","1123","1123","189395","189395","189395","1171","1171","1171","189560","189560","189560","1158","1158","1158","189298","189298","189298","1173","1173","1173","189303","189303","189303","1163","1163","1163"
"1590","189324","189324","189324","1134","1134","1134","189399","189399","189399","1173","1173","1173","189564","189564","189564","1228","1228","1228","189302","189302","189302","1100","1100","1100","189307","189307","189307","1151","1151","1151"
"1591","189328","189328","189328","1147","1147","1147","189403","189403","189403","1132","1132","1132","189568","189568","189568","1112","1112","1112","189306","189306","189306","1164","1164","1164","189311","189311","189311","1166","1166","1166"
"1592","189332","189332","189332","1120","1120","1120","189407","189407","189407","1113","1113","1113","189572","189572","189572","1139","1139","1139","189310","189310","189310","1157","1157","1157","189315","189315","189315","1164","1164","1164"
"1593","190368","190368","190368","1536","1536","1536","190443","190443","190443","1687","1687","1687","190608","190608","190608","1807","1807","1807","190351","190351","190351","1662","1662","1662","190351","190351","190351","1573","1573","1573"
"1594","190372","190372","190372","1561","1561","1561","190447","190447","190447","1587","1587","1587","190612","190612","190612","1650","1650","1650","190355","190355","190355","1692","1692","1692","190355","190355","190355","1611","1611","1611"
"1595","190376","190376","190376","1699","1699","1699","190451","190451","190451","1604","1604","1604","190616","190616","190616","1694","1694","1694","190359","190359","190359","1678","1678","1678","190359","190359","190359","1450","1450","1450"
"1596","190380","190380","190380","1265","1265","1265","190455","190455","190455","998","998","998","190620","190620","190620","1416","1416","1416","190363","190363","190363","1076","1076","1076","190363","190363","190363","1067","1067","1067"
"1597","190384","190384","190384","1214","1214","1214","190459","190459","190459","1140","1140","1140","190624","190624","190624","1165","1165","1165","190367","190367","190367","1194","1194","1194","190367","190367","190367","1183","1183","1183"
"1598","190388","190388","190388","1149","1149","1149","190463","190463","190463","1177","1177","1177","190628","190628","190628","1171","1171","1171","190371","190371","190371","1186","1186","1186","190371","190371","190371","1173","1173","1173"
"1599","190392","190392","190392","1235","1235","1235","190467","190467","190467","1007","1007","1007","190632","190632","190632","1050","1050","1050","190375","190375","190375","1060","1060","1060","190375","190375","190375","1077","1077","1077"
"1600","190396","190396","190396","1139","1139","1139","190471","190471","190471","1139","1139","1139","190636","190636","190636","1123","1123","1123","190379","190379","190379","1044","1044","1044","190379","190379","190379","1144","1144","1144"
"1601","190400","190400","190400","1108","1108","1108","190475","190475","190475","1171","1171","1171","190640","190640","190640","1129","1129","1129","190383","190383","190383","1161","1161","1161","190383","190383","190383","1166","1166","1166"
"1602","191436","191436","191436","1755","1755","1755","191512","191512","191512","1679","1679","1679","191676","191676","191676","1729","1729","1729","191424","191424","191424","1706","1706","1706","191430","191430","191430","1640","1640","1640"
"1603","191440","191440","191440","1516","1516","1516","191516","191516","191516","1584","1584","1584","191680","191680","191680","1615","1615","1615","191428","191428","191428","1512","1512","1512","191434","191434","191434","1491","1491","1491"
"1604","191444","191444","191444","1557","1557","1557","191520","191520","191520","1590","1590","1590","191684","191684","191684","1513","1513","1513","191432","191432","191432","1453","1453","1453","191438","191438","191438","1412","1412","1412"
"1605","191448","191448","191448","1216","1216","1216","191524","191524","191524","1063","1063","1063","191688","191688","191688","1394","1394","1394","191436","191436","191436","1087","1087","1087","191442","191442","191442","1376","1376","1376"
"1606","191452","191452","191452","1169","1169","1169","191528","191528","191528","1162","1162","1162","191692","191692","191692","1164","1164","1164","191440","191440","191440","1172","1172","1172","191446","191446","191446","1174","1174","1174"
"1607","191456","191456","191456","1172","1172","1172","191532","191532","191532","1149","1149","1149","191696","191696","191696","1175","1175","1175","191444","191444","191444","1175","1175","1175","191450","191450","191450","1260","1260","1260"
"1608","191460","191460","191460","1063","1063","1063","191536","191536","191536","1133","1133","1133","191700","191700","191700","1404","1404","1404","191448","191448","191448","1056","1056","1056","191454","191454","191454","1092","1092","1092"
"1609","191464","191464","191464","1111","1111","1111","191540","191540","191540","1126","1126","1126","191704","191704","191704","1122","1122","1122","191452","191452","191452","1124","1124","1124","191458","191458","191458","1160","1160","1160"
"1610","191468","191468","191468","1141","1141","1141","191544","191544","191544","1111","1111","1111","191708","191708","191708","1144","1144","1144","191456","191456","191456","1139","1139","1139","191462","191462","191462","1162","1162","1162"
"1611","192504","192504","192504","1833","1833","1833","192586","192586","192586","1759","1759","1759","192745","192745","192745","1795","1795","1795","192492","192492","192492","1687","1687","1687","192498","192498","192498","1705","1705","1705"
"1612","192508","192508","192508","1999","1999","1999","192590","192590","192590","1516","1516","1516","192749","192749","192749","1661","1661","1661","192496","192496","192496","1540","1540","1540","192502","192502","192502","1579","1579","1579"
"1613","192512","192512","192512","1623","1623","1623","192594","192594","192594","1999","1999","1999","192753","192753","192753","1545","1545","1545","192500","192500","192500","1517","1517","1517","192506","192506","192506","1557","1557","1557"
"1614","192516","192516","192516","1331","1331","1331","192598","192598","192598","1032","1032","1032","192757","192757","192757","1178","1178","1178","192504","192504","192504","1079","1079","1079","192510","192510","192510","1051","1051","1051"
"1615","192520","192520","192520","1148","1148","1148","192602","192602","192602","1182","1182","1182","192761","192761","192761","1162","1162","1162","192508","192508","192508","1184","1184","1184","192514","192514","192514","1181","1181","1181"
"1616","192524","192524","192524","1162","1162","1162","192606","192606","192606","1173","1173","1173","192765","192765","192765","1159","1159","1159","192512","192512","192512","1179","1179","1179","192518","192518","192518","1264","1264","1264"
"1617","192528","192528","192528","1055","1055","1055","192610","192610","192610","993","993","993","192769","192769","192769","1202","1202","1202","192516","192516","192516","1111","1111","1111","192522","192522","192522","1076","1076","1076"
"1618","192532","192532","192532","1128","1128","1128","192614","192614","192614","1152","1152","1152","192773","192773","192773","1140","1140","1140","192520","192520","192520","1147","1147","1147","192526","192526","192526","1141","1141","1141"
"1619","192536","192536","192536","1112","1112","1112","192618","192618","192618","1164","1164","1164","192777","192777","192777","1143","1143","1143","192524","192524","192524","1153","1153","1153","192530","192530","192530","1157","1157","1157"
"1620","193571","193571","193571","1652","1652","1652","193663","193663","193663","1680","1680","1680","193818","193818","193818","1986","1986","1986","193560","193560","193560","1807","1807","1807","193567","193567","193567","1824","1824","1824"
"1621","193575","193575","193575","1556","1556","1556","193667","193667","193667","1640","1640","1640","193822","193822","193822","1519","1519","1519","193564","193564","193564","1711","1711","1711","193571","193571","193571","1491","1491","1491"
"1622","193579","193579","193579","1658","1658","1658","193671","193671","193671","1509","1509","1509","193826","193826","193826","1547","1547","1547","193568","193568","193568","1592","1592","1592","193575","193575","193575","1442","1442","1442"
"1623","193583","193583","193583","1114","1114","1114","193675","193675","193675","1029","1029","1029","193830","193830","193830","1197","1197","1197","193572","193572","193572","1081","1081","1081","193579","193579","193579","1069","1069","1069"
"1624","193587","193587","193587","1189","1189","1189","193679","193679","193679","1175","1175","1175","193834","193834","193834","1177","1177","1177","193576","193576","193576","1201","1201","1201","193583","193583","193583","1203","1203","1203"
"1625","193591","193591","193591","1157","1157","1157","193683","193683","193683","1162","1162","1162","193838","193838","193838","1155","1155","1155","193580","193580","193580","1184","1184","1184","193587","193587","193587","1173","1173","1173"
"1626","193595","193595","193595","1156","1156","1156","193687","193687","193687","1000","1000","1000","193842","193842","193842","1488","1488","1488","193584","193584","193584","1034","1034","1034","193591","193591","193591","1068","1068","1068"
"1627","193599","193599","193599","1123","1123","1123","193691","193691","193691","1142","1142","1142","193846","193846","193846","1150","1150","1150","193588","193588","193588","1111","1111","1111","193595","193595","193595","1153","1153","1153"
"1628","193603","193603","193603","1136","1136","1136","193695","193695","193695","1131","1131","1131","193850","193850","193850","1125","1125","1125","193592","193592","193592","1113","1113","1113","193599","193599","193599","1163","1163","1163"
"1629","194649","194649","194649","1953","1953","1953","194737","194737","194737","1692","1692","1692","194886","194886","194886","1731","1731","1731","194629","194629","194629","1718","1718","1718","194635","194635","194635","1643","1643","1643"
"1630","194653","194653","194653","1507","1507","1507","194741","194741","194741","1629","1629","1629","194890","194890","194890","1545","1545","1545","194633","194633","194633","1567","1567","1567","194639","194639","194639","1390","1390","1390"
"1631","194657","194657","194657","1999","1999","1999","194745","194745","194745","1596","1596","1596","194894","194894","194894","1636","1636","1636","194637","194637","194637","1436","1436","1436","194643","194643","194643","1602","1602","1602"
"1632","194661","194661","194661","1111","1111","1111","194751","194751","194751","1799","1799","1799","194898","194898","194898","1197","1197","1197","194641","194641","194641","1081","1081","1081","194647","194647","194647","1070","1070","1070"
"1633","194665","194665","194665","1179","1179","1179","194755","194755","194755","1159","1159","1159","194902","194902","194902","1177","1177","1177","194645","194645","194645","1195","1195","1195","194651","194651","194651","1208","1208","1208"
"1634","194669","194669","194669","1162","1162","1162","194759","194759","194759","1172","1172","1172","194906","194906","194906","1160","1160","1160","194649","194649","194649","1181","1181","1181","194655","194655","194655","1258","1258","1258"
"1635","194673","194673","194673","1143","1143","1143","194763","194763","194763","1203","1203","1203","194910","194910","194910","1350","1350","1350","194653","194653","194653","1107","1107","1107","194659","194659","194659","1159","1159","1159"
"1636","194677","194677","194677","1127","1127","1127","194767","194767","194767","1123","1123","1123","194914","194914","194914","1110","1110","1110","194657","194657","194657","1138","1138","1138","194663","194663","194663","995","995","995"
"1637","194681","194681","194681","1127","1127","1127","194771","194771","194771","1157","1157","1157","194918","194918","194918","986","986","986","194661","194661","194661","1143","1143","1143","194667","194667","194667","1155","1155","1155"
"1638","195721","195721","195721","1674","1674","1674","195807","195807","195807","1674","1674","1674","195954","195954","195954","1823","1823","1823","195697","195697","195697","1727","1727","1727","195703","195703","195703","1733","1733","1733"
"1639","195725","195725","195725","1460","1460","1460","195811","195811","195811","1562","1562","1562","195958","195958","195958","1481","1481","1481","195701","195701","195701","1500","1500","1500","195707","195707","195707","1489","1489","1489"
"1640","195729","195729","195729","1611","1611","1611","195815","195815","195815","1508","1508","1508","195962","195962","195962","1485","1485","1485","195705","195705","195705","1578","1578","1578","195711","195711","195711","1502","1502","1502"
"1641","195733","195733","195733","1323","1323","1323","195819","195819","195819","1162","1162","1162","195966","195966","195966","1396","1396","1396","195709","195709","195709","1093","1093","1093","195715","195715","195715","1078","1078","1078"
"1642","195737","195737","195737","1176","1176","1176","195823","195823","195823","1180","1180","1180","195970","195970","195970","1161","1161","1161","195713","195713","195713","1192","1192","1192","195719","195719","195719","1171","1171","1171"
"1643","195741","195741","195741","1168","1168","1168","195827","195827","195827","1169","1169","1169","195974","195974","195974","1151","1151","1151","195717","195717","195717","1185","1185","1185","195723","195723","195723","1167","1167","1167"
"1644","195745","195745","195745","1128","1128","1128","195831","195831","195831","1025","1025","1025","195978","195978","195978","1065","1065","1065","195721","195721","195721","1100","1100","1100","195727","195727","195727","1073","1073","1073"
"1645","195749","195749","195749","976","976","976","195835","195835","195835","1148","1148","1148","195982","195982","195982","1130","1130","1130","195725","195725","195725","1140","1140","1140","195731","195731","195731","1137","1137","1137"
"1646","195753","195753","195753","1110","1110","1110","195839","195839","195839","1159","1159","1159","195986","195986","195986","1146","1146","1146","195729","195729","195729","1153","1153","1153","195735","195735","195735","1152","1152","1152"
"1647","196790","196790","196790","1548","1548","1548","196880","196880","196880","1727","1727","1727","197022","197022","197022","1797","1797","1797","196767","196767","196767","1625","1625","1625","196777","196777","196777","1675","1675","1675"
"1648","196794","196794","196794","1666","1666","1666","196884","196884","196884","1519","1519","1519","197026","197026","197026","1660","1660","1660","196771","196771","196771","1556","1556","1556","196781","196781","196781","1543","1543","1543"
"1649","196798","196798","196798","1791","1791","1791","196888","196888","196888","1437","1437","1437","197030","197030","197030","1544","1544","1544","196775","196775","196775","1403","1403","1403","196785","196785","196785","1507","1507","1507"
"1650","196802","196802","196802","1110","1110","1110","196892","196892","196892","1147","1147","1147","197034","197034","197034","1407","1407","1407","196779","196779","196779","1092","1092","1092","196789","196789","196789","1078","1078","1078"
"1651","196806","196806","196806","1172","1172","1172","196896","196896","196896","1119","1119","1119","197038","197038","197038","1160","1160","1160","196783","196783","196783","1190","1190","1190","196793","196793","196793","1182","1182","1182"
"1652","196810","196810","196810","1184","1184","1184","196900","196900","196900","1159","1159","1159","197042","197042","197042","1151","1151","1151","196787","196787","196787","1189","1189","1189","196797","196797","196797","1163","1163","1163"
"1653","196814","196814","196814","1063","1063","1063","196904","196904","196904","989","989","989","197046","197046","197046","1305","1305","1305","196791","196791","196791","1145","1145","1145","196801","196801","196801","1040","1040","1040"
"1654","196818","196818","196818","1130","1130","1130","196908","196908","196908","988","988","988","197050","197050","197050","1140","1140","1140","196795","196795","196795","1155","1155","1155","196805","196805","196805","1155","1155","1155"
"1655","196822","196822","196822","1135","1135","1135","196912","196912","196912","1130","1130","1130","197054","197054","197054","1138","1138","1138","196799","196799","196799","1149","1149","1149","196809","196809","196809","1157","1157","1157"
"1656","197858","197858","197858","1687","1687","1687","197948","197948","197948","1690","1690","1690","198091","198091","198091","1878","1878","1878","197835","197835","197835","1724","1724","1724","197845","197845","197845","1831","1831","1831"
"1657","197862","197862","197862","1557","1557","1557","197952","197952","197952","1656","1656","1656","198095","198095","198095","1476","1476","1476","197839","197839","197839","1654","1654","1654","197849","197849","197849","1467","1467","1467"
"1658","197866","197866","197866","1698","1698","1698","197956","197956","197956","1659","1659","1659","198099","198099","198099","1537","1537","1537","197843","197843","197843","1544","1544","1544","197853","197853","197853","1538","1538","1538"
"1659","197870","197870","197870","1236","1236","1236","197960","197960","197960","1208","1208","1208","198103","198103","198103","1209","1209","1209","197847","197847","197847","1088","1088","1088","197857","197857","197857","1046","1046","1046"
"1660","197874","197874","197874","1183","1183","1183","197964","197964","197964","1174","1174","1174","198107","198107","198107","1181","1181","1181","197851","197851","197851","1195","1195","1195","197861","197861","197861","1223","1223","1223"
"1661","197878","197878","197878","1152","1152","1152","197968","197968","197968","1169","1169","1169","198111","198111","198111","1159","1159","1159","197855","197855","197855","1179","1179","1179","197865","197865","197865","1245","1245","1245"
"1662","197882","197882","197882","1109","1109","1109","197972","197972","197972","1059","1059","1059","198115","198115","198115","1303","1303","1303","197859","197859","197859","1039","1039","1039","197869","197869","197869","1040","1040","1040"
"1663","197886","197886","197886","1052","1052","1052","197976","197976","197976","1130","1130","1130","198119","198119","198119","1138","1138","1138","197863","197863","197863","1164","1164","1164","197873","197873","197873","1137","1137","1137"
"1664","197890","197890","197890","1152","1152","1152","197980","197980","197980","1131","1131","1131","198123","198123","198123","1154","1154","1154","197867","197867","197867","1150","1150","1150","197877","197877","197877","1160","1160","1160"
"1665","198926","198926","198926","1635","1635","1635","199017","199017","199017","1679","1679","1679","199159","199159","199159","1771","1771","1771","198903","198903","198903","1819","1819","1819","198923","198923","198923","1734","1734","1734"
"1666","198930","198930","198930","1583","1583","1583","199021","199021","199021","1726","1726","1726","199163","199163","199163","1486","1486","1486","198907","198907","198907","1557","1557","1557","198927","198927","198927","1502","1502","1502"
"1667","198934","198934","198934","1542","1542","1542","199025","199025","199025","1574","1574","1574","199167","199167","199167","1662","1662","1662","198911","198911","198911","1503","1503","1503","198931","198931","198931","1531","1531","1531"
"1668","198938","198938","198938","1219","1219","1219","199029","199029","199029","1224","1224","1224","199171","199171","199171","1198","1198","1198","198915","198915","198915","1051","1051","1051","198935","198935","198935","1058","1058","1058"
"1669","198942","198942","198942","1165","1165","1165","199033","199033","199033","1239","1239","1239","199175","199175","199175","1197","1197","1197","198919","198919","198919","1167","1167","1167","198939","198939","198939","1171","1171","1171"
"1670","198946","198946","198946","1154","1154","1154","199037","199037","199037","1186","1186","1186","199179","199179","199179","1190","1190","1190","198923","198923","198923","1190","1190","1190","198943","198943","198943","1184","1184","1184"
"1671","198950","198950","198950","1143","1143","1143","199041","199041","199041","1012","1012","1012","199183","199183","199183","1210","1210","1210","198927","198927","198927","1087","1087","1087","198947","198947","198947","1087","1087","1087"
"1672","198954","198954","198954","1061","1061","1061","199045","199045","199045","1143","1143","1143","199187","199187","199187","984","984","984","198931","198931","198931","1139","1139","1139","198951","198951","198951","1125","1125","1125"
"1673","198958","198958","198958","1110","1110","1110","199049","199049","199049","1116","1116","1116","199191","199191","199191","1140","1140","1140","198935","198935","198935","1126","1126","1126","198955","198955","198955","1157","1157","1157"
"1674","199999","199999","199999","1674","1674","1674","200085","200085","200085","1713","1713","1713","200227","200227","200227","1760","1760","1760","199972","199972","199972","1647","1647","1647","199997","199997","199997","1746","1746","1746"
"1675","200003","200003","200003","1445","1445","1445","200089","200089","200089","1549","1549","1549","200231","200231","200231","1597","1597","1597","199976","199976","199976","1479","1479","1479","200001","200001","200001","1480","1480","1480"
"1676","200007","200007","200007","1452","1452","1452","200093","200093","200093","1489","1489","1489","200235","200235","200235","1470","1470","1470","199980","199980","199980","1503","1503","1503","200005","200005","200005","1570","1570","1570"
"1677","200011","200011","200011","1098","1098","1098","200097","200097","200097","1013","1013","1013","200239","200239","200239","1193","1193","1193","199984","199984","199984","1168","1168","1168","200009","200009","200009","1226","1226","1226"
"1678","200015","200015","200015","1112","1112","1112","200101","200101","200101","1177","1177","1177","200243","200243","200243","1179","1179","1179","199988","199988","199988","1156","1156","1156","200013","200013","200013","1499","1499","1499"
"1679","200019","200019","200019","1175","1175","1175","200105","200105","200105","1167","1167","1167","200247","200247","200247","1172","1172","1172","199992","199992","199992","1184","1184","1184","200017","200017","200017","1163","1163","1163"
"1680","200023","200023","200023","1161","1161","1161","200109","200109","200109","1117","1117","1117","200251","200251","200251","1305","1305","1305","199996","199996","199996","1091","1091","1091","200021","200021","200021","1075","1075","1075"
"1681","200027","200027","200027","1119","1119","1119","200113","200113","200113","1132","1132","1132","200255","200255","200255","972","972","972","200000","200000","200000","1135","1135","1135","200025","200025","200025","1150","1150","1150"
"1682","200031","200031","200031","1126","1126","1126","200117","200117","200117","1135","1135","1135","200259","200259","200259","1148","1148","1148","200004","200004","200004","1137","1137","1137","200029","200029","200029","1177","1177","1177"
"1683","201067","201067","201067","1671","1671","1671","201159","201159","201159","1631","1631","1631","201295","201295","201295","1725","1725","1725","201050","201050","201050","1695","1695","1695","201064","201064","201064","1718","1718","1718"
"1684","201071","201071","201071","1554","1554","1554","201163","201163","201163","1548","1548","1548","201299","201299","201299","1484","1484","1484","201054","201054","201054","1570","1570","1570","201068","201068","201068","1497","1497","1497"
"1685","201075","201075","201075","1449","1449","1449","201167","201167","201167","1591","1591","1591","201303","201303","201303","1430","1430","1430","201058","201058","201058","1461","1461","1461","201072","201072","201072","1549","1549","1549"
"1686","201079","201079","201079","1275","1275","1275","201171","201171","201171","1017","1017","1017","201307","201307","201307","1459","1459","1459","201062","201062","201062","1066","1066","1066","201076","201076","201076","1284","1284","1284"
"1687","201083","201083","201083","1158","1158","1158","201175","201175","201175","1159","1159","1159","201311","201311","201311","1155","1155","1155","201066","201066","201066","1180","1180","1180","201080","201080","201080","1191","1191","1191"
"1688","201087","201087","201087","1167","1167","1167","201179","201179","201179","1167","1167","1167","201315","201315","201315","1163","1163","1163","201070","201070","201070","1249","1249","1249","201084","201084","201084","1274","1274","1274"
"1689","201091","201091","201091","1165","1165","1165","201183","201183","201183","1035","1035","1035","201319","201319","201319","1306","1306","1306","201074","201074","201074","1085","1085","1085","201088","201088","201088","1275","1275","1275"
"1690","201095","201095","201095","1123","1123","1123","201187","201187","201187","1139","1139","1139","201323","201323","201323","1145","1145","1145","201078","201078","201078","1142","1142","1142","201092","201092","201092","1115","1115","1115"
"1691","201099","201099","201099","1145","1145","1145","201191","201191","201191","1146","1146","1146","201327","201327","201327","1123","1123","1123","201082","201082","201082","1159","1159","1159","201096","201096","201096","1162","1162","1162"
"1692","202135","202135","202135","1664","1664","1664","202227","202227","202227","1620","1620","1620","202363","202363","202363","1775","1775","1775","202118","202118","202118","1659","1659","1659","202132","202132","202132","1728","1728","1728"
"1693","202139","202139","202139","1589","1589","1589","202231","202231","202231","1506","1506","1506","202367","202367","202367","1457","1457","1457","202122","202122","202122","1563","1563","1563","202136","202136","202136","1462","1462","1462"
"1694","202143","202143","202143","1569","1569","1569","202235","202235","202235","1507","1507","1507","202371","202371","202371","1466","1466","1466","202126","202126","202126","1509","1509","1509","202140","202140","202140","1502","1502","1502"
"1695","202147","202147","202147","1085","1085","1085","202239","202239","202239","1334","1334","1334","202375","202375","202375","1196","1196","1196","202130","202130","202130","1174","1174","1174","202144","202144","202144","1055","1055","1055"
"1696","202151","202151","202151","1169","1169","1169","202243","202243","202243","1183","1183","1183","202379","202379","202379","1499","1499","1499","202134","202134","202134","1199","1199","1199","202148","202148","202148","1169","1169","1169"
"1697","202155","202155","202155","1170","1170","1170","202247","202247","202247","1172","1172","1172","202383","202383","202383","1163","1163","1163","202138","202138","202138","1205","1205","1205","202152","202152","202152","1178","1178","1178"
"1698","202159","202159","202159","1124","1124","1124","202251","202251","202251","1064","1064","1064","202387","202387","202387","1046","1046","1046","202142","202142","202142","1076","1076","1076","202156","202156","202156","1040","1040","1040"
"1699","202163","202163","202163","1129","1129","1129","202255","202255","202255","1116","1116","1116","202391","202391","202391","1139","1139","1139","202146","202146","202146","1108","1108","1108","202160","202160","202160","1145","1145","1145"
"1700","202167","202167","202167","1135","1135","1135","202259","202259","202259","1145","1145","1145","202395","202395","202395","1132","1132","1132","202150","202150","202150","1128","1128","1128","202164","202164","202164","1154","1154","1154"
"1701","203213","203213","203213","1680","1680","1680","203305","203305","203305","1736","1736","1736","203430","203430","203430","1756","1756","1756","203187","203187","203187","1641","1641","1641","203201","203201","203201","1717","1717","1717"
"1702","203217","203217","203217","1518","1518","1518","203309","203309","203309","1486","1486","1486","203434","203434","203434","1665","1665","1665","203191","203191","203191","1478","1478","1478","203205","203205","203205","1568","1568","1568"
"1703","203221","203221","203221","1689","1689","1689","203313","203313","203313","1511","1511","1511","203438","203438","203438","1647","1647","1647","203195","203195","203195","1595","1595","1595","203209","203209","203209","1488","1488","1488"
"1704","203225","203225","203225","1248","1248","1248","203317","203317","203317","998","998","998","203442","203442","203442","1077","1077","1077","203199","203199","203199","1094","1094","1094","203213","203213","203213","1063","1063","1063"
"1705","203229","203229","203229","1166","1166","1166","203321","203321","203321","1162","1162","1162","203446","203446","203446","1189","1189","1189","203203","203203","203203","1175","1175","1175","203217","203217","203217","1230","1230","1230"
"1706","203233","203233","203233","1162","1162","1162","203325","203325","203325","1171","1171","1171","203450","203450","203450","1197","1197","1197","203207","203207","203207","1181","1181","1181","203221","203221","203221","1275","1275","1275"
"1707","203237","203237","203237","1144","1144","1144","203329","203329","203329","993","993","993","203454","203454","203454","1214","1214","1214","203211","203211","203211","1112","1112","1112","203225","203225","203225","1039","1039","1039"
"1708","203241","203241","203241","1121","1121","1121","203333","203333","203333","1124","1124","1124","203458","203458","203458","1132","1132","1132","203215","203215","203215","1138","1138","1138","203229","203229","203229","1144","1144","1144"
"1709","203245","203245","203245","997","997","997","203337","203337","203337","1114","1114","1114","203462","203462","203462","1143","1143","1143","203219","203219","203219","1134","1134","1134","203233","203233","203233","1146","1146","1146"
"1710","204292","204292","204292","1653","1653","1653","204374","204374","204374","1752","1752","1752","204498","204498","204498","1770","1770","1770","204255","204255","204255","1634","1634","1634","204274","204274","204274","1767","1767","1767"
"1711","204296","204296","204296","1585","1585","1585","204378","204378","204378","1394","1394","1394","204502","204502","204502","1541","1541","1541","204259","204259","204259","1515","1515","1515","204278","204278","204278","1479","1479","1479"
"1712","204300","204300","204300","1470","1470","1470","204382","204382","204382","1433","1433","1433","204506","204506","204506","1568","1568","1568","204263","204263","204263","1572","1572","1572","204282","204282","204282","1567","1567","1567"
"1713","204304","204304","204304","1334","1334","1334","204386","204386","204386","1264","1264","1264","204510","204510","204510","1205","1205","1205","204267","204267","204267","1181","1181","1181","204286","204286","204286","1040","1040","1040"
"1714","204308","204308","204308","1209","1209","1209","204390","204390","204390","1186","1186","1186","204514","204514","204514","1189","1189","1189","204271","204271","204271","1172","1172","1172","204290","204290","204290","1171","1171","1171"
"1715","204312","204312","204312","1165","1165","1165","204394","204394","204394","1177","1177","1177","204518","204518","204518","1499","1499","1499","204275","204275","204275","1177","1177","1177","204294","204294","204294","1262","1262","1262"
"1716","204316","204316","204316","1110","1110","1110","204398","204398","204398","1172","1172","1172","204522","204522","204522","1062","1062","1062","204279","204279","204279","1092","1092","1092","204298","204298","204298","1041","1041","1041"
"1717","204320","204320","204320","1153","1153","1153","204402","204402","204402","1110","1110","1110","204526","204526","204526","1138","1138","1138","204283","204283","204283","1132","1132","1132","204302","204302","204302","1147","1147","1147"
"1718","204324","204324","204324","1121","1121","1121","204406","204406","204406","1157","1157","1157","204530","204530","204530","1110","1110","1110","204287","204287","204287","1138","1138","1138","204306","204306","204306","1109","1109","1109"
"1719","205365","205365","205365","1725","1725","1725","205447","205447","205447","1677","1677","1677","205565","205565","205565","1779","1779","1779","205323","205323","205323","1591","1591","1591","205347","205347","205347","1801","1801","1801"
"1720","205369","205369","205369","1463","1463","1463","205451","205451","205451","1415","1415","1415","205569","205569","205569","1655","1655","1655","205327","205327","205327","1999","1999","1999","205351","205351","205351","1665","1665","1665"
"1721","205373","205373","205373","1438","1438","1438","205455","205455","205455","1581","1581","1581","205573","205573","205573","1500","1500","1500","205331","205331","205331","1544","1544","1544","205355","205355","205355","1521","1521","1521"
"1722","205377","205377","205377","1330","1330","1330","205459","205459","205459","1020","1020","1020","205577","205577","205577","1198","1198","1198","205335","205335","205335","1199","1199","1199","205359","205359","205359","1376","1376","1376"
"1723","205381","205381","205381","1159","1159","1159","205463","205463","205463","1178","1178","1178","205581","205581","205581","1160","1160","1160","205339","205339","205339","1195","1195","1195","205363","205363","205363","1174","1174","1174"
"1724","205385","205385","205385","1166","1166","1166","205467","205467","205467","1165","1165","1165","205585","205585","205585","1168","1168","1168","205343","205343","205343","1217","1217","1217","205367","205367","205367","1174","1174","1174"
"1725","205389","205389","205389","1060","1060","1060","205471","205471","205471","982","982","982","205589","205589","205589","1053","1053","1053","205347","205347","205347","1084","1084","1084","205371","205371","205371","1055","1055","1055"
"1726","205393","205393","205393","1143","1143","1143","205475","205475","205475","951","951","951","205593","205593","205593","1145","1145","1145","205351","205351","205351","1140","1140","1140","205375","205375","205375","1142","1142","1142"
"1727","205397","205397","205397","1155","1155","1155","205479","205479","205479","1143","1143","1143","205597","205597","205597","1126","1126","1126","205355","205355","205355","1153","1153","1153","205379","205379","205379","1115","1115","1115"
"1728","206433","206433","206433","1854","1854","1854","206525","206525","206525","1795","1795","1795","206638","206638","206638","1823","1823","1823","206390","206390","206390","1606","1606","1606","206416","206416","206416","1737","1737","1737"
"1729","206437","206437","206437","1455","1455","1455","206529","206529","206529","1643","1643","1643","206642","206642","206642","1503","1503","1503","206394","206394","206394","1558","1558","1558","206420","206420","206420","1544","1544","1544"
"1730","206441","206441","206441","1546","1546","1546","206533","206533","206533","1439","1439","1439","206646","206646","206646","1638","1638","1638","206398","206398","206398","1453","1453","1453","206424","206424","206424","1570","1570","1570"
"1731","206445","206445","206445","1080","1080","1080","206537","206537","206537","1060","1060","1060","206650","206650","206650","1198","1198","1198","206402","206402","206402","1200","1200","1200","206428","206428","206428","1087","1087","1087"
"1732","206449","206449","206449","1052","1052","1052","206541","206541","206541","1171","1171","1171","206654","206654","206654","1174","1174","1174","206406","206406","206406","1212","1212","1212","206432","206432","206432","1169","1169","1169"
"1733","206453","206453","206453","1161","1161","1161","206545","206545","206545","1180","1180","1180","206658","206658","206658","1161","1161","1161","206410","206410","206410","1195","1195","1195","206436","206436","206436","1178","1178","1178"
"1734","206457","206457","206457","1166","1166","1166","206549","206549","206549","1227","1227","1227","206662","206662","206662","1314","1314","1314","206414","206414","206414","1042","1042","1042","206440","206440","206440","1065","1065","1065"
"1735","206461","206461","206461","1132","1132","1132","206553","206553","206553","1137","1137","1137","206666","206666","206666","1130","1130","1130","206418","206418","206418","1121","1121","1121","206444","206444","206444","1145","1145","1145"
"1736","206465","206465","206465","1124","1124","1124","206557","206557","206557","1153","1153","1153","206670","206670","206670","1148","1148","1148","206422","206422","206422","1140","1140","1140","206448","206448","206448","1152","1152","1152"
"1737","207501","207501","207501","1739","1739","1739","207594","207594","207594","1800","1800","1800","207706","207706","207706","1853","1853","1853","207458","207458","207458","1592","1592","1592","207484","207484","207484","1661","1661","1661"
"1738","207505","207505","207505","1543","1543","1543","207598","207598","207598","1436","1436","1436","207710","207710","207710","1459","1459","1459","207462","207462","207462","1534","1534","1534","207488","207488","207488","1557","1557","1557"
"1739","207509","207509","207509","1453","1453","1453","207602","207602","207602","1608","1608","1608","207714","207714","207714","1520","1520","1520","207466","207466","207466","1518","1518","1518","207492","207492","207492","1699","1699","1699"
"1740","207513","207513","207513","1333","1333","1333","207612","207612","207612","1799","1799","1799","207718","207718","207718","1342","1342","1342","207470","207470","207470","1078","1078","1078","207496","207496","207496","1382","1382","1382"
"1741","207517","207517","207517","1166","1166","1166","207616","207616","207616","1174","1174","1174","207722","207722","207722","1170","1170","1170","207474","207474","207474","1193","1193","1193","207500","207500","207500","1214","1214","1214"
"1742","207521","207521","207521","1101","1101","1101","207620","207620","207620","1182","1182","1182","207726","207726","207726","1173","1173","1173","207478","207478","207478","1212","1212","1212","207504","207504","207504","1162","1162","1162"
"1743","207525","207525","207525","1058","1058","1058","207624","207624","207624","1001","1001","1001","207730","207730","207730","1445","1445","1445","207482","207482","207482","1071","1071","1071","207508","207508","207508","1068","1068","1068"
"1744","207529","207529","207529","1142","1142","1142","207628","207628","207628","1121","1121","1121","207734","207734","207734","1117","1117","1117","207486","207486","207486","972","972","972","207512","207512","207512","1140","1140","1140"
"1745","207533","207533","207533","1126","1126","1126","207632","207632","207632","1163","1163","1163","207738","207738","207738","1109","1109","1109","207490","207490","207490","1165","1165","1165","207516","207516","207516","1114","1114","1114"
"1746","208569","208569","208569","1677","1677","1677","208667","208667","208667","1693","1693","1693","208779","208779","208779","1736","1736","1736","208526","208526","208526","1644","1644","1644","208552","208552","208552","1694","1694","1694"
"1747","208573","208573","208573","1474","1474","1474","208671","208671","208671","1636","1636","1636","208783","208783","208783","1644","1644","1644","208530","208530","208530","1613","1613","1613","208556","208556","208556","1561","1561","1561"
"1748","208577","208577","208577","1470","1470","1470","208675","208675","208675","1495","1495","1495","208787","208787","208787","1494","1494","1494","208534","208534","208534","1482","1482","1482","208560","208560","208560","1616","1616","1616"
"1749","208581","208581","208581","1103","1103","1103","208679","208679","208679","1192","1192","1192","208791","208791","208791","1076","1076","1076","208538","208538","208538","1061","1061","1061","208564","208564","208564","1288","1288","1288"
"1750","208585","208585","208585","1173","1173","1173","208683","208683","208683","1174","1174","1174","208795","208795","208795","1182","1182","1182","208542","208542","208542","1257","1257","1257","208568","208568","208568","1186","1186","1186"
"1751","208589","208589","208589","1151","1151","1151","208687","208687","208687","1172","1172","1172","208799","208799","208799","1165","1165","1165","208546","208546","208546","1263","1263","1263","208572","208572","208572","1174","1174","1174"
"1752","208593","208593","208593","1144","1144","1144","208691","208691","208691","1040","1040","1040","208803","208803","208803","1179","1179","1179","208550","208550","208550","1054","1054","1054","208576","208576","208576","1145","1145","1145"
"1753","208597","208597","208597","1140","1140","1140","208695","208695","208695","1161","1161","1161","208807","208807","208807","1115","1115","1115","208554","208554","208554","1141","1141","1141","208580","208580","208580","1096","1096","1096"
"1754","208601","208601","208601","1154","1154","1154","208699","208699","208699","1114","1114","1114","208811","208811","208811","1139","1139","1139","208558","208558","208558","1158","1158","1158","208584","208584","208584","1159","1159","1159"
"1755","209637","209637","209637","1698","1698","1698","209735","209735","209735","1683","1683","1683","209847","209847","209847","1763","1763","1763","209595","209595","209595","1800","1800","1800","209620","209620","209620","1671","1671","1671"
"1756","209641","209641","209641","1466","1466","1466","209739","209739","209739","1568","1568","1568","209851","209851","209851","1587","1587","1587","209599","209599","209599","1473","1473","1473","209624","209624","209624","1466","1466","1466"
"1757","209645","209645","209645","1470","1470","1470","209743","209743","209743","1498","1498","1498","209855","209855","209855","1515","1515","1515","209603","209603","209603","1417","1417","1417","209628","209628","209628","1508","1508","1508"
"1758","209649","209649","209649","1101","1101","1101","209747","209747","209747","1076","1076","1076","209859","209859","209859","1071","1071","1071","209609","209609","209609","1087","1087","1087","209632","209632","209632","1248","1248","1248"
"1759","209653","209653","209653","1171","1171","1171","209751","209751","209751","1101","1101","1101","209863","209863","209863","1178","1178","1178","209613","209613","209613","1185","1185","1185","209636","209636","209636","1214","1214","1214"
"1760","209657","209657","209657","1154","1154","1154","209755","209755","209755","1158","1158","1158","209867","209867","209867","1159","1159","1159","209617","209617","209617","1183","1183","1183","209640","209640","209640","1179","1179","1179"
"1761","209661","209661","209661","1047","1047","1047","209759","209759","209759","1159","1159","1159","209871","209871","209871","1311","1311","1311","209621","209621","209621","1106","1106","1106","209644","209644","209644","1220","1220","1220"
"1762","209665","209665","209665","1116","1116","1116","209763","209763","209763","1140","1140","1140","209875","209875","209875","1145","1145","1145","209625","209625","209625","928","928","928","209648","209648","209648","1119","1119","1119"
"1763","209669","209669","209669","992","992","992","209767","209767","209767","1140","1140","1140","209879","209879","209879","1149","1149","1149","209629","209629","209629","1161","1161","1161","209652","209652","209652","1160","1160","1160"
"1764","210705","210705","210705","1652","1652","1652","210803","210803","210803","1754","1754","1754","210916","210916","210916","1712","1712","1712","210665","210665","210665","1673","1673","1673","210689","210689","210689","1714","1714","1714"
"1765","210709","210709","210709","1571","1571","1571","210807","210807","210807","1414","1414","1414","210920","210920","210920","1561","1561","1561","210669","210669","210669","1437","1437","1437","210693","210693","210693","1508","1508","1508"
"1766","210713","210713","210713","1581","1581","1581","210811","210811","210811","1474","1474","1474","210924","210924","210924","1596","1596","1596","210673","210673","210673","1531","1531","1531","210697","210697","210697","1550","1550","1550"
"1767","210717","210717","210717","1208","1208","1208","210815","210815","210815","1067","1067","1067","210928","210928","210928","1462","1462","1462","210677","210677","210677","1242","1242","1242","210701","210701","210701","1246","1246","1246"
"1768","210721","210721","210721","1126","1126","1126","210819","210819","210819","1171","1171","1171","210932","210932","210932","1178","1178","1178","210681","210681","210681","1249","1249","1249","210705","210705","210705","1180","1180","1180"
"1769","210725","210725","210725","1158","1158","1158","210823","210823","210823","1197","1197","1197","210936","210936","210936","1185","1185","1185","210685","210685","210685","1185","1185","1185","210709","210709","210709","1175","1175","1175"
"1770","210729","210729","210729","1140","1140","1140","210827","210827","210827","988","988","988","210940","210940","210940","1348","1348","1348","210689","210689","210689","1071","1071","1071","210713","210713","210713","1047","1047","1047"
"1771","210733","210733","210733","1114","1114","1114","210831","210831","210831","1169","1169","1169","210944","210944","210944","1143","1143","1143","210693","210693","210693","1120","1120","1120","210717","210717","210717","1165","1165","1165"
"1772","210737","210737","210737","1122","1122","1122","210835","210835","210835","1141","1141","1141","210948","210948","210948","1152","1152","1152","210697","210697","210697","1132","1132","1132","210721","210721","210721","1148","1148","1148"
"1773","211773","211773","211773","1813","1813","1813","211877","211877","211877","1741","1741","1741","211984","211984","211984","1708","1708","1708","211733","211733","211733","1718","1718","1718","211767","211767","211767","1635","1635","1635"
"1774","211777","211777","211777","1459","1459","1459","211881","211881","211881","1503","1503","1503","211988","211988","211988","1503","1503","1503","211737","211737","211737","1492","1492","1492","211771","211771","211771","1632","1632","1632"
"1775","211781","211781","211781","1582","1582","1582","211885","211885","211885","1448","1448","1448","211992","211992","211992","1526","1526","1526","211741","211741","211741","1488","1488","1488","211775","211775","211775","1464","1464","1464"
"1776","211785","211785","211785","1270","1270","1270","211890","211890","211890","1125","1125","1125","211996","211996","211996","1333","1333","1333","211745","211745","211745","1260","1260","1260","211779","211779","211779","1049","1049","1049"
"1777","211789","211789","211789","1039","1039","1039","211894","211894","211894","1179","1179","1179","212000","212000","212000","1157","1157","1157","211749","211749","211749","1199","1199","1199","211783","211783","211783","1267","1267","1267"
"1778","211793","211793","211793","1152","1152","1152","211898","211898","211898","1171","1171","1171","212004","212004","212004","1159","1159","1159","211753","211753","211753","1220","1220","1220","211787","211787","211787","1251","1251","1251"
"1779","211797","211797","211797","1148","1148","1148","211902","211902","211902","1153","1153","1153","212008","212008","212008","1459","1459","1459","211757","211757","211757","1196","1196","1196","211791","211791","211791","1067","1067","1067"
"1780","211801","211801","211801","1043","1043","1043","211906","211906","211906","1124","1124","1124","212012","212012","212012","1144","1144","1144","211761","211761","211761","1119","1119","1119","211795","211795","211795","1143","1143","1143"
"1781","211805","211805","211805","1118","1118","1118","211910","211910","211910","1120","1120","1120","212016","212016","212016","1131","1131","1131","211765","211765","211765","1154","1154","1154","211799","211799","211799","1103","1103","1103"
"1782","212841","212841","212841","1707","1707","1707","212946","212946","212946","1812","1812","1812","213052","213052","213052","1726","1726","1726","212808","212808","212808","1747","1747","1747","212835","212835","212835","1640","1640","1640"
"1783","212845","212845","212845","1603","1603","1603","212950","212950","212950","1447","1447","1447","213056","213056","213056","1650","1650","1650","212812","212812","212812","1543","1543","1543","212839","212839","212839","1549","1549","1549"
"1784","212849","212849","212849","1712","1712","1712","212954","212954","212954","1489","1489","1489","213060","213060","213060","1643","1643","1643","212816","212816","212816","1476","1476","1476","212843","212843","212843","1548","1548","1548"
"1785","212853","212853","212853","1104","1104","1104","212958","212958","212958","1048","1048","1048","213064","213064","213064","1340","1340","1340","212820","212820","212820","1099","1099","1099","212847","212847","212847","1083","1083","1083"
"1786","212857","212857","212857","1135","1135","1135","212962","212962","212962","1172","1172","1172","213068","213068","213068","1168","1168","1168","212824","212824","212824","1176","1176","1176","212851","212851","212851","1183","1183","1183"
"1787","212861","212861","212861","1161","1161","1161","212966","212966","212966","1166","1166","1166","213072","213072","213072","1161","1161","1161","212828","212828","212828","1200","1200","1200","212855","212855","212855","1166","1166","1166"
"1788","212865","212865","212865","1168","1168","1168","212970","212970","212970","1015","1015","1015","213076","213076","213076","1475","1475","1475","212832","212832","212832","1057","1057","1057","212859","212859","212859","1153","1153","1153"
"1789","212869","212869","212869","1120","1120","1120","212974","212974","212974","1148","1148","1148","213080","213080","213080","931","931","931","212836","212836","212836","1001","1001","1001","212863","212863","212863","1145","1145","1145"
"1790","212873","212873","212873","1144","1144","1144","212978","212978","212978","1159","1159","1159","213084","213084","213084","1159","1159","1159","212840","212840","212840","1119","1119","1119","212867","212867","212867","1154","1154","1154"
"1791","213909","213909","213909","1660","1660","1660","214019","214019","214019","1736","1736","1736","214121","214121","214121","1758","1758","1758","213881","213881","213881","1674","1674","1674","213913","213913","213913","1735","1735","1735"
"1792","213913","213913","213913","1602","1602","1602","214023","214023","214023","1554","1554","1554","214125","214125","214125","1517","1517","1517","213885","213885","213885","1507","1507","1507","213917","213917","213917","1502","1502","1502"
"1793","213917","213917","213917","1631","1631","1631","214027","214027","214027","1553","1553","1553","214129","214129","214129","1549","1549","1549","213889","213889","213889","1557","1557","1557","213921","213921","213921","1497","1497","1497"
"1794","213921","213921","213921","1171","1171","1171","214031","214031","214031","1028","1028","1028","214133","214133","214133","1352","1352","1352","213893","213893","213893","1202","1202","1202","213925","213925","213925","1051","1051","1051"
"1795","213925","213925","213925","1089","1089","1089","214035","214035","214035","1179","1179","1179","214137","214137","214137","1168","1168","1168","213897","213897","213897","1201","1201","1201","213929","213929","213929","1194","1194","1194"
"1796","213929","213929","213929","1164","1164","1164","214039","214039","214039","1170","1170","1170","214141","214141","214141","1157","1157","1157","213901","213901","213901","1199","1199","1199","213933","213933","213933","1180","1180","1180"
"1797","213933","213933","213933","1119","1119","1119","214043","214043","214043","1015","1015","1015","214145","214145","214145","1490","1490","1490","213905","213905","213905","1055","1055","1055","213937","213937","213937","1057","1057","1057"
"1798","213937","213937","213937","1149","1149","1149","214047","214047","214047","1138","1138","1138","214149","214149","214149","1126","1126","1126","213909","213909","213909","1129","1129","1129","213941","213941","213941","1144","1144","1144"
"1799","213941","213941","213941","1120","1120","1120","214051","214051","214051","1161","1161","1161","214153","214153","214153","1148","1148","1148","213913","213913","213913","1160","1160","1160","213945","213945","213945","1136","1136","1136"
"1800","214977","214977","214977","1710","1710","1710","215088","215088","215088","1721","1721","1721","215189","215189","215189","1742","1742","1742","214949","214949","214949","1670","1670","1670","214981","214981","214981","1754","1754","1754"
"1801","214981","214981","214981","1539","1539","1539","215092","215092","215092","1382","1382","1382","215193","215193","215193","1589","1589","1589","214953","214953","214953","1708","1708","1708","214985","214985","214985","1517","1517","1517"
"1802","214985","214985","214985","1548","1548","1548","215096","215096","215096","1497","1497","1497","215197","215197","215197","1756","1756","1756","214957","214957","214957","1490","1490","1490","214989","214989","214989","1610","1610","1610"
"1803","214989","214989","214989","1253","1253","1253","215100","215100","215100","1255","1255","1255","215201","215201","215201","1337","1337","1337","214961","214961","214961","1202","1202","1202","214993","214993","214993","1082","1082","1082"
"1804","214993","214993","214993","1086","1086","1086","215104","215104","215104","1143","1143","1143","215205","215205","215205","1189","1189","1189","214965","214965","214965","1188","1188","1188","214997","214997","214997","1174","1174","1174"
"1805","214997","214997","214997","1155","1155","1155","215108","215108","215108","1169","1169","1169","215209","215209","215209","1167","1167","1167","214969","214969","214969","1205","1205","1205","215001","215001","215001","1167","1167","1167"
"1806","215001","215001","215001","1074","1074","1074","215112","215112","215112","995","995","995","215213","215213","215213","1288","1288","1288","214973","214973","214973","1127","1127","1127","215005","215005","215005","1052","1052","1052"
"1807","215005","215005","215005","1105","1105","1105","215116","215116","215116","1132","1132","1132","215217","215217","215217","1141","1141","1141","214977","214977","214977","1144","1144","1144","215009","215009","215009","1140","1140","1140"
"1808","215009","215009","215009","1132","1132","1132","215120","215120","215120","1154","1154","1154","215221","215221","215221","1139","1139","1139","214981","214981","214981","1161","1161","1161","215013","215013","215013","1150","1150","1150"
"1809","216056","216056","216056","1666","1666","1666","216156","216156","216156","1742","1742","1742","216257","216257","216257","1703","1703","1703","216017","216017","216017","1618","1618","1618","216050","216050","216050","1695","1695","1695"
"1810","216060","216060","216060","1496","1496","1496","216160","216160","216160","1551","1551","1551","216261","216261","216261","1640","1640","1640","216021","216021","216021","1571","1571","1571","216054","216054","216054","1468","1468","1468"
"1811","216064","216064","216064","1521","1521","1521","216164","216164","216164","1493","1493","1493","216265","216265","216265","1489","1489","1489","216025","216025","216025","1515","1515","1515","216058","216058","216058","1515","1515","1515"
"1812","216068","216068","216068","1327","1327","1327","216168","216168","216168","1164","1164","1164","216269","216269","216269","1279","1279","1279","216029","216029","216029","1094","1094","1094","216062","216062","216062","1061","1061","1061"
"1813","216072","216072","216072","1499","1499","1499","216172","216172","216172","1174","1174","1174","216273","216273","216273","1173","1173","1173","216033","216033","216033","1186","1186","1186","216066","216066","216066","1200","1200","1200"
"1814","216076","216076","216076","1156","1156","1156","216176","216176","216176","1156","1156","1156","216277","216277","216277","1171","1171","1171","216037","216037","216037","1188","1188","1188","216070","216070","216070","1182","1182","1182"
"1815","216080","216080","216080","1149","1149","1149","216180","216180","216180","987","987","987","216281","216281","216281","1337","1337","1337","216041","216041","216041","1042","1042","1042","216074","216074","216074","1071","1071","1071"
"1816","216084","216084","216084","1150","1150","1150","216184","216184","216184","1113","1113","1113","216285","216285","216285","1130","1130","1130","216045","216045","216045","1151","1151","1151","216078","216078","216078","1149","1149","1149"
"1817","216088","216088","216088","1136","1136","1136","216188","216188","216188","1147","1147","1147","216289","216289","216289","1141","1141","1141","216049","216049","216049","1121","1121","1121","216082","216082","216082","1154","1154","1154"
"1818","217123","217123","217123","1710","1710","1710","217224","217224","217224","1783","1783","1783","217325","217325","217325","1760","1760","1760","217085","217085","217085","1754","1754","1754","217118","217118","217118","1649","1649","1649"
"1819","217127","217127","217127","1516","1516","1516","217228","217228","217228","1568","1568","1568","217329","217329","217329","1570","1570","1570","217089","217089","217089","1619","1619","1619","217122","217122","217122","1637","1637","1637"
"1820","217131","217131","217131","1490","1490","1490","217232","217232","217232","1579","1579","1579","217333","217333","217333","1598","1598","1598","217093","217093","217093","1559","1559","1559","217126","217126","217126","1479","1479","1479"
"1821","217135","217135","217135","1344","1344","1344","217236","217236","217236","1240","1240","1240","217337","217337","217337","1192","1192","1192","217097","217097","217097","1173","1173","1173","217130","217130","217130","1159","1159","1159"
"1822","217139","217139","217139","1085","1085","1085","217240","217240","217240","1194","1194","1194","217341","217341","217341","1164","1164","1164","217101","217101","217101","1179","1179","1179","217134","217134","217134","1183","1183","1183"
"1823","217143","217143","217143","1160","1160","1160","217244","217244","217244","1157","1157","1157","217345","217345","217345","1169","1169","1169","217105","217105","217105","1184","1184","1184","217138","217138","217138","1159","1159","1159"
"1824","217147","217147","217147","1059","1059","1059","217248","217248","217248","992","992","992","217349","217349","217349","1329","1329","1329","217109","217109","217109","1047","1047","1047","217142","217142","217142","1215","1215","1215"
"1825","217151","217151","217151","963","963","963","217252","217252","217252","1150","1150","1150","217353","217353","217353","1138","1138","1138","217113","217113","217113","1155","1155","1155","217146","217146","217146","1141","1141","1141"
"1826","217155","217155","217155","1144","1144","1144","217256","217256","217256","1138","1138","1138","217357","217357","217357","1170","1170","1170","217117","217117","217117","1132","1132","1132","217150","217150","217150","1163","1163","1163"
"1827","218196","218196","218196","1756","1756","1756","218297","218297","218297","1698","1698","1698","218398","218398","218398","1743","1743","1743","218158","218158","218158","1674","1674","1674","218186","218186","218186","1722","1722","1722"
"1828","218200","218200","218200","1699","1699","1699","218301","218301","218301","1491","1491","1491","218402","218402","218402","1693","1693","1693","218162","218162","218162","1485","1485","1485","218190","218190","218190","1418","1418","1418"
"1829","218204","218204","218204","1560","1560","1560","218305","218305","218305","1509","1509","1509","218406","218406","218406","1611","1611","1611","218166","218166","218166","1644","1644","1644","218194","218194","218194","1541","1541","1541"
"1830","218208","218208","218208","1327","1327","1327","218309","218309","218309","1186","1186","1186","218410","218410","218410","1190","1190","1190","218171","218171","218171","1054","1054","1054","218198","218198","218198","1045","1045","1045"
"1831","218212","218212","218212","1096","1096","1096","218313","218313","218313","1191","1191","1191","218414","218414","218414","1165","1165","1165","218175","218175","218175","1166","1166","1166","218202","218202","218202","1181","1181","1181"
"1832","218216","218216","218216","1165","1165","1165","218317","218317","218317","1173","1173","1173","218418","218418","218418","1190","1190","1190","218179","218179","218179","1194","1194","1194","218206","218206","218206","1158","1158","1158"
"1833","218220","218220","218220","1132","1132","1132","218321","218321","218321","1154","1154","1154","218422","218422","218422","1335","1335","1335","218183","218183","218183","1048","1048","1048","218210","218210","218210","1164","1164","1164"
"1834","218224","218224","218224","1121","1121","1121","218325","218325","218325","1160","1160","1160","218426","218426","218426","1153","1153","1153","218187","218187","218187","1153","1153","1153","218214","218214","218214","1163","1163","1163"
"1835","218228","218228","218228","1145","1145","1145","218329","218329","218329","1148","1148","1148","218430","218430","218430","1144","1144","1144","218191","218191","218191","1159","1159","1159","218218","218218","218218","1156","1156","1156"
"1836","219264","219264","219264","1767","1767","1767","219366","219366","219366","1745","1745","1745","219467","219467","219467","1775","1775","1775","219232","219232","219232","1785","1785","1785","219254","219254","219254","1741","1741","1741"
"1837","219268","219268","219268","1733","1733","1733","219370","219370","219370","1505","1505","1505","219471","219471","219471","1558","1558","1558","219236","219236","219236","1528","1528","1528","219258","219258","219258","1573","1573","1573"
"1838","219272","219272","219272","1546","1546","1546","219374","219374","219374","1636","1636","1636","219475","219475","219475","1548","1548","1548","219240","219240","219240","1500","1500","1500","219262","219262","219262","1514","1514","1514"
"1839","219276","219276","219276","1323","1323","1323","219378","219378","219378","1042","1042","1042","219479","219479","219479","1334","1334","1334","219247","219247","219247","1087","1087","1087","219266","219266","219266","1173","1173","1173"
"1840","219280","219280","219280","1499","1499","1499","219382","219382","219382","1175","1175","1175","219483","219483","219483","1184","1184","1184","219251","219251","219251","1174","1174","1174","219270","219270","219270","1211","1211","1211"
"1841","219284","219284","219284","1170","1170","1170","219386","219386","219386","1175","1175","1175","219487","219487","219487","1172","1172","1172","219255","219255","219255","1192","1192","1192","219274","219274","219274","1182","1182","1182"
"1842","219288","219288","219288","1157","1157","1157","219390","219390","219390","1017","1017","1017","219491","219491","219491","1294","1294","1294","219259","219259","219259","1059","1059","1059","219278","219278","219278","1063","1063","1063"
"1843","219292","219292","219292","1120","1120","1120","219394","219394","219394","1125","1125","1125","219495","219495","219495","1139","1139","1139","219263","219263","219263","1155","1155","1155","219282","219282","219282","1156","1156","1156"
"1844","219296","219296","219296","1144","1144","1144","219398","219398","219398","1154","1154","1154","219499","219499","219499","1126","1126","1126","219267","219267","219267","1157","1157","1157","219286","219286","219286","1107","1107","1107"
"1845","220331","220331","220331","1772","1772","1772","220449","220449","220449","1787","1787","1787","220535","220535","220535","1726","1726","1726","220303","220303","220303","1724","1724","1724","220327","220327","220327","1635","1635","1635"
"1846","220335","220335","220335","1498","1498","1498","220453","220453","220453","1455","1455","1455","220539","220539","220539","1565","1565","1565","220307","220307","220307","1448","1448","1448","220331","220331","220331","1494","1494","1494"
"1847","220339","220339","220339","1741","1741","1741","220457","220457","220457","1485","1485","1485","220543","220543","220543","1692","1692","1692","220311","220311","220311","1488","1488","1488","220335","220335","220335","1605","1605","1605"
"1848","220343","220343","220343","1111","1111","1111","220461","220461","220461","1179","1179","1179","220547","220547","220547","1218","1218","1218","220315","220315","220315","1077","1077","1077","220339","220339","220339","1152","1152","1152"
"1849","220347","220347","220347","1159","1159","1159","220465","220465","220465","1143","1143","1143","220551","220551","220551","1168","1168","1168","220319","220319","220319","1196","1196","1196","220343","220343","220343","1177","1177","1177"
"1850","220351","220351","220351","1167","1167","1167","220469","220469","220469","1183","1183","1183","220555","220555","220555","1188","1188","1188","220323","220323","220323","1243","1243","1243","220347","220347","220347","1160","1160","1160"
"1851","220355","220355","220355","1158","1158","1158","220473","220473","220473","979","979","979","220559","220559","220559","1438","1438","1438","220327","220327","220327","1073","1073","1073","220351","220351","220351","1051","1051","1051"
"1852","220359","220359","220359","1138","1138","1138","220477","220477","220477","996","996","996","220563","220563","220563","1135","1135","1135","220331","220331","220331","1132","1132","1132","220355","220355","220355","1137","1137","1137"
"1853","220363","220363","220363","1133","1133","1133","220481","220481","220481","1135","1135","1135","220567","220567","220567","1105","1105","1105","220335","220335","220335","1158","1158","1158","220359","220359","220359","1144","1144","1144"
"1854","221399","221399","221399","1656","1656","1656","221517","221517","221517","1637","1637","1637","221603","221603","221603","1769","1769","1769","221372","221372","221372","1770","1770","1770","221396","221396","221396","1768","1768","1768"
"1855","221403","221403","221403","1543","1543","1543","221521","221521","221521","1439","1439","1439","221607","221607","221607","1575","1575","1575","221376","221376","221376","1455","1455","1455","221400","221400","221400","1521","1521","1521"
"1856","221407","221407","221407","1719","1719","1719","221525","221525","221525","1465","1465","1465","221611","221611","221611","1763","1763","1763","221380","221380","221380","1491","1491","1491","221404","221404","221404","1482","1482","1482"
"1857","221411","221411","221411","1143","1143","1143","221529","221529","221529","1177","1177","1177","221615","221615","221615","1311","1311","1311","221384","221384","221384","1125","1125","1125","221408","221408","221408","1293","1293","1293"
"1858","221415","221415","221415","1168","1168","1168","221533","221533","221533","1188","1188","1188","221619","221619","221619","1170","1170","1170","221388","221388","221388","1157","1157","1157","221412","221412","221412","1182","1182","1182"
"1859","221419","221419","221419","1163","1163","1163","221537","221537","221537","1161","1161","1161","221623","221623","221623","1160","1160","1160","221392","221392","221392","1213","1213","1213","221416","221416","221416","1183","1183","1183"
"1860","221423","221423","221423","1085","1085","1085","221541","221541","221541","1007","1007","1007","221627","221627","221627","1319","1319","1319","221396","221396","221396","1036","1036","1036","221420","221420","221420","1070","1070","1070"
"1861","221427","221427","221427","1047","1047","1047","221545","221545","221545","1131","1131","1131","221631","221631","221631","1115","1115","1115","221400","221400","221400","1129","1129","1129","221424","221424","221424","1114","1114","1114"
"1862","221431","221431","221431","1122","1122","1122","221549","221549","221549","1137","1137","1137","221635","221635","221635","1129","1129","1129","221404","221404","221404","1141","1141","1141","221428","221428","221428","1157","1157","1157"
"1863","222473","222473","222473","1707","1707","1707","222585","222585","222585","1836","1836","1836","222676","222676","222676","1980","1980","1980","222440","222440","222440","1699","1699","1699","222464","222464","222464","1702","1702","1702"
"1864","222477","222477","222477","1732","1732","1732","222589","222589","222589","1568","1568","1568","222680","222680","222680","1584","1584","1584","222444","222444","222444","1456","1456","1456","222468","222468","222468","1541","1541","1541"
"1865","222481","222481","222481","1654","1654","1654","222593","222593","222593","1392","1392","1392","222684","222684","222684","1521","1521","1521","222448","222448","222448","1502","1502","1502","222472","222472","222472","1523","1523","1523"
"1866","222485","222485","222485","1104","1104","1104","222597","222597","222597","1016","1016","1016","222688","222688","222688","1295","1295","1295","222452","222452","222452","1190","1190","1190","222476","222476","222476","1056","1056","1056"
"1867","222489","222489","222489","1182","1182","1182","222601","222601","222601","1164","1164","1164","222692","222692","222692","1158","1158","1158","222456","222456","222456","1186","1186","1186","222480","222480","222480","1209","1209","1209"
"1868","222493","222493","222493","1174","1174","1174","222605","222605","222605","1161","1161","1161","222696","222696","222696","1181","1181","1181","222460","222460","222460","1205","1205","1205","222484","222484","222484","1177","1177","1177"
"1869","222497","222497","222497","1051","1051","1051","222609","222609","222609","1032","1032","1032","222700","222700","222700","1290","1290","1290","222464","222464","222464","1014","1014","1014","222488","222488","222488","1248","1248","1248"
"1870","222501","222501","222501","1119","1119","1119","222613","222613","222613","1119","1119","1119","222704","222704","222704","924","924","924","222468","222468","222468","1143","1143","1143","222492","222492","222492","1155","1155","1155"
"1871","222505","222505","222505","1110","1110","1110","222617","222617","222617","1129","1129","1129","222708","222708","222708","1143","1143","1143","222472","222472","222472","1139","1139","1139","222496","222496","222496","1152","1152","1152"
"1872","223541","223541","223541","2014","2014","2014","223653","223653","223653","1801","1801","1801","223749","223749","223749","1881","1881","1881","223513","223513","223513","1792","1792","1792","223533","223533","223533","1658","1658","1658"
"1873","223545","223545","223545","1727","1727","1727","223657","223657","223657","1583","1583","1583","223753","223753","223753","1483","1483","1483","223517","223517","223517","1564","1564","1564","223537","223537","223537","1521","1521","1521"
"1874","223549","223549","223549","1540","1540","1540","223661","223661","223661","1507","1507","1507","223757","223757","223757","1500","1500","1500","223521","223521","223521","1498","1498","1498","223541","223541","223541","1541","1541","1541"
"1875","223553","223553","223553","1334","1334","1334","223665","223665","223665","1168","1168","1168","223761","223761","223761","1367","1367","1367","223525","223525","223525","1049","1049","1049","223545","223545","223545","1268","1268","1268"
"1876","223557","223557","223557","1160","1160","1160","223669","223669","223669","1158","1158","1158","223765","223765","223765","1178","1178","1178","223529","223529","223529","1184","1184","1184","223549","223549","223549","1230","1230","1230"
"1877","223561","223561","223561","1157","1157","1157","223673","223673","223673","1176","1176","1176","223769","223769","223769","1165","1165","1165","223533","223533","223533","1162","1162","1162","223553","223553","223553","1251","1251","1251"
"1878","223565","223565","223565","1154","1154","1154","223677","223677","223677","1061","1061","1061","223773","223773","223773","1305","1305","1305","223537","223537","223537","1093","1093","1093","223557","223557","223557","1069","1069","1069"
"1879","223569","223569","223569","1144","1144","1144","223681","223681","223681","1144","1144","1144","223777","223777","223777","1141","1141","1141","223541","223541","223541","1141","1141","1141","223561","223561","223561","1079","1079","1079"
"1880","223573","223573","223573","1137","1137","1137","223685","223685","223685","1157","1157","1157","223781","223781","223781","1141","1141","1141","223545","223545","223545","1144","1144","1144","223565","223565","223565","1161","1161","1161"
"1881","224609","224609","224609","1783","1783","1783","224722","224722","224722","1637","1637","1637","224817","224817","224817","1776","1776","1776","224582","224582","224582","1696","1696","1696","224606","224606","224606","1592","1592","1592"
"1882","224613","224613","224613","1514","1514","1514","224726","224726","224726","1598","1598","1598","224821","224821","224821","1498","1498","1498","224586","224586","224586","1488","1488","1488","224610","224610","224610","1497","1497","1497"
"1883","224617","224617","224617","1658","1658","1658","224730","224730","224730","1622","1622","1622","224825","224825","224825","1514","1514","1514","224590","224590","224590","1461","1461","1461","224614","224614","224614","1524","1524","1524"
"1884","224621","224621","224621","1249","1249","1249","224734","224734","224734","1249","1249","1249","224829","224829","224829","1200","1200","1200","224594","224594","224594","1186","1186","1186","224618","224618","224618","1062","1062","1062"
"1885","224625","224625","224625","1033","1033","1033","224739","224739","224739","1499","1499","1499","224833","224833","224833","1169","1169","1169","224598","224598","224598","1164","1164","1164","224622","224622","224622","1171","1171","1171"
"1886","224629","224629","224629","1061","1061","1061","224743","224743","224743","1175","1175","1175","224837","224837","224837","1169","1169","1169","224602","224602","224602","1203","1203","1203","224626","224626","224626","1170","1170","1170"
"1887","224633","224633","224633","1131","1131","1131","224747","224747","224747","1023","1023","1023","224841","224841","224841","1305","1305","1305","224606","224606","224606","1014","1014","1014","224630","224630","224630","1146","1146","1146"
"1888","224637","224637","224637","1007","1007","1007","224751","224751","224751","1143","1143","1143","224845","224845","224845","1144","1144","1144","224610","224610","224610","939","939","939","224634","224634","224634","1158","1158","1158"
"1889","224641","224641","224641","1104","1104","1104","224755","224755","224755","1115","1115","1115","224849","224849","224849","1142","1142","1142","224614","224614","224614","1146","1146","1146","224638","224638","224638","1143","1143","1143"
"1890","225677","225677","225677","1710","1710","1710","225796","225796","225796","1784","1784","1784","225885","225885","225885","1791","1791","1791","225650","225650","225650","1658","1658","1658","225679","225679","225679","1727","1727","1727"
"1891","225681","225681","225681","1555","1555","1555","225800","225800","225800","1569","1569","1569","225889","225889","225889","1498","1498","1498","225654","225654","225654","1560","1560","1560","225683","225683","225683","1601","1601","1601"
"1892","225685","225685","225685","1485","1485","1485","225804","225804","225804","1544","1544","1544","225893","225893","225893","1514","1514","1514","225658","225658","225658","1570","1570","1570","225687","225687","225687","1565","1565","1565"
"1893","225689","225689","225689","1343","1343","1343","225808","225808","225808","1173","1173","1173","225897","225897","225897","1346","1346","1346","225662","225662","225662","1252","1252","1252","225691","225691","225691","1049","1049","1049"
"1894","225693","225693","225693","1499","1499","1499","225812","225812","225812","1180","1180","1180","225901","225901","225901","1158","1158","1158","225666","225666","225666","1175","1175","1175","225695","225695","225695","1243","1243","1243"
"1895","225697","225697","225697","1150","1150","1150","225816","225816","225816","1162","1162","1162","225905","225905","225905","1194","1194","1194","225670","225670","225670","1195","1195","1195","225699","225699","225699","1168","1168","1168"
"1896","225701","225701","225701","1127","1127","1127","225820","225820","225820","995","995","995","225909","225909","225909","1333","1333","1333","225674","225674","225674","1078","1078","1078","225703","225703","225703","1105","1105","1105"
"1897","225705","225705","225705","1108","1108","1108","225824","225824","225824","1146","1146","1146","225913","225913","225913","1134","1134","1134","225678","225678","225678","1157","1157","1157","225707","225707","225707","1114","1114","1114"
"1898","225709","225709","225709","1115","1115","1115","225828","225828","225828","1122","1122","1122","225917","225917","225917","1126","1126","1126","225682","225682","225682","1163","1163","1163","225711","225711","225711","1158","1158","1158"
"1899","226744","226744","226744","1657","1657","1657","226869","226869","226869","1695","1695","1695","226953","226953","226953","1889","1889","1889","226718","226718","226718","1741","1741","1741","226747","226747","226747","1680","1680","1680"
"1900","226748","226748","226748","1509","1509","1509","226873","226873","226873","1646","1646","1646","226957","226957","226957","1506","1506","1506","226722","226722","226722","1493","1493","1493","226751","226751","226751","1424","1424","1424"
"1901","226752","226752","226752","1501","1501","1501","226877","226877","226877","1595","1595","1595","226961","226961","226961","1663","1663","1663","226726","226726","226726","1513","1513","1513","226755","226755","226755","1566","1566","1566"
"1902","226756","226756","226756","1267","1267","1267","226881","226881","226881","1194","1194","1194","226965","226965","226965","1279","1279","1279","226730","226730","226730","1184","1184","1184","226759","226759","226759","1246","1246","1246"
"1903","226760","226760","226760","1193","1193","1193","226885","226885","226885","1499","1499","1499","226969","226969","226969","1174","1174","1174","226734","226734","226734","1156","1156","1156","226763","226763","226763","1231","1231","1231"
"1904","226764","226764","226764","1142","1142","1142","226889","226889","226889","1170","1170","1170","226973","226973","226973","1159","1159","1159","226738","226738","226738","1203","1203","1203","226767","226767","226767","1163","1163","1163"
"1905","226768","226768","226768","1150","1150","1150","226893","226893","226893","990","990","990","226977","226977","226977","1281","1281","1281","226742","226742","226742","1077","1077","1077","226771","226771","226771","1079","1079","1079"
"1906","226772","226772","226772","1055","1055","1055","226897","226897","226897","1150","1150","1150","226981","226981","226981","1115","1115","1115","226746","226746","226746","1136","1136","1136","226775","226775","226775","1156","1156","1156"
"1907","226776","226776","226776","1132","1132","1132","226901","226901","226901","1156","1156","1156","226985","226985","226985","1130","1130","1130","226750","226750","226750","1148","1148","1148","226779","226779","226779","1103","1103","1103"
"1908","227812","227812","227812","1768","1768","1768","227936","227936","227936","1801","1801","1801","228021","228021","228021","1772","1772","1772","227791","227791","227791","1704","1704","1704","227816","227816","227816","1581","1581","1581"
"1909","227816","227816","227816","1517","1517","1517","227940","227940","227940","1523","1523","1523","228025","228025","228025","1667","1667","1667","227795","227795","227795","1480","1480","1480","227820","227820","227820","1705","1705","1705"
"1910","227820","227820","227820","1731","1731","1731","227944","227944","227944","1517","1517","1517","228029","228029","228029","1640","1640","1640","227799","227799","227799","1506","1506","1506","227824","227824","227824","1729","1729","1729"
"1911","227824","227824","227824","1321","1321","1321","227948","227948","227948","1150","1150","1150","228033","228033","228033","1289","1289","1289","227803","227803","227803","1799","1799","1799","227828","227828","227828","1237","1237","1237"
"1912","227828","227828","227828","1173","1173","1173","227952","227952","227952","1199","1199","1199","228037","228037","228037","1168","1168","1168","227807","227807","227807","1172","1172","1172","227832","227832","227832","1255","1255","1255"
"1913","227832","227832","227832","1160","1160","1160","227956","227956","227956","1170","1170","1170","228041","228041","228041","1160","1160","1160","227811","227811","227811","1195","1195","1195","227836","227836","227836","1173","1173","1173"
"1914","227836","227836","227836","1054","1054","1054","227960","227960","227960","987","987","987","228045","228045","228045","1291","1291","1291","227815","227815","227815","1015","1015","1015","227840","227840","227840","1059","1059","1059"
"1915","227840","227840","227840","1047","1047","1047","227964","227964","227964","1154","1154","1154","228049","228049","228049","1139","1139","1139","227819","227819","227819","978","978","978","227844","227844","227844","1105","1105","1105"
"1916","227844","227844","227844","1140","1140","1140","227968","227968","227968","1152","1152","1152","228053","228053","228053","1111","1111","1111","227823","227823","227823","1151","1151","1151","227848","227848","227848","1150","1150","1150"
"1917","228881","228881","228881","1733","1733","1733","229004","229004","229004","1721","1721","1721","229090","229090","229090","1621","1621","1621","228859","228859","228859","1665","1665","1665","228884","228884","228884","1695","1695","1695"
"1918","228885","228885","228885","1714","1714","1714","229008","229008","229008","1665","1665","1665","229094","229094","229094","1600","1600","1600","228863","228863","228863","1459","1459","1459","228888","228888","228888","1419","1419","1419"
"1919","228889","228889","228889","1591","1591","1591","229012","229012","229012","1523","1523","1523","229098","229098","229098","1604","1604","1604","228867","228867","228867","1505","1505","1505","228892","228892","228892","1595","1595","1595"
"1920","228893","228893","228893","1102","1102","1102","229016","229016","229016","1254","1254","1254","229102","229102","229102","1293","1293","1293","228871","228871","228871","1072","1072","1072","228896","228896","228896","1160","1160","1160"
"1921","228898","228898","228898","1499","1499","1499","229020","229020","229020","1195","1195","1195","229106","229106","229106","1179","1179","1179","228875","228875","228875","1159","1159","1159","228900","228900","228900","1217","1217","1217"
"1922","228902","228902","228902","1146","1146","1146","229024","229024","229024","1164","1164","1164","229110","229110","229110","1153","1153","1153","228879","228879","228879","1281","1281","1281","228904","228904","228904","1263","1263","1263"
"1923","228906","228906","228906","1140","1140","1140","229028","229028","229028","996","996","996","229114","229114","229114","1292","1292","1292","228883","228883","228883","1084","1084","1084","228908","228908","228908","1170","1170","1170"
"1924","228910","228910","228910","1124","1124","1124","229032","229032","229032","1143","1143","1143","229118","229118","229118","995","995","995","228887","228887","228887","1150","1150","1150","228912","228912","228912","1131","1131","1131"
"1925","228914","228914","228914","1119","1119","1119","229036","229036","229036","1146","1146","1146","229122","229122","229122","1121","1121","1121","228891","228891","228891","1157","1157","1157","228916","228916","228916","1145","1145","1145"
"1926","229949","229949","229949","1882","1882","1882","230072","230072","230072","1649","1649","1649","","","","","","","229927","229927","229927","1673","1673","1673","229952","229952","229952","1729","1729","1729"
"1927","229953","229953","229953","1518","1518","1518","230076","230076","230076","1642","1642","1642","","","","","","","229931","229931","229931","1563","1563","1563","229956","229956","229956","1538","1538","1538"
"1928","229957","229957","229957","1705","1705","1705","230080","230080","230080","1570","1570","1570","","","","","","","229935","229935","229935","1569","1569","1569","229960","229960","229960","1746","1746","1746"
"1929","229961","229961","229961","1249","1249","1249","230084","230084","230084","1019","1019","1019","","","","","","","229939","229939","229939","1089","1089","1089","229964","229964","229964","1051","1051","1051"
"1930","229965","229965","229965","1090","1090","1090","230088","230088","230088","1151","1151","1151","","","","","","","229943","229943","229943","1176","1176","1176","229968","229968","229968","1190","1190","1190"
"1931","229969","229969","229969","1159","1159","1159","230092","230092","230092","1162","1162","1162","","","","","","","229947","229947","229947","1297","1297","1297","229972","229972","229972","1198","1198","1198"
"1932","229973","229973","229973","1121","1121","1121","230096","230096","230096","992","992","992","","","","","","","229951","229951","229951","1066","1066","1066","229976","229976","229976","1139","1139","1139"
"1933","229977","229977","229977","1128","1128","1128","230100","230100","230100","1151","1151","1151","","","","","","","229955","229955","229955","1141","1141","1141","229980","229980","229980","1109","1109","1109"
"1934","229981","229981","229981","1118","1118","1118","230104","230104","230104","1138","1138","1138","","","","","","","229959","229959","229959","1167","1167","1167","229984","229984","229984","1167","1167","1167"
"1935","231017","231017","231017","1748","1748","1748","231141","231141","231141","1622","1622","1622","","","","","","","231005","231005","231005","1640","1640","1640","231025","231025","231025","1653","1653","1653"
"1936","231021","231021","231021","1509","1509","1509","231145","231145","231145","1434","1434","1434","","","","","","","231009","231009","231009","1502","1502","1502","231029","231029","231029","1475","1475","1475"
"1937","231025","231025","231025","1504","1504","1504","231149","231149","231149","1999","1999","1999","","","","","","","231013","231013","231013","1489","1489","1489","231033","231033","231033","1696","1696","1696"
"1938","231029","231029","231029","1338","1338","1338","231153","231153","231153","1031","1031","1031","","","","","","","231017","231017","231017","1052","1052","1052","231037","231037","231037","1161","1161","1161"
"1939","231033","231033","231033","1160","1160","1160","231157","231157","231157","1155","1155","1155","","","","","","","231021","231021","231021","1160","1160","1160","231041","231041","231041","1208","1208","1208"
"1940","231037","231037","231037","1150","1150","1150","231161","231161","231161","1193","1193","1193","","","","","","","231025","231025","231025","1320","1320","1320","231045","231045","231045","1158","1158","1158"
"1941","231041","231041","231041","1061","1061","1061","231165","231165","231165","1016","1016","1016","","","","","","","231029","231029","231029","1074","1074","1074","231049","231049","231049","1162","1162","1162"
"1942","231045","231045","231045","1127","1127","1127","231169","231169","231169","1149","1149","1149","","","","","","","231033","231033","231033","1119","1119","1119","231053","231053","231053","1132","1132","1132"
"1943","231049","231049","231049","1122","1122","1122","231173","231173","231173","1110","1110","1110","","","","","","","231037","231037","231037","1142","1142","1142","231057","231057","231057","1162","1162","1162"
"1944","232085","232085","232085","1790","1790","1790","232218","232218","232218","1710","1710","1710","","","","","","","232073","232073","232073","1730","1730","1730","232094","232094","232094","1599","1599","1599"
"1945","232089","232089","232089","1728","1728","1728","232222","232222","232222","1599","1599","1599","","","","","","","232077","232077","232077","1466","1466","1466","232098","232098","232098","1670","1670","1670"
"1946","232093","232093","232093","1500","1500","1500","232226","232226","232226","1535","1535","1535","","","","","","","232081","232081","232081","1498","1498","1498","232102","232102","232102","1720","1720","1720"
"1947","232097","232097","232097","1082","1082","1082","232230","232230","232230","1171","1171","1171","","","","","","","232085","232085","232085","1180","1180","1180","232106","232106","232106","1060","1060","1060"
"1948","232101","232101","232101","1184","1184","1184","232234","232234","232234","1163","1163","1163","","","","","","","232089","232089","232089","1195","1195","1195","232110","232110","232110","1200","1200","1200"
"1949","232105","232105","232105","1160","1160","1160","232238","232238","232238","1153","1153","1153","","","","","","","232093","232093","232093","1195","1195","1195","232114","232114","232114","1154","1154","1154"
"1950","232109","232109","232109","1082","1082","1082","232242","232242","232242","982","982","982","","","","","","","232097","232097","232097","1052","1052","1052","232118","232118","232118","1138","1138","1138"
"1951","232113","232113","232113","1017","1017","1017","232246","232246","232246","1151","1151","1151","","","","","","","232101","232101","232101","1142","1142","1142","232122","232122","232122","1136","1136","1136"
"1952","232117","232117","232117","1119","1119","1119","232250","232250","232250","1115","1115","1115","","","","","","","232105","232105","232105","1147","1147","1147","232126","232126","232126","1141","1141","1141"
"1953","233158","233158","233158","1769","1769","1769","233291","233291","233291","1696","1696","1696","","","","","","","233142","233142","233142","1812","1812","1812","233163","233163","233163","1697","1697","1697"
"1954","233162","233162","233162","1727","1727","1727","233295","233295","233295","1597","1597","1597","","","","","","","233146","233146","233146","1999","1999","1999","233167","233167","233167","1521","1521","1521"
"1955","233166","233166","233166","1553","1553","1553","233299","233299","233299","1645","1645","1645","","","","","","","233150","233150","233150","1999","1999","1999","233171","233171","233171","1449","1449","1449"
"1956","233170","233170","233170","1183","1183","1183","233303","233303","233303","1185","1185","1185","","","","","","","233154","233154","233154","1047","1047","1047","233175","233175","233175","1064","1064","1064"
"1957","233174","233174","233174","1198","1198","1198","233307","233307","233307","1239","1239","1239","","","","","","","233158","233158","233158","1198","1198","1198","233179","233179","233179","1183","1183","1183"
"1958","233178","233178","233178","1161","1161","1161","233311","233311","233311","1172","1172","1172","","","","","","","233162","233162","233162","1176","1176","1176","233183","233183","233183","1258","1258","1258"
"1959","233182","233182","233182","1073","1073","1073","233315","233315","233315","1043","1043","1043","","","","","","","233166","233166","233166","1071","1071","1071","233187","233187","233187","1150","1150","1150"
"1960","233186","233186","233186","1052","1052","1052","233319","233319","233319","1126","1126","1126","","","","","","","233170","233170","233170","1153","1153","1153","233191","233191","233191","1154","1154","1154"
"1961","233190","233190","233190","1146","1146","1146","233323","233323","233323","1166","1166","1166","","","","","","","233174","233174","233174","1140","1140","1140","233195","233195","233195","1129","1129","1129"
"1962","234231","234231","234231","1904","1904","1904","","","","","","","","","","","","","234209","234209","234209","1675","1675","1675","234242","234242","234242","1589","1589","1589"
"1963","234235","234235","234235","1562","1562","1562","","","","","","","","","","","","","234213","234213","234213","1449","1449","1449","234246","234246","234246","1473","1473","1473"
"1964","234239","234239","234239","1503","1503","1503","","","","","","","","","","","","","234217","234217","234217","1475","1475","1475","234250","234250","234250","1567","1567","1567"
"1965","234243","234243","234243","1334","1334","1334","","","","","","","","","","","","","234221","234221","234221","1080","1080","1080","234254","234254","234254","1393","1393","1393"
"1966","234247","234247","234247","1096","1096","1096","","","","","","","","","","","","","234225","234225","234225","1155","1155","1155","234258","234258","234258","1190","1190","1190"
"1967","234251","234251","234251","1151","1151","1151","","","","","","","","","","","","","234229","234229","234229","1213","1213","1213","234262","234262","234262","1246","1246","1246"
"1968","234255","234255","234255","1137","1137","1137","","","","","","","","","","","","","234233","234233","234233","1069","1069","1069","234266","234266","234266","1129","1129","1129"
"1969","234259","234259","234259","1110","1110","1110","","","","","","","","","","","","","234237","234237","234237","1143","1143","1143","234270","234270","234270","1159","1159","1159"
"1970","234263","234263","234263","1124","1124","1124","","","","","","","","","","","","","234241","234241","234241","1120","1120","1120","234274","234274","234274","1147","1147","1147"
"1971","235304","235304","235304","1897","1897","1897","","","","","","","","","","","","","235277","235277","235277","1643","1643","1643","235310","235310","235310","1603","1603","1603"
"1972","235308","235308","235308","1728","1728","1728","","","","","","","","","","","","","235281","235281","235281","1495","1495","1495","235314","235314","235314","1475","1475","1475"
"1973","235312","235312","235312","1665","1665","1665","","","","","","","","","","","","","235285","235285","235285","1673","1673","1673","235318","235318","235318","1630","1630","1630"
"1974","235316","235316","235316","1323","1323","1323","","","","","","","","","","","","","235289","235289","235289","1101","1101","1101","235322","235322","235322","1799","1799","1799"
"1975","235320","235320","235320","1107","1107","1107","","","","","","","","","","","","","235293","235293","235293","1185","1185","1185","235326","235326","235326","1205","1205","1205"
"1976","235324","235324","235324","1155","1155","1155","","","","","","","","","","","","","235297","235297","235297","1188","1188","1188","235330","235330","235330","1180","1180","1180"
"1977","235328","235328","235328","1098","1098","1098","","","","","","","","","","","","","235301","235301","235301","1140","1140","1140","235334","235334","235334","1045","1045","1045"
"1978","235332","235332","235332","1141","1141","1141","","","","","","","","","","","","","235305","235305","235305","1155","1155","1155","235338","235338","235338","1160","1160","1160"
"1979","235336","235336","235336","1148","1148","1148","","","","","","","","","","","","","235309","235309","235309","1165","1165","1165","235342","235342","235342","1131","1131","1131"
"1980","","","","","","","","","","","","","","","","","","","","","","","","","236378","236378","236378","1714","1714","1714"
"1981","","","","","","","","","","","","","","","","","","","","","","","","","236382","236382","236382","1565","1565","1565"
"1982","","","","","","","","","","","","","","","","","","","","","","","","","236386","236386","236386","1612","1612","1612"
"1983","","","","","","","","","","","","","","","","","","","","","","","","","236390","236390","236390","1257","1257","1257"
"1984","","","","","","","","","","","","","","","","","","","","","","","","","236394","236394","236394","1251","1251","1251"
"1985","","","","","","","","","","","","","","","","","","","","","","","","","236398","236398","236398","1153","1153","1153"
"1986","","","","","","","","","","","","","","","","","","","","","","","","","236402","236402","236402","1163","1163","1163"
"1987","","","","","","","","","","","","","","","","","","","","","","","","","236406","236406","236406","1139","1139","1139"
"1988","","","","","","","","","","","","","","","","","","","","","","","","","236410","236410","236410","1115","1115","1115"
"1989","","","","","","","","","","","","","","","","","","","","","","","","","237447","237447","237447","1589","1589","1589"
"1990","","","","","","","","","","","","","","","","","","","","","","","","","237451","237451","237451","1491","1491","1491"
"1991","","","","","","","","","","","","","","","","","","","","","","","","","237455","237455","237455","1557","1557","1557"
"1992","","","","","","","","","","","","","","","","","","","","","","","","","237459","237459","237459","1154","1154","1154"
"1993","","","","","","","","","","","","","","","","","","","","","","","","","237463","237463","237463","1217","1217","1217"
"1994","","","","","","","","","","","","","","","","","","","","","","","","","237467","237467","237467","1242","1242","1242"
"1995","","","","","","","","","","","","","","","","","","","","","","","","","237471","237471","237471","1127","1127","1127"
"1996","","","","","","","","","","","","","","","","","","","","","","","","","237475","237475","237475","1147","1147","1147"
"1997","","","","","","","","","","","","","","","","","","","","","","","","","237479","237479","237479","1141","1141","1141"
"1998","","","","","","","","","","","","","","","","","","","","","","","","","238515","238515","238515","1621","1621","1621"
"1999","","","","","","","","","","","","","","","","","","","","","","","","","238519","238519","238519","1649","1649","1649"
"2000","","","","","","","","","","","","","","","","","","","","","","","","","238523","238523","238523","1565","1565","1565"
"2001","","","","","","","","","","","","","","","","","","","","","","","","","238527","238527","238527","1052","1052","1052"
"2002","","","","","","","","","","","","","","","","","","","","","","","","","238531","238531","238531","1255","1255","1255"
"2003","","","","","","","","","","","","","","","","","","","","","","","","","238535","238535","238535","1172","1172","1172"
"2004","","","","","","","","","","","","","","","","","","","","","","","","","238539","238539","238539","1156","1156","1156"
"2005","","","","","","","","","","","","","","","","","","","","","","","","","238543","238543","238543","1157","1157","1157"
"2006","","","","","","","","","","","","","","","","","","","","","","","","","238547","238547","238547","1148","1148","1148"
"2007","","","","","","","","","","","","","","","","","","","","","","","","","239583","239583","239583","1693","1693","1693"
"2008","","","","","","","","","","","","","","","","","","","","","","","","","239587","239587","239587","1538","1538","1538"
"2009","","","","","","","","","","","","","","","","","","","","","","","","","239591","239591","239591","1510","1510","1510"
"2010","","","","","","","","","","","","","","","","","","","","","","","","","239595","239595","239595","1237","1237","1237"
"2011","","","","","","","","","","","","","","","","","","","","","","","","","239599","239599","239599","1248","1248","1248"
"2012","","","","","","","","","","","","","","","","","","","","","","","","","239603","239603","239603","1160","1160","1160"
"2013","","","","","","","","","","","","","","","","","","","","","","","","","239607","239607","239607","1080","1080","1080"
"2014","","","","","","","","","","","","","","","","","","","","","","","","","239611","239611","239611","1156","1156","1156"
"2015","","","","","","","","","","","","","","","","","","","","","","","","","239615","239615","239615","1159","1159","1159"
"2016","","","","","","","","","","","","","","","","","","","","","","","","","240651","240651","240651","1674","1674","1674"
"2017","","","","","","","","","","","","","","","","","","","","","","","","","240655","240655","240655","1484","1484","1484"
"2018","","","","","","","","","","","","","","","","","","","","","","","","","240659","240659","240659","1537","1537","1537"
"2019","","","","","","","","","","","","","","","","","","","","","","","","","240663","240663","240663","1166","1166","1166"
"2020","","","","","","","","","","","","","","","","","","","","","","","","","240667","240667","240667","1202","1202","1202"
"2021","","","","","","","","","","","","","","","","","","","","","","","","","240671","240671","240671","1267","1267","1267"
"2022","","","","","","","","","","","","","","","","","","","","","","","","","240675","240675","240675","1131","1131","1131"
"2023","","","","","","","","","","","","","","","","","","","","","","","","","240679","240679","240679","1114","1114","1114"
"2024","","","","","","","","","","","","","","","","","","","","","","","","","240683","240683","240683","1147","1147","1147"
"2025","","","","","","","","","","","","","","","","","","","","","","","","","241720","241720","241720","1705","1705","1705"
"2026","","","","","","","","","","","","","","","","","","","","","","","","","241724","241724","241724","1999","1999","1999"
"2027","","","","","","","","","","","","","","","","","","","","","","","","","241728","241728","241728","1515","1515","1515"
"2028","","","","","","","","","","","","","","","","","","","","","","","","","241732","241732","241732","1235","1235","1235"
"2029","","","","","","","","","","","","","","","","","","","","","","","","","241736","241736","241736","1183","1183","1183"
"2030","","","","","","","","","","","","","","","","","","","","","","","","","241740","241740","241740","1161","1161","1161"
"2031","","","","","","","","","","","","","","","","","","","","","","","","","241744","241744","241744","1131","1131","1131"
"2032","","","","","","","","","","","","","","","","","","","","","","","","","241748","241748","241748","1159","1159","1159"
"2033","","","","","","","","","","","","","","","","","","","","","","","","","241752","241752","241752","1145","1145","1145"
"2034","","","","","","","","","","","","","","","","","","","","","","","","","242787","242787","242787","1721","1721","1721"
"2035","","","","","","","","","","","","","","","","","","","","","","","","","242791","242791","242791","1497","1497","1497"
"2036","","","","","","","","","","","","","","","","","","","","","","","","","242795","242795","242795","1492","1492","1492"
"2037","","","","","","","","","","","","","","","","","","","","","","","","","242799","242799","242799","1043","1043","1043"
"2038","","","","","","","","","","","","","","","","","","","","","","","","","242803","242803","242803","1174","1174","1174"
"2039","","","","","","","","","","","","","","","","","","","","","","","","","242807","242807","242807","1184","1184","1184"
"2040","","","","","","","","","","","","","","","","","","","","","","","","","242811","242811","242811","1070","1070","1070"
"2041","","","","","","","","","","","","","","","","","","","","","","","","","242815","242815","242815","1143","1143","1143"
"2042","","","","","","","","","","","","","","","","","","","","","","","","","242819","242819","242819","1104","1104","1104"
"2043","","","","","","","","","","","","","","","","","","","","","","","","","243856","243856","243856","1686","1686","1686"
"2044","","","","","","","","","","","","","","","","","","","","","","","","","243860","243860","243860","1999","1999","1999"
"2045","","","","","","","","","","","","","","","","","","","","","","","","","243864","243864","243864","1524","1524","1524"
"2046","","","","","","","","","","","","","","","","","","","","","","","","","243868","243868","243868","1228","1228","1228"
"2047","","","","","","","","","","","","","","","","","","","","","","","","","243872","243872","243872","1167","1167","1167"
"2048","","","","","","","","","","","","","","","","","","","","","","","","","243876","243876","243876","1177","1177","1177"
"2049","","","","","","","","","","","","","","","","","","","","","","","","","243880","243880","243880","1139","1139","1139"
"2050","","","","","","","","","","","","","","","","","","","","","","","","","243884","243884","243884","1117","1117","1117"
"2051","","","","","","","","","","","","","","","","","","","","","","","","","243888","243888","243888","1147","1147","1147"
"2052","","","","","","","","","","","","","","","","","","","","","","","","","244923","244923","244923","1622","1622","1622"
"2053","","","","","","","","","","","","","","","","","","","","","","","","","244927","244927","244927","1528","1528","1528"
"2054","","","","","","","","","","","","","","","","","","","","","","","","","244931","244931","244931","1612","1612","1612"
"2055","","","","","","","","","","","","","","","","","","","","","","","","","244935","244935","244935","1241","1241","1241"
"2056","","","","","","","","","","","","","","","","","","","","","","","","","244939","244939","244939","1237","1237","1237"
"2057","","","","","","","","","","","","","","","","","","","","","","","","","244943","244943","244943","1178","1178","1178"
"2058","","","","","","","","","","","","","","","","","","","","","","","","","244947","244947","244947","1040","1040","1040"
"2059","","","","","","","","","","","","","","","","","","","","","","","","","244951","244951","244951","1132","1132","1132"
"2060","","","","","","","","","","","","","","","","","","","","","","","","","244955","244955","244955","1144","1144","1144"
"2061","","","","","","","","","","","","","","","","","","","","","","","","","245996","245996","245996","1751","1751","1751"
"2062","","","","","","","","","","","","","","","","","","","","","","","","","246000","246000","246000","1999","1999","1999"
"2063","","","","","","","","","","","","","","","","","","","","","","","","","246004","246004","246004","1598","1598","1598"
"2064","","","","","","","","","","","","","","","","","","","","","","","","","246008","246008","246008","1167","1167","1167"
"2065","","","","","","","","","","","","","","","","","","","","","","","","","246012","246012","246012","1171","1171","1171"
"2066","","","","","","","","","","","","","","","","","","","","","","","","","246016","246016","246016","1163","1163","1163"
"2067","","","","","","","","","","","","","","","","","","","","","","","","","246020","246020","246020","1319","1319","1319"
"2068","","","","","","","","","","","","","","","","","","","","","","","","","246024","246024","246024","1129","1129","1129"
"2069","","","","","","","","","","","","","","","","","","","","","","","","","246028","246028","246028","1153","1153","1153"