"Evaluate/step_episode","rl_filter_mlp_2025-12-07_21-13-48 - Evaluate/EpOverCost","rl_filter_mlp_2025-12-07_21-13-48 - Evaluate/EpOverCost__MIN","rl_filter_mlp_2025-12-07_21-13-48 - Evaluate/EpOverCost__MAX","rl_filter_mlp_2025-12-07_21-13-48 - _step","rl_filter_mlp_2025-12-07_21-13-48 - _step__MIN","rl_filter_mlp_2025-12-07_21-13-48 - _step__MAX","rl_filter_no_dueling_2025-11-29_18-11-35 - Evaluate/EpOverCost","rl_filter_no_dueling_2025-11-29_18-11-35 - Evaluate/EpOverCost__MIN","rl_filter_no_dueling_2025-11-29_18-11-35 - Evaluate/EpOverCost__MAX","rl_filter_no_dueling_2025-11-29_18-11-35 - _step","rl_filter_no_dueling_2025-11-29_18-11-35 - _step__MIN","rl_filter_no_dueling_2025-11-29_18-11-35 - _step__MAX","rl_filter_selfattn_2025-11-26_16-56-20 - Evaluate/EpOverCost","rl_filter_selfattn_2025-11-26_16-56-20 - Evaluate/EpOverCost__MIN","rl_filter_selfattn_2025-11-26_16-56-20 - Evaluate/EpOverCost__MAX","rl_filter_selfattn_2025-11-26_16-56-20 - _step","rl_filter_selfattn_2025-11-26_16-56-20 - _step__MIN","rl_filter_selfattn_2025-11-26_16-56-20 - _step__MAX","rl_filter_no_noisy_2025-11-25_15-04-29 - Evaluate/EpOverCost","rl_filter_no_noisy_2025-11-25_15-04-29 - Evaluate/EpOverCost__MIN","rl_filter_no_noisy_2025-11-25_15-04-29 - Evaluate/EpOverCost__MAX","rl_filter_no_noisy_2025-11-25_15-04-29 - _step","rl_filter_no_noisy_2025-11-25_15-04-29 - _step__MIN","rl_filter_no_noisy_2025-11-25_15-04-29 - _step__MAX","4070_rl_filter_2025-07-20_12-17-12 - Evaluate/EpOverCost","4070_rl_filter_2025-07-20_12-17-12 - Evaluate/EpOverCost__MIN","4070_rl_filter_2025-07-20_12-17-12 - Evaluate/EpOverCost__MAX","4070_rl_filter_2025-07-20_12-17-12 - _step","4070_rl_filter_2025-07-20_12-17-12 - _step__MIN","4070_rl_filter_2025-07-20_12-17-12 - _step__MAX"
"0","0","0","0","165","165","165","0","0","0","1040","1040","1040","0","0","0","1040","1040","1040","0","0","0","1039","1039","1039","0","0","0","1037","1037","1037"
"1","0","0","0","169","169","169","0","0","0","1044","1044","1044","0","0","0","1044","1044","1044","0","0","0","1042","1042","1042","0","0","0","1040","1040","1040"
"2","0","0","0","173","173","173","0","0","0","1048","1048","1048","0","0","0","1048","1048","1048","0","0","0","1045","1045","1045","0","0","0","1043","1043","1043"
"3","0","0","0","177","177","177","0","0","0","1051","1051","1051","0","0","0","1052","1052","1052","0","0","0","1049","1049","1049","0","0","0","1047","1047","1047"
"4","0","0","0","181","181","181","0","0","0","1054","1054","1054","0","0","0","1056","1056","1056","0","0","0","1053","1053","1053","0","0","0","1051","1051","1051"
"5","0","0","0","185","185","185","0","0","0","1057","1057","1057","0","0","0","1060","1060","1060","0","0","0","1057","1057","1057","0","0","0","1055","1055","1055"
"6","0","0","0","189","189","189","0","0","0","1061","1061","1061","0","0","0","1064","1064","1064","0","0","0","1061","1061","1061","0","0","0","1059","1059","1059"
"7","0","0","0","193","193","193","0","0","0","1065","1065","1065","0","0","0","1068","1068","1068","0","0","0","1065","1065","1065","0","0","0","1063","1063","1063"
"8","0","0","0","197","197","197","0","0","0","1068","1068","1068","0","0","0","1072","1072","1072","0","0","0","1069","1069","1069","0","0","0","1067","1067","1067"
"9","0","0","0","327","327","327","0","0","0","2070","2070","2070","0","0","0","2076","2076","2076","0","0","0","2070","2070","2070","0","0","0","2070","2070","2070"
"10","0","0","0","331","331","331","0","0","0","2074","2074","2074","0","0","0","2080","2080","2080","0","0","0","2073","2073","2073","0","0","0","2073","2073","2073"
"11","0","0","0","335","335","335","0","0","0","2078","2078","2078","0","0","0","2084","2084","2084","0","0","0","2076","2076","2076","0","0","0","2076","2076","2076"
"12","0","0","0","339","339","339","0","0","0","2081","2081","2081","0","0","0","2088","2088","2088","0","0","0","2080","2080","2080","0","0","0","2080","2080","2080"
"13","0","0","0","343","343","343","0","0","0","2084","2084","2084","0","0","0","2092","2092","2092","0","0","0","2084","2084","2084","0","0","0","2084","2084","2084"
"14","0","0","0","347","347","347","0","0","0","2087","2087","2087","0","0","0","2096","2096","2096","0","0","0","2088","2088","2088","0","0","0","2088","2088","2088"
"15","0","0","0","351","351","351","0","0","0","2091","2091","2091","0","0","0","2100","2100","2100","0","0","0","2092","2092","2092","0","0","0","2092","2092","2092"
"16","0","0","0","355","355","355","0","0","0","2094","2094","2094","0","0","0","2104","2104","2104","0","0","0","2096","2096","2096","0","0","0","2096","2096","2096"
"17","0","0","0","359","359","359","0","0","0","2097","2097","2097","0","0","0","2108","2108","2108","0","0","0","2100","2100","2100","0","0","0","2100","2100","2100"
"18","0","0","0","489","489","489","0","0","0","3140","3140","3140","0","0","0","3174","3174","3174","0","0","0","3137","3137","3137","0","0","0","3141","3141","3141"
"19","0","0","0","493","493","493","0","0","0","3144","3144","3144","0","0","0","3178","3178","3178","0","0","0","3141","3141","3141","0","0","0","3145","3145","3145"
"20","0","0","0","497","497","497","0","0","0","3148","3148","3148","0","0","0","3182","3182","3182","0","0","0","3145","3145","3145","0","0","0","3149","3149","3149"
"21","0","0","0","501","501","501","0","0","0","3152","3152","3152","0","0","0","3186","3186","3186","0","0","0","3149","3149","3149","0","0","0","3153","3153","3153"
"22","0","0","0","505","505","505","0","0","0","3156","3156","3156","0","0","0","3190","3190","3190","0","0","0","3153","3153","3153","0","0","0","3157","3157","3157"
"23","0","0","0","509","509","509","0","0","0","3160","3160","3160","0","0","0","3194","3194","3194","0","0","0","3157","3157","3157","0","0","0","3161","3161","3161"
"24","0","0","0","513","513","513","0","0","0","3164","3164","3164","0","0","0","3198","3198","3198","0","0","0","3161","3161","3161","0","0","0","3165","3165","3165"
"25","0","0","0","517","517","517","0","0","0","3168","3168","3168","0","0","0","3202","3202","3202","0","0","0","3165","3165","3165","0","0","0","3169","3169","3169"
"26","0","0","0","521","521","521","0","0","0","3172","3172","3172","0","0","0","3206","3206","3206","0","0","0","3169","3169","3169","0","0","0","3173","3173","3173"
"27","0","0","0","651","651","651","0","0","0","4216","4216","4216","0","0","0","4255","4255","4255","0","0","0","4205","4205","4205","0","0","0","4212","4212","4212"
"28","0","0","0","655","655","655","0","0","0","4220","4220","4220","0","0","0","4259","4259","4259","0","0","0","4209","4209","4209","0","0","0","4216","4216","4216"
"29","0","0","0","659","659","659","0","0","0","4224","4224","4224","0","0","0","4263","4263","4263","0","0","0","4213","4213","4213","0","0","0","4220","4220","4220"
"30","0","0","0","663","663","663","0","0","0","4228","4228","4228","0","0","0","4267","4267","4267","0","0","0","4217","4217","4217","0","0","0","4224","4224","4224"
"31","0","0","0","667","667","667","0","0","0","4232","4232","4232","0","0","0","4271","4271","4271","0","0","0","4221","4221","4221","0","0","0","4228","4228","4228"
"32","0","0","0","671","671","671","0","0","0","4236","4236","4236","0","0","0","4275","4275","4275","0","0","0","4225","4225","4225","0","0","0","4232","4232","4232"
"33","0","0","0","675","675","675","0","0","0","4240","4240","4240","0","0","0","4279","4279","4279","0","0","0","4229","4229","4229","0","0","0","4236","4236","4236"
"34","0","0","0","679","679","679","0","0","0","4244","4244","4244","0","0","0","4283","4283","4283","0","0","0","4233","4233","4233","0","0","0","4240","4240","4240"
"35","0","0","0","683","683","683","0","0","0","4248","4248","4248","0","0","0","4287","4287","4287","0","0","0","4237","4237","4237","0","0","0","4244","4244","4244"
"36","0","0","0","813","813","813","0","0","0","5296","5296","5296","0","0","0","5332","5332","5332","0","0","0","5274","5274","5274","0","0","0","5282","5282","5282"
"37","0","0","0","817","817","817","0","0","0","5300","5300","5300","0","0","0","5336","5336","5336","0","0","0","5278","5278","5278","0","0","0","5286","5286","5286"
"38","0","0","0","821","821","821","0","0","0","5304","5304","5304","0","0","0","5340","5340","5340","0","0","0","5282","5282","5282","0","0","0","5290","5290","5290"
"39","0","0","0","825","825","825","0","0","0","5308","5308","5308","0","0","0","5344","5344","5344","0","0","0","5286","5286","5286","0","0","0","5294","5294","5294"
"40","0","0","0","829","829","829","0","0","0","5312","5312","5312","0","0","0","5348","5348","5348","0","0","0","5290","5290","5290","0","0","0","5298","5298","5298"
"41","0","0","0","833","833","833","0","0","0","5316","5316","5316","0","0","0","5352","5352","5352","0","0","0","5294","5294","5294","0","0","0","5302","5302","5302"
"42","0","0","0","837","837","837","0","0","0","5320","5320","5320","0","0","0","5356","5356","5356","0","0","0","5298","5298","5298","0","0","0","5306","5306","5306"
"43","0","0","0","841","841","841","0","0","0","5324","5324","5324","0","0","0","5360","5360","5360","0","0","0","5302","5302","5302","0","0","0","5310","5310","5310"
"44","0","0","0","845","845","845","0","0","0","5328","5328","5328","0","0","0","5364","5364","5364","0","0","0","5306","5306","5306","0","0","0","5314","5314","5314"
"45","0","0","0","975","975","975","0","0","0","6389","6389","6389","0","0","0","6424","6424","6424","0","0","0","6344","6344","6344","0","0","0","6351","6351","6351"
"46","0","0","0","979","979","979","0","0","0","6393","6393","6393","0","0","0","6428","6428","6428","0","0","0","6348","6348","6348","0","0","0","6355","6355","6355"
"47","0","0","0","983","983","983","0","0","0","6397","6397","6397","0","0","0","6432","6432","6432","0","0","0","6352","6352","6352","0","0","0","6359","6359","6359"
"48","0","0","0","987","987","987","0","0","0","6401","6401","6401","0","0","0","6436","6436","6436","0","0","0","6356","6356","6356","0","0","0","6363","6363","6363"
"49","0","0","0","991","991","991","0","0","0","6405","6405","6405","0","0","0","6440","6440","6440","0","0","0","6360","6360","6360","0","0","0","6367","6367","6367"
"50","0","0","0","995","995","995","0","0","0","6409","6409","6409","0","0","0","6444","6444","6444","0","0","0","6364","6364","6364","0","0","0","6371","6371","6371"
"51","0","0","0","999","999","999","0","0","0","6413","6413","6413","0","0","0","6448","6448","6448","0","0","0","6368","6368","6368","0","0","0","6375","6375","6375"
"52","0","0","0","1003","1003","1003","0","0","0","6417","6417","6417","0","0","0","6452","6452","6452","0","0","0","6372","6372","6372","0","0","0","6379","6379","6379"
"53","0","0","0","1007","1007","1007","0","0","0","6421","6421","6421","0","0","0","6456","6456","6456","0","0","0","6376","6376","6376","0","0","0","6383","6383","6383"
"54","0","0","0","1137","1137","1137","0","0","0","7476","7476","7476","0","0","0","7507","7507","7507","0","0","0","7414","7414","7414","0","0","0","7430","7430","7430"
"55","0","0","0","1141","1141","1141","0","0","0","7480","7480","7480","0","0","0","7511","7511","7511","0","0","0","7418","7418","7418","0","0","0","7434","7434","7434"
"56","0","0","0","1145","1145","1145","0","0","0","7484","7484","7484","0","0","0","7515","7515","7515","0","0","0","7422","7422","7422","0","0","0","7438","7438","7438"
"57","0","0","0","1149","1149","1149","0","0","0","7488","7488","7488","0","0","0","7519","7519","7519","0","0","0","7426","7426","7426","0","0","0","7442","7442","7442"
"58","0","0","0","1153","1153","1153","0","0","0","7492","7492","7492","0","0","0","7523","7523","7523","0","0","0","7430","7430","7430","0","0","0","7446","7446","7446"
"59","0","0","0","1157","1157","1157","0","0","0","7496","7496","7496","0","0","0","7527","7527","7527","0","0","0","7434","7434","7434","0","0","0","7450","7450","7450"
"60","0","0","0","1161","1161","1161","0","0","0","7500","7500","7500","0","0","0","7531","7531","7531","0","0","0","7438","7438","7438","0","0","0","7454","7454","7454"
"61","0","0","0","1165","1165","1165","0","0","0","7504","7504","7504","0","0","0","7535","7535","7535","0","0","0","7442","7442","7442","0","0","0","7458","7458","7458"
"62","0","0","0","1169","1169","1169","0","0","0","7508","7508","7508","0","0","0","7539","7539","7539","0","0","0","7446","7446","7446","0","0","0","7462","7462","7462"
"63","0","0","0","1299","1299","1299","0","0","0","8545","8545","8545","0","0","0","8584","8584","8584","0","0","0","8482","8482","8482","0","0","0","8499","8499","8499"
"64","0","0","0","1303","1303","1303","0","0","0","8549","8549","8549","0","0","0","8588","8588","8588","0","0","0","8486","8486","8486","0","0","0","8503","8503","8503"
"65","0","0","0","1307","1307","1307","0","0","0","8553","8553","8553","0","0","0","8592","8592","8592","0","0","0","8490","8490","8490","0","0","0","8507","8507","8507"
"66","0","0","0","1311","1311","1311","0","0","0","8557","8557","8557","0","0","0","8596","8596","8596","0","0","0","8494","8494","8494","0","0","0","8511","8511","8511"
"67","0","0","0","1315","1315","1315","0","0","0","8561","8561","8561","2","2","2","8602","8602","8602","0","0","0","8498","8498","8498","0","0","0","8515","8515","8515"
"68","0","0","0","1319","1319","1319","0","0","0","8565","8565","8565","0","0","0","8606","8606","8606","0","0","0","8502","8502","8502","0","0","0","8519","8519","8519"
"69","0","0","0","1323","1323","1323","0","0","0","8569","8569","8569","0","0","0","8610","8610","8610","0","0","0","8506","8506","8506","0","0","0","8523","8523","8523"
"70","0","0","0","1327","1327","1327","0","0","0","8573","8573","8573","0","0","0","8614","8614","8614","0","0","0","8510","8510","8510","0","0","0","8527","8527","8527"
"71","0","0","0","1331","1331","1331","0","0","0","8577","8577","8577","0","0","0","8618","8618","8618","0","0","0","8514","8514","8514","0","0","0","8531","8531","8531"
"72","0","0","0","1461","1461","1461","0","0","0","9622","9622","9622","0","0","0","9662","9662","9662","0","0","0","9559","9559","9559","0","0","0","9576","9576","9576"
"73","0","0","0","1465","1465","1465","0","0","0","9626","9626","9626","0","0","0","9666","9666","9666","0","0","0","9563","9563","9563","0","0","0","9580","9580","9580"
"74","0","0","0","1469","1469","1469","0","0","0","9630","9630","9630","0","0","0","9670","9670","9670","0","0","0","9567","9567","9567","0","0","0","9584","9584","9584"
"75","0","0","0","1473","1473","1473","0","0","0","9634","9634","9634","0","0","0","9674","9674","9674","0","0","0","9571","9571","9571","0","0","0","9588","9588","9588"
"76","0","0","0","1477","1477","1477","0","0","0","9638","9638","9638","0","0","0","9678","9678","9678","0","0","0","9575","9575","9575","0","0","0","9592","9592","9592"
"77","0","0","0","1481","1481","1481","0","0","0","9642","9642","9642","0","0","0","9682","9682","9682","0","0","0","9579","9579","9579","0","0","0","9596","9596","9596"
"78","0","0","0","1485","1485","1485","0","0","0","9646","9646","9646","0","0","0","9686","9686","9686","0","0","0","9583","9583","9583","0","0","0","9600","9600","9600"
"79","0","0","0","1489","1489","1489","0","0","0","9650","9650","9650","0","0","0","9690","9690","9690","0","0","0","9587","9587","9587","0","0","0","9604","9604","9604"
"80","0","0","0","1493","1493","1493","0","0","0","9654","9654","9654","0","0","0","9694","9694","9694","0","0","0","9591","9591","9591","0","0","0","9608","9608","9608"
"81","1","1","1","1624","1624","1624","0","0","0","10706","10706","10706","0","0","0","10733","10733","10733","0","0","0","10629","10629","10629","0","0","0","10645","10645","10645"
"82","0","0","0","1628","1628","1628","0","0","0","10710","10710","10710","0","0","0","10737","10737","10737","0","0","0","10633","10633","10633","0","0","0","10649","10649","10649"
"83","0","0","0","1632","1632","1632","0","0","0","10714","10714","10714","0","0","0","10741","10741","10741","0","0","0","10637","10637","10637","0","0","0","10653","10653","10653"
"84","0","0","0","1636","1636","1636","0","0","0","10718","10718","10718","0","0","0","10745","10745","10745","0","0","0","10641","10641","10641","0","0","0","10657","10657","10657"
"85","0","0","0","1640","1640","1640","0","0","0","10722","10722","10722","0","0","0","10749","10749","10749","0","0","0","10645","10645","10645","0","0","0","10661","10661","10661"
"86","0","0","0","1644","1644","1644","0","0","0","10726","10726","10726","0","0","0","10753","10753","10753","0","0","0","10649","10649","10649","0","0","0","10665","10665","10665"
"87","0","0","0","1648","1648","1648","0","0","0","10730","10730","10730","0","0","0","10757","10757","10757","0","0","0","10653","10653","10653","0","0","0","10669","10669","10669"
"88","0","0","0","1652","1652","1652","0","0","0","10734","10734","10734","0","0","0","10761","10761","10761","0","0","0","10657","10657","10657","0","0","0","10673","10673","10673"
"89","0","0","0","1656","1656","1656","0","0","0","10738","10738","10738","0","0","0","10765","10765","10765","0","0","0","10661","10661","10661","0","0","0","10677","10677","10677"
"90","0","0","0","1786","1786","1786","0","0","0","11774","11774","11774","0","0","0","11805","11805","11805","0","0","0","11699","11699","11699","0","0","0","11719","11719","11719"
"91","0","0","0","1790","1790","1790","0","0","0","11778","11778","11778","0","0","0","11809","11809","11809","0","0","0","11703","11703","11703","0","0","0","11723","11723","11723"
"92","0","0","0","1794","1794","1794","0","0","0","11782","11782","11782","0","0","0","11813","11813","11813","0","0","0","11707","11707","11707","0","0","0","11727","11727","11727"
"93","0","0","0","1798","1798","1798","0","0","0","11786","11786","11786","0","0","0","11817","11817","11817","0","0","0","11711","11711","11711","1","1","1","11731","11731","11731"
"94","0","0","0","1802","1802","1802","0","0","0","11790","11790","11790","0","0","0","11821","11821","11821","0","0","0","11715","11715","11715","0","0","0","11735","11735","11735"
"95","0","0","0","1806","1806","1806","0","0","0","11794","11794","11794","0","0","0","11825","11825","11825","0","0","0","11719","11719","11719","0","0","0","11739","11739","11739"
"96","0","0","0","1810","1810","1810","0","0","0","11798","11798","11798","0","0","0","11829","11829","11829","0","0","0","11723","11723","11723","0","0","0","11743","11743","11743"
"97","0","0","0","1814","1814","1814","0","0","0","11802","11802","11802","0","0","0","11833","11833","11833","0","0","0","11727","11727","11727","0","0","0","11747","11747","11747"
"98","0","0","0","1818","1818","1818","0","0","0","11806","11806","11806","0","0","0","11837","11837","11837","0","0","0","11731","11731","11731","0","0","0","11751","11751","11751"
"99","0","0","0","1948","1948","1948","0","0","0","12842","12842","12842","0","0","0","12887","12887","12887","0","0","0","12767","12767","12767","0","0","0","12789","12789","12789"
"100","0","0","0","1952","1952","1952","0","0","0","12846","12846","12846","0","0","0","12891","12891","12891","0","0","0","12771","12771","12771","0","0","0","12793","12793","12793"
"101","0","0","0","1956","1956","1956","0","0","0","12850","12850","12850","0","0","0","12895","12895","12895","0","0","0","12775","12775","12775","0","0","0","12797","12797","12797"
"102","0","0","0","1960","1960","1960","0","0","0","12854","12854","12854","0","0","0","12899","12899","12899","0","0","0","12779","12779","12779","0","0","0","12801","12801","12801"
"103","0","0","0","1964","1964","1964","0","0","0","12858","12858","12858","0","0","0","12903","12903","12903","0","0","0","12783","12783","12783","0","0","0","12805","12805","12805"
"104","0","0","0","1968","1968","1968","0","0","0","12862","12862","12862","0","0","0","12907","12907","12907","0","0","0","12787","12787","12787","0","0","0","12809","12809","12809"
"105","0","0","0","1972","1972","1972","0","0","0","12866","12866","12866","0","0","0","12911","12911","12911","0","0","0","12791","12791","12791","0","0","0","12813","12813","12813"
"106","0","0","0","1976","1976","1976","0","0","0","12870","12870","12870","0","0","0","12915","12915","12915","0","0","0","12795","12795","12795","0","0","0","12817","12817","12817"
"107","0","0","0","1980","1980","1980","0","0","0","12874","12874","12874","0","0","0","12919","12919","12919","0","0","0","12799","12799","12799","0","0","0","12821","12821","12821"
"108","0","0","0","2110","2110","2110","0","0","0","13917","13917","13917","0","0","0","13959","13959","13959","0","0","0","13838","13838","13838","0","0","0","13865","13865","13865"
"109","0","0","0","2114","2114","2114","0","0","0","13921","13921","13921","0","0","0","13963","13963","13963","0","0","0","13842","13842","13842","0","0","0","13869","13869","13869"
"110","0","0","0","2118","2118","2118","0","0","0","13925","13925","13925","0","0","0","13967","13967","13967","0","0","0","13846","13846","13846","0","0","0","13873","13873","13873"
"111","0","0","0","2122","2122","2122","0","0","0","13929","13929","13929","0","0","0","13971","13971","13971","0","0","0","13850","13850","13850","0","0","0","13877","13877","13877"
"112","1","1","1","2127","2127","2127","0","0","0","13933","13933","13933","0","0","0","13975","13975","13975","0","0","0","13854","13854","13854","0","0","0","13881","13881","13881"
"113","0","0","0","2131","2131","2131","0","0","0","13937","13937","13937","0","0","0","13979","13979","13979","0","0","0","13858","13858","13858","0","0","0","13885","13885","13885"
"114","0","0","0","2135","2135","2135","0","0","0","13941","13941","13941","0","0","0","13983","13983","13983","0","0","0","13862","13862","13862","0","0","0","13889","13889","13889"
"115","0","0","0","2139","2139","2139","0","0","0","13945","13945","13945","0","0","0","13987","13987","13987","0","0","0","13866","13866","13866","0","0","0","13893","13893","13893"
"116","0","0","0","2143","2143","2143","0","0","0","13949","13949","13949","0","0","0","13991","13991","13991","0","0","0","13870","13870","13870","0","0","0","13897","13897","13897"
"117","2","2","2","2275","2275","2275","0","0","0","14986","14986","14986","0","0","0","15044","15044","15044","0","0","0","14907","14907","14907","0","0","0","14934","14934","14934"
"118","0","0","0","2279","2279","2279","0","0","0","14990","14990","14990","0","0","0","15048","15048","15048","0","0","0","14911","14911","14911","0","0","0","14938","14938","14938"
"119","0","0","0","2283","2283","2283","0","0","0","14994","14994","14994","0","0","0","15052","15052","15052","0","0","0","14915","14915","14915","0","0","0","14942","14942","14942"
"120","0","0","0","2287","2287","2287","0","0","0","14998","14998","14998","0","0","0","15056","15056","15056","0","0","0","14919","14919","14919","0","0","0","14946","14946","14946"
"121","0","0","0","2291","2291","2291","0","0","0","15002","15002","15002","0","0","0","15060","15060","15060","0","0","0","14923","14923","14923","0","0","0","14950","14950","14950"
"122","0","0","0","2295","2295","2295","0","0","0","15006","15006","15006","0","0","0","15064","15064","15064","0","0","0","14927","14927","14927","0","0","0","14954","14954","14954"
"123","0","0","0","2299","2299","2299","0","0","0","15010","15010","15010","0","0","0","15068","15068","15068","0","0","0","14931","14931","14931","0","0","0","14958","14958","14958"
"124","0","0","0","2303","2303","2303","0","0","0","15014","15014","15014","0","0","0","15072","15072","15072","0","0","0","14935","14935","14935","0","0","0","14962","14962","14962"
"125","0","0","0","2307","2307","2307","0","0","0","15018","15018","15018","0","0","0","15076","15076","15076","0","0","0","14939","14939","14939","0","0","0","14966","14966","14966"
"126","0","0","0","2437","2437","2437","0","0","0","16055","16055","16055","0","0","0","16124","16124","16124","0","0","0","15976","15976","15976","0","0","0","16010","16010","16010"
"127","0","0","0","2441","2441","2441","0","0","0","16059","16059","16059","0","0","0","16128","16128","16128","0","0","0","15980","15980","15980","0","0","0","16014","16014","16014"
"128","0","0","0","2445","2445","2445","0","0","0","16063","16063","16063","0","0","0","16132","16132","16132","0","0","0","15984","15984","15984","0","0","0","16018","16018","16018"
"129","0","0","0","2449","2449","2449","0","0","0","16067","16067","16067","0","0","0","16136","16136","16136","0","0","0","15988","15988","15988","0","0","0","16022","16022","16022"
"130","0","0","0","2453","2453","2453","0","0","0","16071","16071","16071","0","0","0","16140","16140","16140","0","0","0","15992","15992","15992","0","0","0","16026","16026","16026"
"131","0","0","0","2457","2457","2457","0","0","0","16075","16075","16075","0","0","0","16144","16144","16144","0","0","0","15996","15996","15996","0","0","0","16030","16030","16030"
"132","0","0","0","2461","2461","2461","0","0","0","16079","16079","16079","0","0","0","16148","16148","16148","0","0","0","16000","16000","16000","0","0","0","16034","16034","16034"
"133","0","0","0","2465","2465","2465","0","0","0","16083","16083","16083","0","0","0","16152","16152","16152","0","0","0","16004","16004","16004","0","0","0","16038","16038","16038"
"134","0","0","0","2469","2469","2469","0","0","0","16087","16087","16087","0","0","0","16156","16156","16156","0","0","0","16008","16008","16008","0","0","0","16042","16042","16042"
"135","0","0","0","2599","2599","2599","0","0","0","17129","17129","17129","0","0","0","17198","17198","17198","0","0","0","17044","17044","17044","0","0","0","17086","17086","17086"
"136","0","0","0","2603","2603","2603","0","0","0","17133","17133","17133","0","0","0","17202","17202","17202","0","0","0","17048","17048","17048","0","0","0","17090","17090","17090"
"137","0","0","0","2607","2607","2607","0","0","0","17137","17137","17137","0","0","0","17206","17206","17206","0","0","0","17052","17052","17052","0","0","0","17094","17094","17094"
"138","0","0","0","2611","2611","2611","0","0","0","17141","17141","17141","0","0","0","17210","17210","17210","0","0","0","17056","17056","17056","0","0","0","17098","17098","17098"
"139","0","0","0","2615","2615","2615","0","0","0","17145","17145","17145","0","0","0","17214","17214","17214","0","0","0","17060","17060","17060","0","0","0","17102","17102","17102"
"140","0","0","0","2619","2619","2619","0","0","0","17149","17149","17149","0","0","0","17218","17218","17218","0","0","0","17064","17064","17064","0","0","0","17106","17106","17106"
"141","0","0","0","2623","2623","2623","0","0","0","17153","17153","17153","0","0","0","17222","17222","17222","0","0","0","17068","17068","17068","0","0","0","17110","17110","17110"
"142","0","0","0","2627","2627","2627","0","0","0","17157","17157","17157","0","0","0","17226","17226","17226","0","0","0","17072","17072","17072","0","0","0","17114","17114","17114"
"143","0","0","0","2631","2631","2631","0","0","0","17161","17161","17161","0","0","0","17230","17230","17230","0","0","0","17076","17076","17076","0","0","0","17118","17118","17118"
"144","0","0","0","2761","2761","2761","0","0","0","18197","18197","18197","0","0","0","18272","18272","18272","0","0","0","18112","18112","18112","0","0","0","18154","18154","18154"
"145","0","0","0","2765","2765","2765","0","0","0","18201","18201","18201","0","0","0","18276","18276","18276","0","0","0","18116","18116","18116","0","0","0","18158","18158","18158"
"146","0","0","0","2769","2769","2769","0","0","0","18205","18205","18205","0","0","0","18280","18280","18280","0","0","0","18120","18120","18120","0","0","0","18162","18162","18162"
"147","0","0","0","2773","2773","2773","0","0","0","18209","18209","18209","0","0","0","18284","18284","18284","0","0","0","18124","18124","18124","0","0","0","18166","18166","18166"
"148","0","0","0","2777","2777","2777","0","0","0","18213","18213","18213","0","0","0","18288","18288","18288","0","0","0","18128","18128","18128","0","0","0","18170","18170","18170"
"149","0","0","0","2781","2781","2781","0","0","0","18217","18217","18217","0","0","0","18292","18292","18292","0","0","0","18132","18132","18132","0","0","0","18174","18174","18174"
"150","0","0","0","2785","2785","2785","0","0","0","18221","18221","18221","0","0","0","18296","18296","18296","0","0","0","18136","18136","18136","0","0","0","18178","18178","18178"
"151","0","0","0","2789","2789","2789","0","0","0","18225","18225","18225","0","0","0","18300","18300","18300","0","0","0","18140","18140","18140","0","0","0","18182","18182","18182"
"152","0","0","0","2793","2793","2793","0","0","0","18229","18229","18229","0","0","0","18304","18304","18304","0","0","0","18144","18144","18144","0","0","0","18186","18186","18186"
"153","0","0","0","2923","2923","2923","0","0","0","19265","19265","19265","0","0","0","19351","19351","19351","0","0","0","19180","19180","19180","0","0","0","19223","19223","19223"
"154","0","0","0","2927","2927","2927","0","0","0","19269","19269","19269","0","0","0","19355","19355","19355","0","0","0","19184","19184","19184","0","0","0","19227","19227","19227"
"155","0","0","0","2931","2931","2931","0","0","0","19273","19273","19273","0","0","0","19359","19359","19359","0","0","0","19188","19188","19188","0","0","0","19231","19231","19231"
"156","0","0","0","2935","2935","2935","0","0","0","19277","19277","19277","0","0","0","19363","19363","19363","0","0","0","19192","19192","19192","0","0","0","19235","19235","19235"
"157","0","0","0","2939","2939","2939","0","0","0","19281","19281","19281","0","0","0","19367","19367","19367","0","0","0","19196","19196","19196","0","0","0","19239","19239","19239"
"158","0","0","0","2943","2943","2943","0","0","0","19285","19285","19285","0","0","0","19371","19371","19371","0","0","0","19200","19200","19200","0","0","0","19243","19243","19243"
"159","0","0","0","2947","2947","2947","0","0","0","19289","19289","19289","0","0","0","19375","19375","19375","0","0","0","19204","19204","19204","0","0","0","19247","19247","19247"
"160","0","0","0","2951","2951","2951","0","0","0","19293","19293","19293","0","0","0","19379","19379","19379","0","0","0","19208","19208","19208","0","0","0","19251","19251","19251"
"161","0","0","0","2955","2955","2955","0","0","0","19297","19297","19297","0","0","0","19383","19383","19383","0","0","0","19212","19212","19212","0","0","0","19255","19255","19255"
"162","0","0","0","3135","3135","3135","0","0","0","20340","20340","20340","0","0","0","20423","20423","20423","0","0","0","20248","20248","20248","0","0","0","20292","20292","20292"
"163","0","0","0","3139","3139","3139","0","0","0","20344","20344","20344","0","0","0","20427","20427","20427","0","0","0","20252","20252","20252","0","0","0","20296","20296","20296"
"164","0","0","0","3143","3143","3143","0","0","0","20348","20348","20348","0","0","0","20431","20431","20431","0","0","0","20256","20256","20256","0","0","0","20300","20300","20300"
"165","0","0","0","3147","3147","3147","0","0","0","20352","20352","20352","0","0","0","20435","20435","20435","0","0","0","20260","20260","20260","0","0","0","20304","20304","20304"
"166","0","0","0","3151","3151","3151","0","0","0","20356","20356","20356","0","0","0","20439","20439","20439","0","0","0","20264","20264","20264","0","0","0","20308","20308","20308"
"167","0","0","0","3155","3155","3155","0","0","0","20360","20360","20360","1","1","1","20444","20444","20444","0","0","0","20268","20268","20268","0","0","0","20312","20312","20312"
"168","0","0","0","3159","3159","3159","0","0","0","20364","20364","20364","0","0","0","20448","20448","20448","0","0","0","20272","20272","20272","0","0","0","20316","20316","20316"
"169","0","0","0","3163","3163","3163","0","0","0","20368","20368","20368","0","0","0","20452","20452","20452","0","0","0","20276","20276","20276","0","0","0","20320","20320","20320"
"170","0","0","0","3167","3167","3167","0","0","0","20372","20372","20372","0","0","0","20456","20456","20456","0","0","0","20280","20280","20280","0","0","0","20324","20324","20324"
"171","0","0","0","3342","3342","3342","0","0","0","21408","21408","21408","0","0","0","21497","21497","21497","0","0","0","21316","21316","21316","0","0","0","21360","21360","21360"
"172","0","0","0","3346","3346","3346","0","0","0","21412","21412","21412","0","0","0","21501","21501","21501","0","0","0","21320","21320","21320","0","0","0","21364","21364","21364"
"173","0","0","0","3350","3350","3350","0","0","0","21416","21416","21416","0","0","0","21505","21505","21505","0","0","0","21324","21324","21324","0","0","0","21368","21368","21368"
"174","0","0","0","3354","3354","3354","0","0","0","21420","21420","21420","0","0","0","21509","21509","21509","0","0","0","21328","21328","21328","0","0","0","21372","21372","21372"
"175","2","2","2","3360","3360","3360","0","0","0","21424","21424","21424","0","0","0","21513","21513","21513","0","0","0","21332","21332","21332","0","0","0","21376","21376","21376"
"176","0","0","0","3364","3364","3364","0","0","0","21428","21428","21428","0","0","0","21517","21517","21517","0","0","0","21336","21336","21336","0","0","0","21380","21380","21380"
"177","0","0","0","3368","3368","3368","0","0","0","21432","21432","21432","0","0","0","21521","21521","21521","0","0","0","21340","21340","21340","0","0","0","21384","21384","21384"
"178","0","0","0","3372","3372","3372","0","0","0","21436","21436","21436","0","0","0","21525","21525","21525","0","0","0","21344","21344","21344","0","0","0","21388","21388","21388"
"179","0","0","0","3376","3376","3376","0","0","0","21440","21440","21440","0","0","0","21529","21529","21529","0","0","0","21348","21348","21348","0","0","0","21392","21392","21392"
"180","0","0","0","3554","3554","3554","0","0","0","22476","22476","22476","0","0","0","22575","22575","22575","0","0","0","22384","22384","22384","0","0","0","22428","22428","22428"
"181","0","0","0","3558","3558","3558","0","0","0","22480","22480","22480","0","0","0","22579","22579","22579","0","0","0","22388","22388","22388","0","0","0","22432","22432","22432"
"182","0","0","0","3562","3562","3562","0","0","0","22484","22484","22484","0","0","0","22583","22583","22583","0","0","0","22392","22392","22392","0","0","0","22436","22436","22436"
"183","0","0","0","3566","3566","3566","0","0","0","22488","22488","22488","0","0","0","22587","22587","22587","0","0","0","22396","22396","22396","0","0","0","22440","22440","22440"
"184","0","0","0","3570","3570","3570","0","0","0","22492","22492","22492","0","0","0","22591","22591","22591","0","0","0","22400","22400","22400","0","0","0","22444","22444","22444"
"185","0","0","0","3574","3574","3574","0","0","0","22496","22496","22496","0","0","0","22595","22595","22595","0","0","0","22404","22404","22404","0","0","0","22448","22448","22448"
"186","0","0","0","3578","3578","3578","0","0","0","22500","22500","22500","0","0","0","22599","22599","22599","0","0","0","22408","22408","22408","0","0","0","22452","22452","22452"
"187","0","0","0","3582","3582","3582","0","0","0","22504","22504","22504","0","0","0","22603","22603","22603","0","0","0","22412","22412","22412","0","0","0","22456","22456","22456"
"188","0","0","0","3586","3586","3586","0","0","0","22508","22508","22508","0","0","0","22607","22607","22607","0","0","0","22416","22416","22416","0","0","0","22460","22460","22460"
"189","0","0","0","3769","3769","3769","0","0","0","23549","23549","23549","0","0","0","23647","23647","23647","0","0","0","23457","23457","23457","0","0","0","23497","23497","23497"
"190","0","0","0","3773","3773","3773","0","0","0","23553","23553","23553","0","0","0","23651","23651","23651","0","0","0","23461","23461","23461","0","0","0","23501","23501","23501"
"191","0","0","0","3777","3777","3777","0","0","0","23557","23557","23557","0","0","0","23655","23655","23655","0","0","0","23465","23465","23465","0","0","0","23505","23505","23505"
"192","0","0","0","3781","3781","3781","0","0","0","23561","23561","23561","0","0","0","23659","23659","23659","0","0","0","23469","23469","23469","0","0","0","23509","23509","23509"
"193","0","0","0","3785","3785","3785","0","0","0","23565","23565","23565","0","0","0","23663","23663","23663","0","0","0","23473","23473","23473","0","0","0","23513","23513","23513"
"194","0","0","0","3789","3789","3789","0","0","0","23569","23569","23569","0","0","0","23667","23667","23667","0","0","0","23477","23477","23477","0","0","0","23517","23517","23517"
"195","0","0","0","3793","3793","3793","0","0","0","23573","23573","23573","0","0","0","23671","23671","23671","0","0","0","23481","23481","23481","0","0","0","23521","23521","23521"
"196","0","0","0","3797","3797","3797","0","0","0","23577","23577","23577","0","0","0","23675","23675","23675","0","0","0","23485","23485","23485","0","0","0","23525","23525","23525"
"197","0","0","0","3801","3801","3801","0","0","0","23581","23581","23581","0","0","0","23679","23679","23679","0","0","0","23489","23489","23489","0","0","0","23529","23529","23529"
"198","0","0","0","3966","3966","3966","0","0","0","24623","24623","24623","0","0","0","24718","24718","24718","0","0","0","24525","24525","24525","0","0","0","24565","24565","24565"
"199","0","0","0","3970","3970","3970","0","0","0","24627","24627","24627","0","0","0","24722","24722","24722","0","0","0","24529","24529","24529","0","0","0","24569","24569","24569"
"200","0","0","0","3974","3974","3974","0","0","0","24631","24631","24631","0","0","0","24726","24726","24726","0","0","0","24533","24533","24533","0","0","0","24573","24573","24573"
"201","0","0","0","3978","3978","3978","0","0","0","24635","24635","24635","0","0","0","24730","24730","24730","0","0","0","24537","24537","24537","0","0","0","24577","24577","24577"
"202","0","0","0","3982","3982","3982","0","0","0","24639","24639","24639","0","0","0","24734","24734","24734","0","0","0","24541","24541","24541","0","0","0","24581","24581","24581"
"203","0","0","0","3986","3986","3986","0","0","0","24643","24643","24643","0","0","0","24738","24738","24738","0","0","0","24545","24545","24545","0","0","0","24585","24585","24585"
"204","0","0","0","3990","3990","3990","0","0","0","24647","24647","24647","0","0","0","24742","24742","24742","0","0","0","24549","24549","24549","0","0","0","24589","24589","24589"
"205","0","0","0","3994","3994","3994","0","0","0","24651","24651","24651","0","0","0","24746","24746","24746","0","0","0","24553","24553","24553","0","0","0","24593","24593","24593"
"206","0","0","0","3998","3998","3998","0","0","0","24655","24655","24655","0","0","0","24750","24750","24750","0","0","0","24557","24557","24557","0","0","0","24597","24597","24597"
"207","0","0","0","4153","4153","4153","0","0","0","25696","25696","25696","0","0","0","25788","25788","25788","0","0","0","25594","25594","25594","0","0","0","25638","25638","25638"
"208","0","0","0","4157","4157","4157","0","0","0","25700","25700","25700","0","0","0","25792","25792","25792","0","0","0","25598","25598","25598","0","0","0","25642","25642","25642"
"209","0","0","0","4161","4161","4161","0","0","0","25704","25704","25704","0","0","0","25796","25796","25796","0","0","0","25602","25602","25602","0","0","0","25646","25646","25646"
"210","0","0","0","4165","4165","4165","0","0","0","25708","25708","25708","0","0","0","25800","25800","25800","0","0","0","25606","25606","25606","0","0","0","25650","25650","25650"
"211","0","0","0","4169","4169","4169","0","0","0","25712","25712","25712","0","0","0","25804","25804","25804","0","0","0","25610","25610","25610","0","0","0","25654","25654","25654"
"212","0","0","0","4173","4173","4173","0","0","0","25716","25716","25716","0","0","0","25808","25808","25808","0","0","0","25614","25614","25614","0","0","0","25658","25658","25658"
"213","0","0","0","4177","4177","4177","0","0","0","25720","25720","25720","0","0","0","25812","25812","25812","0","0","0","25618","25618","25618","0","0","0","25662","25662","25662"
"214","0","0","0","4181","4181","4181","0","0","0","25724","25724","25724","0","0","0","25816","25816","25816","0","0","0","25622","25622","25622","0","0","0","25666","25666","25666"
"215","0","0","0","4185","4185","4185","0","0","0","25728","25728","25728","0","0","0","25820","25820","25820","0","0","0","25626","25626","25626","0","0","0","25670","25670","25670"
"216","0","0","0","4337","4337","4337","0","0","0","26765","26765","26765","0","0","0","26859","26859","26859","0","0","0","26662","26662","26662","0","0","0","26706","26706","26706"
"217","0","0","0","4341","4341","4341","0","0","0","26769","26769","26769","0","0","0","26863","26863","26863","0","0","0","26666","26666","26666","0","0","0","26710","26710","26710"
"218","0","0","0","4345","4345","4345","0","0","0","26773","26773","26773","0","0","0","26867","26867","26867","0","0","0","26670","26670","26670","0","0","0","26714","26714","26714"
"219","0","0","0","4349","4349","4349","0","0","0","26777","26777","26777","0","0","0","26871","26871","26871","0","0","0","26674","26674","26674","0","0","0","26718","26718","26718"
"220","0","0","0","4353","4353","4353","0","0","0","26781","26781","26781","0","0","0","26875","26875","26875","0","0","0","26678","26678","26678","0","0","0","26722","26722","26722"
"221","0","0","0","4357","4357","4357","0","0","0","26785","26785","26785","0","0","0","26879","26879","26879","0","0","0","26682","26682","26682","0","0","0","26726","26726","26726"
"222","0","0","0","4361","4361","4361","0","0","0","26789","26789","26789","0","0","0","26883","26883","26883","0","0","0","26686","26686","26686","0","0","0","26730","26730","26730"
"223","0","0","0","4365","4365","4365","0","0","0","26793","26793","26793","0","0","0","26887","26887","26887","0","0","0","26690","26690","26690","0","0","0","26734","26734","26734"
"224","0","0","0","4369","4369","4369","0","0","0","26797","26797","26797","0","0","0","26891","26891","26891","0","0","0","26694","26694","26694","0","0","0","26738","26738","26738"
"225","0","0","0","4528","4528","4528","0","0","0","27838","27838","27838","0","0","0","27930","27930","27930","0","0","0","27735","27735","27735","0","0","0","27774","27774","27774"
"226","0","0","0","4532","4532","4532","0","0","0","27842","27842","27842","0","0","0","27934","27934","27934","0","0","0","27739","27739","27739","0","0","0","27778","27778","27778"
"227","0","0","0","4536","4536","4536","0","0","0","27846","27846","27846","0","0","0","27938","27938","27938","0","0","0","27743","27743","27743","0","0","0","27782","27782","27782"
"228","0","0","0","4540","4540","4540","0","0","0","27850","27850","27850","0","0","0","27942","27942","27942","0","0","0","27747","27747","27747","0","0","0","27786","27786","27786"
"229","0","0","0","4544","4544","4544","0","0","0","27854","27854","27854","0","0","0","27946","27946","27946","0","0","0","27751","27751","27751","0","0","0","27790","27790","27790"
"230","0","0","0","4548","4548","4548","0","0","0","27858","27858","27858","0","0","0","27950","27950","27950","0","0","0","27755","27755","27755","0","0","0","27794","27794","27794"
"231","0","0","0","4552","4552","4552","0","0","0","27862","27862","27862","0","0","0","27954","27954","27954","0","0","0","27759","27759","27759","0","0","0","27798","27798","27798"
"232","0","0","0","4556","4556","4556","0","0","0","27866","27866","27866","0","0","0","27958","27958","27958","0","0","0","27763","27763","27763","0","0","0","27802","27802","27802"
"233","0","0","0","4560","4560","4560","0","0","0","27870","27870","27870","0","0","0","27962","27962","27962","0","0","0","27767","27767","27767","0","0","0","27806","27806","27806"
"234","0","0","0","4744","4744","4744","0","0","0","28907","28907","28907","0","0","0","29001","29001","29001","0","0","0","28808","28808","28808","0","0","0","28842","28842","28842"
"235","0","0","0","4748","4748","4748","0","0","0","28911","28911","28911","0","0","0","29005","29005","29005","0","0","0","28812","28812","28812","0","0","0","28846","28846","28846"
"236","0","0","0","4752","4752","4752","0","0","0","28915","28915","28915","0","0","0","29009","29009","29009","0","0","0","28816","28816","28816","0","0","0","28850","28850","28850"
"237","0","0","0","4756","4756","4756","0","0","0","28919","28919","28919","0","0","0","29013","29013","29013","0","0","0","28820","28820","28820","0","0","0","28854","28854","28854"
"238","0","0","0","4760","4760","4760","0","0","0","28923","28923","28923","0","0","0","29017","29017","29017","0","0","0","28824","28824","28824","0","0","0","28858","28858","28858"
"239","0","0","0","4764","4764","4764","0","0","0","28927","28927","28927","0","0","0","29021","29021","29021","0","0","0","28828","28828","28828","0","0","0","28862","28862","28862"
"240","0","0","0","4768","4768","4768","0","0","0","28931","28931","28931","0","0","0","29025","29025","29025","0","0","0","28832","28832","28832","0","0","0","28866","28866","28866"
"241","0","0","0","4772","4772","4772","0","0","0","28935","28935","28935","0","0","0","29029","29029","29029","0","0","0","28836","28836","28836","0","0","0","28870","28870","28870"
"242","0","0","0","4776","4776","4776","0","0","0","28939","28939","28939","0","0","0","29033","29033","29033","0","0","0","28840","28840","28840","0","0","0","28874","28874","28874"
"243","0","0","0","4942","4942","4942","0","0","0","29975","29975","29975","0","0","0","30072","30072","30072","0","0","0","29876","29876","29876","0","0","0","29911","29911","29911"
"244","0","0","0","4946","4946","4946","0","0","0","29979","29979","29979","0","0","0","30076","30076","30076","0","0","0","29880","29880","29880","0","0","0","29915","29915","29915"
"245","0","0","0","4950","4950","4950","0","0","0","29983","29983","29983","0","0","0","30080","30080","30080","0","0","0","29884","29884","29884","0","0","0","29919","29919","29919"
"246","0","0","0","4954","4954","4954","0","0","0","29987","29987","29987","0","0","0","30084","30084","30084","0","0","0","29888","29888","29888","0","0","0","29923","29923","29923"
"247","0","0","0","4958","4958","4958","0","0","0","29991","29991","29991","0","0","0","30088","30088","30088","0","0","0","29892","29892","29892","0","0","0","29927","29927","29927"
"248","0","0","0","4962","4962","4962","0","0","0","29995","29995","29995","0","0","0","30092","30092","30092","0","0","0","29896","29896","29896","0","0","0","29931","29931","29931"
"249","0","0","0","4966","4966","4966","0","0","0","29999","29999","29999","0","0","0","30096","30096","30096","0","0","0","29900","29900","29900","0","0","0","29935","29935","29935"
"250","0","0","0","4970","4970","4970","0","0","0","30003","30003","30003","0","0","0","30100","30100","30100","0","0","0","29904","29904","29904","0","0","0","29939","29939","29939"
"251","0","0","0","4974","4974","4974","0","0","0","30007","30007","30007","0","0","0","30104","30104","30104","0","0","0","29908","29908","29908","0","0","0","29943","29943","29943"
"252","0","0","0","5163","5163","5163","0","0","0","31048","31048","31048","0","0","0","31146","31146","31146","0","0","0","30944","30944","30944","0","0","0","30979","30979","30979"
"253","0","0","0","5167","5167","5167","0","0","0","31052","31052","31052","0","0","0","31150","31150","31150","0","0","0","30948","30948","30948","0","0","0","30983","30983","30983"
"254","0","0","0","5171","5171","5171","0","0","0","31056","31056","31056","0","0","0","31154","31154","31154","0","0","0","30952","30952","30952","0","0","0","30987","30987","30987"
"255","0","0","0","5175","5175","5175","0","0","0","31060","31060","31060","0","0","0","31158","31158","31158","0","0","0","30956","30956","30956","0","0","0","30991","30991","30991"
"256","0","0","0","5179","5179","5179","0","0","0","31064","31064","31064","0","0","0","31162","31162","31162","0","0","0","30960","30960","30960","0","0","0","30995","30995","30995"
"257","0","0","0","5183","5183","5183","0","0","0","31068","31068","31068","0","0","0","31166","31166","31166","0","0","0","30964","30964","30964","3","3","3","30999","30999","30999"
"258","0","0","0","5187","5187","5187","0","0","0","31072","31072","31072","0","0","0","31170","31170","31170","0","0","0","30968","30968","30968","0","0","0","31003","31003","31003"
"259","0","0","0","5191","5191","5191","0","0","0","31076","31076","31076","0","0","0","31174","31174","31174","0","0","0","30972","30972","30972","0","0","0","31007","31007","31007"
"260","0","0","0","5195","5195","5195","0","0","0","31080","31080","31080","0","0","0","31178","31178","31178","0","0","0","30976","30976","30976","0","0","0","31011","31011","31011"
"261","0","0","0","5352","5352","5352","0","0","0","32121","32121","32121","0","0","0","32218","32218","32218","0","0","0","32012","32012","32012","0","0","0","32046","32046","32046"
"262","0","0","0","5356","5356","5356","0","0","0","32125","32125","32125","0","0","0","32222","32222","32222","0","0","0","32016","32016","32016","0","0","0","32050","32050","32050"
"263","0","0","0","5360","5360","5360","0","0","0","32129","32129","32129","0","0","0","32226","32226","32226","0","0","0","32020","32020","32020","0","0","0","32054","32054","32054"
"264","0","0","0","5364","5364","5364","0","0","0","32133","32133","32133","0","0","0","32230","32230","32230","0","0","0","32024","32024","32024","1","1","1","32058","32058","32058"
"265","0","0","0","5368","5368","5368","0","0","0","32137","32137","32137","0","0","0","32234","32234","32234","0","0","0","32028","32028","32028","0","0","0","32062","32062","32062"
"266","0","0","0","5372","5372","5372","0","0","0","32141","32141","32141","0","0","0","32238","32238","32238","0","0","0","32032","32032","32032","0","0","0","32066","32066","32066"
"267","0","0","0","5376","5376","5376","0","0","0","32145","32145","32145","0","0","0","32242","32242","32242","0","0","0","32036","32036","32036","0","0","0","32070","32070","32070"
"268","0","0","0","5380","5380","5380","0","0","0","32149","32149","32149","0","0","0","32246","32246","32246","0","0","0","32040","32040","32040","0","0","0","32074","32074","32074"
"269","0","0","0","5384","5384","5384","0","0","0","32153","32153","32153","0","0","0","32250","32250","32250","0","0","0","32044","32044","32044","0","0","0","32078","32078","32078"
"270","0","0","0","5543","5543","5543","0","0","0","33190","33190","33190","0","0","0","33287","33287","33287","0","0","0","33080","33080","33080","0","0","0","33120","33120","33120"
"271","0","0","0","5547","5547","5547","0","0","0","33194","33194","33194","0","0","0","33291","33291","33291","0","0","0","33084","33084","33084","0","0","0","33124","33124","33124"
"272","0","0","0","5551","5551","5551","0","0","0","33198","33198","33198","0","0","0","33295","33295","33295","0","0","0","33088","33088","33088","0","0","0","33128","33128","33128"
"273","0","0","0","5555","5555","5555","0","0","0","33202","33202","33202","0","0","0","33299","33299","33299","0","0","0","33092","33092","33092","0","0","0","33132","33132","33132"
"274","0","0","0","5559","5559","5559","0","0","0","33206","33206","33206","0","0","0","33303","33303","33303","0","0","0","33096","33096","33096","0","0","0","33136","33136","33136"
"275","0","0","0","5563","5563","5563","0","0","0","33210","33210","33210","0","0","0","33307","33307","33307","0","0","0","33100","33100","33100","0","0","0","33140","33140","33140"
"276","0","0","0","5567","5567","5567","0","0","0","33214","33214","33214","0","0","0","33311","33311","33311","0","0","0","33104","33104","33104","0","0","0","33144","33144","33144"
"277","0","0","0","5571","5571","5571","0","0","0","33218","33218","33218","0","0","0","33315","33315","33315","0","0","0","33108","33108","33108","0","0","0","33148","33148","33148"
"278","0","0","0","5575","5575","5575","0","0","0","33222","33222","33222","0","0","0","33319","33319","33319","0","0","0","33112","33112","33112","0","0","0","33152","33152","33152"
"279","0","0","0","5774","5774","5774","0","0","0","34263","34263","34263","0","0","0","34357","34357","34357","0","0","0","34149","34149","34149","0","0","0","34188","34188","34188"
"280","0","0","0","5778","5778","5778","0","0","0","34267","34267","34267","0","0","0","34361","34361","34361","0","0","0","34153","34153","34153","0","0","0","34192","34192","34192"
"281","0","0","0","5782","5782","5782","0","0","0","34271","34271","34271","0","0","0","34365","34365","34365","0","0","0","34157","34157","34157","0","0","0","34196","34196","34196"
"282","0","0","0","5786","5786","5786","0","0","0","34275","34275","34275","0","0","0","34369","34369","34369","0","0","0","34161","34161","34161","0","0","0","34200","34200","34200"
"283","0","0","0","5790","5790","5790","0","0","0","34279","34279","34279","0","0","0","34373","34373","34373","0","0","0","34165","34165","34165","0","0","0","34204","34204","34204"
"284","0","0","0","5794","5794","5794","0","0","0","34283","34283","34283","0","0","0","34377","34377","34377","0","0","0","34169","34169","34169","0","0","0","34208","34208","34208"
"285","0","0","0","5798","5798","5798","0","0","0","34287","34287","34287","0","0","0","34381","34381","34381","0","0","0","34173","34173","34173","0","0","0","34212","34212","34212"
"286","0","0","0","5802","5802","5802","0","0","0","34291","34291","34291","0","0","0","34385","34385","34385","0","0","0","34177","34177","34177","0","0","0","34216","34216","34216"
"287","0","0","0","5806","5806","5806","0","0","0","34295","34295","34295","0","0","0","34389","34389","34389","0","0","0","34181","34181","34181","0","0","0","34220","34220","34220"
"288","0","0","0","5958","5958","5958","0","0","0","35332","35332","35332","0","0","0","35428","35428","35428","0","0","0","35216","35216","35216","0","0","0","35256","35256","35256"
"289","0","0","0","5962","5962","5962","0","0","0","35336","35336","35336","0","0","0","35432","35432","35432","0","0","0","35220","35220","35220","0","0","0","35260","35260","35260"
"290","0","0","0","5966","5966","5966","0","0","0","35340","35340","35340","0","0","0","35436","35436","35436","0","0","0","35224","35224","35224","0","0","0","35264","35264","35264"
"291","0","0","0","5970","5970","5970","0","0","0","35344","35344","35344","0","0","0","35440","35440","35440","0","0","0","35228","35228","35228","0","0","0","35268","35268","35268"
"292","0","0","0","5974","5974","5974","0","0","0","35348","35348","35348","0","0","0","35444","35444","35444","0","0","0","35232","35232","35232","0","0","0","35272","35272","35272"
"293","0","0","0","5978","5978","5978","0","0","0","35352","35352","35352","0","0","0","35448","35448","35448","0","0","0","35236","35236","35236","0","0","0","35276","35276","35276"
"294","0","0","0","5982","5982","5982","0","0","0","35356","35356","35356","0","0","0","35452","35452","35452","0","0","0","35240","35240","35240","0","0","0","35280","35280","35280"
"295","0","0","0","5986","5986","5986","0","0","0","35360","35360","35360","0","0","0","35456","35456","35456","0","0","0","35244","35244","35244","0","0","0","35284","35284","35284"
"296","0","0","0","5990","5990","5990","0","0","0","35364","35364","35364","0","0","0","35460","35460","35460","0","0","0","35248","35248","35248","0","0","0","35288","35288","35288"
"297","0","0","0","6164","6164","6164","0","0","0","36401","36401","36401","0","0","0","36498","36498","36498","0","0","0","36284","36284","36284","0","0","0","36325","36325","36325"
"298","0","0","0","6168","6168","6168","0","0","0","36405","36405","36405","0","0","0","36502","36502","36502","0","0","0","36288","36288","36288","0","0","0","36329","36329","36329"
"299","0","0","0","6172","6172","6172","0","0","0","36409","36409","36409","0","0","0","36506","36506","36506","0","0","0","36292","36292","36292","0","0","0","36333","36333","36333"
"300","0","0","0","6176","6176","6176","0","0","0","36413","36413","36413","0","0","0","36510","36510","36510","0","0","0","36296","36296","36296","0","0","0","36337","36337","36337"
"301","0","0","0","6180","6180","6180","0","0","0","36417","36417","36417","0","0","0","36514","36514","36514","0","0","0","36300","36300","36300","0","0","0","36341","36341","36341"
"302","0","0","0","6184","6184","6184","0","0","0","36421","36421","36421","0","0","0","36518","36518","36518","0","0","0","36304","36304","36304","0","0","0","36345","36345","36345"
"303","0","0","0","6188","6188","6188","0","0","0","36425","36425","36425","0","0","0","36522","36522","36522","0","0","0","36308","36308","36308","0","0","0","36349","36349","36349"
"304","0","0","0","6192","6192","6192","0","0","0","36429","36429","36429","0","0","0","36526","36526","36526","0","0","0","36312","36312","36312","0","0","0","36353","36353","36353"
"305","0","0","0","6196","6196","6196","0","0","0","36433","36433","36433","0","0","0","36530","36530","36530","0","0","0","36316","36316","36316","0","0","0","36357","36357","36357"
"306","0","0","0","6358","6358","6358","0","0","0","37469","37469","37469","0","0","0","37567","37567","37567","0","0","0","37352","37352","37352","0","0","0","37393","37393","37393"
"307","0","0","0","6362","6362","6362","0","0","0","37473","37473","37473","0","0","0","37571","37571","37571","0","0","0","37356","37356","37356","0","0","0","37397","37397","37397"
"308","0","0","0","6366","6366","6366","0","0","0","37477","37477","37477","0","0","0","37575","37575","37575","0","0","0","37360","37360","37360","0","0","0","37401","37401","37401"
"309","0","0","0","6370","6370","6370","0","0","0","37481","37481","37481","0","0","0","37579","37579","37579","0","0","0","37364","37364","37364","0","0","0","37405","37405","37405"
"310","0","0","0","6374","6374","6374","0","0","0","37485","37485","37485","0","0","0","37583","37583","37583","0","0","0","37368","37368","37368","0","0","0","37409","37409","37409"
"311","0","0","0","6378","6378","6378","0","0","0","37489","37489","37489","0","0","0","37587","37587","37587","0","0","0","37372","37372","37372","0","0","0","37413","37413","37413"
"312","0","0","0","6382","6382","6382","0","0","0","37493","37493","37493","0","0","0","37591","37591","37591","0","0","0","37376","37376","37376","0","0","0","37417","37417","37417"
"313","0","0","0","6386","6386","6386","0","0","0","37497","37497","37497","0","0","0","37595","37595","37595","0","0","0","37380","37380","37380","0","0","0","37421","37421","37421"
"314","0","0","0","6390","6390","6390","0","0","0","37501","37501","37501","0","0","0","37599","37599","37599","0","0","0","37384","37384","37384","0","0","0","37425","37425","37425"
"315","0","0","0","6539","6539","6539","0","0","0","38542","38542","38542","0","0","0","38638","38638","38638","0","0","0","38420","38420","38420","0","0","0","38461","38461","38461"
"316","0","0","0","6543","6543","6543","0","0","0","38546","38546","38546","0","0","0","38642","38642","38642","0","0","0","38424","38424","38424","0","0","0","38465","38465","38465"
"317","0","0","0","6547","6547","6547","0","0","0","38550","38550","38550","0","0","0","38646","38646","38646","0","0","0","38428","38428","38428","0","0","0","38469","38469","38469"
"318","0","0","0","6551","6551","6551","0","0","0","38554","38554","38554","0","0","0","38650","38650","38650","0","0","0","38432","38432","38432","0","0","0","38473","38473","38473"
"319","0","0","0","6555","6555","6555","0","0","0","38558","38558","38558","0","0","0","38654","38654","38654","0","0","0","38436","38436","38436","0","0","0","38477","38477","38477"
"320","0","0","0","6559","6559","6559","0","0","0","38562","38562","38562","0","0","0","38658","38658","38658","0","0","0","38440","38440","38440","0","0","0","38481","38481","38481"
"321","0","0","0","6563","6563","6563","0","0","0","38566","38566","38566","0","0","0","38662","38662","38662","0","0","0","38444","38444","38444","0","0","0","38485","38485","38485"
"322","0","0","0","6567","6567","6567","0","0","0","38570","38570","38570","0","0","0","38666","38666","38666","0","0","0","38448","38448","38448","0","0","0","38489","38489","38489"
"323","0","0","0","6571","6571","6571","0","0","0","38574","38574","38574","0","0","0","38670","38670","38670","0","0","0","38452","38452","38452","0","0","0","38493","38493","38493"
"324","0","0","0","6734","6734","6734","0","0","0","39611","39611","39611","0","0","0","39707","39707","39707","0","0","0","39488","39488","39488","0","0","0","39529","39529","39529"
"325","0","0","0","6738","6738","6738","0","0","0","39615","39615","39615","0","0","0","39711","39711","39711","0","0","0","39492","39492","39492","0","0","0","39533","39533","39533"
"326","0","0","0","6742","6742","6742","0","0","0","39619","39619","39619","0","0","0","39715","39715","39715","0","0","0","39496","39496","39496","0","0","0","39537","39537","39537"
"327","0","0","0","6746","6746","6746","0","0","0","39623","39623","39623","0","0","0","39719","39719","39719","0","0","0","39500","39500","39500","0","0","0","39541","39541","39541"
"328","0","0","0","6750","6750","6750","0","0","0","39627","39627","39627","0","0","0","39723","39723","39723","0","0","0","39504","39504","39504","0","0","0","39545","39545","39545"
"329","0","0","0","6754","6754","6754","0","0","0","39631","39631","39631","0","0","0","39727","39727","39727","0","0","0","39508","39508","39508","0","0","0","39549","39549","39549"
"330","0","0","0","6758","6758","6758","0","0","0","39635","39635","39635","0","0","0","39731","39731","39731","0","0","0","39512","39512","39512","0","0","0","39553","39553","39553"
"331","0","0","0","6762","6762","6762","0","0","0","39639","39639","39639","0","0","0","39735","39735","39735","0","0","0","39516","39516","39516","0","0","0","39557","39557","39557"
"332","0","0","0","6766","6766","6766","0","0","0","39643","39643","39643","0","0","0","39739","39739","39739","0","0","0","39520","39520","39520","0","0","0","39561","39561","39561"
"333","0","0","0","6942","6942","6942","0","0","0","40679","40679","40679","0","0","0","40776","40776","40776","0","0","0","40557","40557","40557","0","0","0","40598","40598","40598"
"334","0","0","0","6946","6946","6946","0","0","0","40683","40683","40683","0","0","0","40780","40780","40780","0","0","0","40561","40561","40561","0","0","0","40602","40602","40602"
"335","0","0","0","6950","6950","6950","0","0","0","40687","40687","40687","0","0","0","40784","40784","40784","0","0","0","40565","40565","40565","0","0","0","40606","40606","40606"
"336","0","0","0","6954","6954","6954","0","0","0","40691","40691","40691","0","0","0","40788","40788","40788","0","0","0","40569","40569","40569","0","0","0","40610","40610","40610"
"337","0","0","0","6958","6958","6958","0","0","0","40695","40695","40695","0","0","0","40792","40792","40792","0","0","0","40573","40573","40573","0","0","0","40614","40614","40614"
"338","0","0","0","6962","6962","6962","0","0","0","40699","40699","40699","0","0","0","40796","40796","40796","0","0","0","40577","40577","40577","0","0","0","40618","40618","40618"
"339","0","0","0","6966","6966","6966","0","0","0","40703","40703","40703","0","0","0","40800","40800","40800","0","0","0","40581","40581","40581","0","0","0","40622","40622","40622"
"340","0","0","0","6970","6970","6970","0","0","0","40707","40707","40707","0","0","0","40804","40804","40804","0","0","0","40585","40585","40585","0","0","0","40626","40626","40626"
"341","0","0","0","6974","6974","6974","0","0","0","40711","40711","40711","0","0","0","40808","40808","40808","0","0","0","40589","40589","40589","0","0","0","40630","40630","40630"
"342","0","0","0","7128","7128","7128","0","0","0","41747","41747","41747","0","0","0","41846","41846","41846","0","0","0","41625","41625","41625","0","0","0","41666","41666","41666"
"343","0","0","0","7132","7132","7132","0","0","0","41751","41751","41751","0","0","0","41850","41850","41850","0","0","0","41629","41629","41629","0","0","0","41670","41670","41670"
"344","0","0","0","7136","7136","7136","0","0","0","41755","41755","41755","0","0","0","41854","41854","41854","0","0","0","41633","41633","41633","0","0","0","41674","41674","41674"
"345","0","0","0","7140","7140","7140","0","0","0","41759","41759","41759","0","0","0","41858","41858","41858","0","0","0","41637","41637","41637","0","0","0","41678","41678","41678"
"346","0","0","0","7144","7144","7144","0","0","0","41763","41763","41763","0","0","0","41862","41862","41862","0","0","0","41641","41641","41641","0","0","0","41682","41682","41682"
"347","0","0","0","7148","7148","7148","0","0","0","41767","41767","41767","0","0","0","41866","41866","41866","0","0","0","41645","41645","41645","0","0","0","41686","41686","41686"
"348","0","0","0","7152","7152","7152","0","0","0","41771","41771","41771","0","0","0","41870","41870","41870","0","0","0","41649","41649","41649","0","0","0","41690","41690","41690"
"349","0","0","0","7156","7156","7156","0","0","0","41775","41775","41775","0","0","0","41874","41874","41874","0","0","0","41653","41653","41653","0","0","0","41694","41694","41694"
"350","0","0","0","7160","7160","7160","0","0","0","41779","41779","41779","0","0","0","41878","41878","41878","0","0","0","41657","41657","41657","0","0","0","41698","41698","41698"
"351","0","0","0","7310","7310","7310","0","0","0","42815","42815","42815","0","0","0","42915","42915","42915","0","0","0","42693","42693","42693","0","0","0","42744","42744","42744"
"352","0","0","0","7314","7314","7314","0","0","0","42819","42819","42819","0","0","0","42919","42919","42919","0","0","0","42697","42697","42697","0","0","0","42748","42748","42748"
"353","0","0","0","7318","7318","7318","0","0","0","42823","42823","42823","0","0","0","42923","42923","42923","0","0","0","42701","42701","42701","0","0","0","42752","42752","42752"
"354","0","0","0","7322","7322","7322","0","0","0","42827","42827","42827","0","0","0","42927","42927","42927","0","0","0","42705","42705","42705","0","0","0","42756","42756","42756"
"355","0","0","0","7326","7326","7326","0","0","0","42831","42831","42831","0","0","0","42931","42931","42931","0","0","0","42709","42709","42709","0","0","0","42760","42760","42760"
"356","0","0","0","7330","7330","7330","0","0","0","42835","42835","42835","0","0","0","42935","42935","42935","0","0","0","42713","42713","42713","0","0","0","42764","42764","42764"
"357","0","0","0","7334","7334","7334","0","0","0","42839","42839","42839","0","0","0","42939","42939","42939","0","0","0","42717","42717","42717","0","0","0","42768","42768","42768"
"358","0","0","0","7338","7338","7338","0","0","0","42843","42843","42843","0","0","0","42943","42943","42943","0","0","0","42721","42721","42721","0","0","0","42772","42772","42772"
"359","0","0","0","7342","7342","7342","0","0","0","42847","42847","42847","0","0","0","42947","42947","42947","0","0","0","42725","42725","42725","0","0","0","42776","42776","42776"
"360","0","0","0","7492","7492","7492","0","0","0","43889","43889","43889","0","0","0","43984","43984","43984","0","0","0","43762","43762","43762","0","0","0","43818","43818","43818"
"361","0","0","0","7496","7496","7496","0","0","0","43893","43893","43893","0","0","0","43988","43988","43988","0","0","0","43766","43766","43766","0","0","0","43822","43822","43822"
"362","0","0","0","7500","7500","7500","0","0","0","43897","43897","43897","0","0","0","43992","43992","43992","0","0","0","43770","43770","43770","0","0","0","43826","43826","43826"
"363","0","0","0","7504","7504","7504","0","0","0","43901","43901","43901","0","0","0","43996","43996","43996","0","0","0","43774","43774","43774","0","0","0","43830","43830","43830"
"364","0","0","0","7508","7508","7508","0","0","0","43905","43905","43905","0","0","0","44000","44000","44000","0","0","0","43778","43778","43778","0","0","0","43834","43834","43834"
"365","0","0","0","7512","7512","7512","0","0","0","43909","43909","43909","0","0","0","44004","44004","44004","0","0","0","43782","43782","43782","0","0","0","43838","43838","43838"
"366","0","0","0","7516","7516","7516","0","0","0","43913","43913","43913","0","0","0","44008","44008","44008","0","0","0","43786","43786","43786","0","0","0","43842","43842","43842"
"367","0","0","0","7520","7520","7520","0","0","0","43917","43917","43917","0","0","0","44012","44012","44012","0","0","0","43790","43790","43790","0","0","0","43846","43846","43846"
"368","0","0","0","7524","7524","7524","0","0","0","43921","43921","43921","0","0","0","44016","44016","44016","0","0","0","43794","43794","43794","0","0","0","43850","43850","43850"
"369","0","0","0","7680","7680","7680","0","0","0","44957","44957","44957","0","0","0","45054","45054","45054","0","0","0","44830","44830","44830","0","0","0","44886","44886","44886"
"370","0","0","0","7684","7684","7684","0","0","0","44961","44961","44961","0","0","0","45058","45058","45058","0","0","0","44834","44834","44834","0","0","0","44890","44890","44890"
"371","0","0","0","7688","7688","7688","0","0","0","44965","44965","44965","0","0","0","45062","45062","45062","0","0","0","44838","44838","44838","0","0","0","44894","44894","44894"
"372","0","0","0","7692","7692","7692","0","0","0","44969","44969","44969","0","0","0","45066","45066","45066","0","0","0","44842","44842","44842","0","0","0","44898","44898","44898"
"373","0","0","0","7696","7696","7696","0","0","0","44973","44973","44973","0","0","0","45070","45070","45070","0","0","0","44846","44846","44846","0","0","0","44902","44902","44902"
"374","0","0","0","7700","7700","7700","0","0","0","44977","44977","44977","0","0","0","45074","45074","45074","0","0","0","44850","44850","44850","0","0","0","44906","44906","44906"
"375","0","0","0","7704","7704","7704","0","0","0","44981","44981","44981","0","0","0","45078","45078","45078","0","0","0","44854","44854","44854","0","0","0","44910","44910","44910"
"376","0","0","0","7708","7708","7708","0","0","0","44985","44985","44985","0","0","0","45082","45082","45082","0","0","0","44858","44858","44858","0","0","0","44914","44914","44914"
"377","0","0","0","7712","7712","7712","0","0","0","44989","44989","44989","0","0","0","45086","45086","45086","0","0","0","44862","44862","44862","0","0","0","44918","44918","44918"
"378","0","0","0","7877","7877","7877","0","0","0","46025","46025","46025","0","0","0","46128","46128","46128","0","0","0","45903","45903","45903","0","0","0","45954","45954","45954"
"379","0","0","0","7881","7881","7881","0","0","0","46029","46029","46029","0","0","0","46132","46132","46132","0","0","0","45907","45907","45907","0","0","0","45958","45958","45958"
"380","0","0","0","7885","7885","7885","0","0","0","46033","46033","46033","0","0","0","46136","46136","46136","0","0","0","45911","45911","45911","0","0","0","45962","45962","45962"
"381","0","0","0","7889","7889","7889","0","0","0","46037","46037","46037","0","0","0","46140","46140","46140","0","0","0","45915","45915","45915","0","0","0","45966","45966","45966"
"382","0","0","0","7893","7893","7893","0","0","0","46041","46041","46041","0","0","0","46144","46144","46144","0","0","0","45919","45919","45919","0","0","0","45970","45970","45970"
"383","0","0","0","7897","7897","7897","0","0","0","46045","46045","46045","0","0","0","46148","46148","46148","0","0","0","45923","45923","45923","0","0","0","45974","45974","45974"
"384","0","0","0","7901","7901","7901","0","0","0","46049","46049","46049","0","0","0","46152","46152","46152","0","0","0","45927","45927","45927","0","0","0","45978","45978","45978"
"385","0","0","0","7905","7905","7905","0","0","0","46053","46053","46053","0","0","0","46156","46156","46156","0","0","0","45931","45931","45931","0","0","0","45982","45982","45982"
"386","0","0","0","7909","7909","7909","0","0","0","46057","46057","46057","0","0","0","46160","46160","46160","0","0","0","45935","45935","45935","0","0","0","45986","45986","45986"
"387","0","0","0","8062","8062","8062","0","0","0","47094","47094","47094","0","0","0","47202","47202","47202","0","0","0","46972","46972","46972","0","0","0","47033","47033","47033"
"388","0","0","0","8066","8066","8066","0","0","0","47098","47098","47098","0","0","0","47206","47206","47206","0","0","0","46976","46976","46976","0","0","0","47037","47037","47037"
"389","0","0","0","8070","8070","8070","0","0","0","47102","47102","47102","0","0","0","47210","47210","47210","0","0","0","46980","46980","46980","0","0","0","47041","47041","47041"
"390","0","0","0","8074","8074","8074","0","0","0","47106","47106","47106","0","0","0","47214","47214","47214","0","0","0","46984","46984","46984","0","0","0","47045","47045","47045"
"391","0","0","0","8078","8078","8078","0","0","0","47110","47110","47110","0","0","0","47218","47218","47218","0","0","0","46988","46988","46988","0","0","0","47049","47049","47049"
"392","0","0","0","8082","8082","8082","0","0","0","47114","47114","47114","0","0","0","47222","47222","47222","0","0","0","46992","46992","46992","0","0","0","47053","47053","47053"
"393","0","0","0","8086","8086","8086","0","0","0","47118","47118","47118","0","0","0","47226","47226","47226","0","0","0","46996","46996","46996","0","0","0","47057","47057","47057"
"394","0","0","0","8090","8090","8090","0","0","0","47122","47122","47122","0","0","0","47230","47230","47230","0","0","0","47000","47000","47000","0","0","0","47061","47061","47061"
"395","0","0","0","8094","8094","8094","0","0","0","47126","47126","47126","0","0","0","47234","47234","47234","0","0","0","47004","47004","47004","0","0","0","47065","47065","47065"
"396","0","0","0","8253","8253","8253","0","0","0","48162","48162","48162","0","0","0","48276","48276","48276","0","0","0","48039","48039","48039","0","0","0","48101","48101","48101"
"397","0","0","0","8257","8257","8257","0","0","0","48166","48166","48166","0","0","0","48280","48280","48280","0","0","0","48043","48043","48043","0","0","0","48105","48105","48105"
"398","0","0","0","8261","8261","8261","0","0","0","48170","48170","48170","0","0","0","48284","48284","48284","0","0","0","48047","48047","48047","0","0","0","48109","48109","48109"
"399","0","0","0","8265","8265","8265","0","0","0","48174","48174","48174","0","0","0","48288","48288","48288","0","0","0","48051","48051","48051","0","0","0","48113","48113","48113"
"400","0","0","0","8269","8269","8269","0","0","0","48178","48178","48178","0","0","0","48292","48292","48292","0","0","0","48055","48055","48055","0","0","0","48117","48117","48117"
"401","0","0","0","8273","8273","8273","0","0","0","48182","48182","48182","0","0","0","48296","48296","48296","0","0","0","48059","48059","48059","0","0","0","48121","48121","48121"
"402","0","0","0","8277","8277","8277","0","0","0","48186","48186","48186","0","0","0","48300","48300","48300","0","0","0","48063","48063","48063","0","0","0","48125","48125","48125"
"403","0","0","0","8281","8281","8281","0","0","0","48190","48190","48190","0","0","0","48304","48304","48304","0","0","0","48067","48067","48067","0","0","0","48129","48129","48129"
"404","0","0","0","8285","8285","8285","0","0","0","48194","48194","48194","0","0","0","48308","48308","48308","0","0","0","48071","48071","48071","0","0","0","48133","48133","48133"
"405","0","0","0","8449","8449","8449","0","0","0","49230","49230","49230","0","0","0","49345","49345","49345","0","0","0","49112","49112","49112","0","0","0","49168","49168","49168"
"406","0","0","0","8453","8453","8453","0","0","0","49234","49234","49234","0","0","0","49349","49349","49349","0","0","0","49116","49116","49116","0","0","0","49172","49172","49172"
"407","0","0","0","8457","8457","8457","0","0","0","49238","49238","49238","0","0","0","49353","49353","49353","0","0","0","49120","49120","49120","0","0","0","49176","49176","49176"
"408","0","0","0","8461","8461","8461","0","0","0","49242","49242","49242","0","0","0","49357","49357","49357","0","0","0","49124","49124","49124","0","0","0","49180","49180","49180"
"409","0","0","0","8465","8465","8465","0","0","0","49246","49246","49246","0","0","0","49361","49361","49361","0","0","0","49128","49128","49128","0","0","0","49184","49184","49184"
"410","0","0","0","8469","8469","8469","0","0","0","49250","49250","49250","0","0","0","49365","49365","49365","0","0","0","49132","49132","49132","0","0","0","49188","49188","49188"
"411","0","0","0","8473","8473","8473","0","0","0","49254","49254","49254","0","0","0","49369","49369","49369","0","0","0","49136","49136","49136","0","0","0","49192","49192","49192"
"412","0","0","0","8477","8477","8477","0","0","0","49258","49258","49258","0","0","0","49373","49373","49373","0","0","0","49140","49140","49140","0","0","0","49196","49196","49196"
"413","0","0","0","8481","8481","8481","0","0","0","49262","49262","49262","0","0","0","49377","49377","49377","0","0","0","49144","49144","49144","0","0","0","49200","49200","49200"
"414","0","0","0","8654","8654","8654","0","0","0","50298","50298","50298","0","0","0","50413","50413","50413","0","0","0","50184","50184","50184","0","0","0","50237","50237","50237"
"415","0","0","0","8658","8658","8658","0","0","0","50302","50302","50302","0","0","0","50417","50417","50417","0","0","0","50188","50188","50188","0","0","0","50241","50241","50241"
"416","0","0","0","8662","8662","8662","0","0","0","50306","50306","50306","0","0","0","50421","50421","50421","0","0","0","50192","50192","50192","0","0","0","50245","50245","50245"
"417","0","0","0","8666","8666","8666","0","0","0","50310","50310","50310","0","0","0","50425","50425","50425","0","0","0","50196","50196","50196","0","0","0","50249","50249","50249"
"418","0","0","0","8670","8670","8670","0","0","0","50314","50314","50314","0","0","0","50429","50429","50429","0","0","0","50200","50200","50200","0","0","0","50253","50253","50253"
"419","0","0","0","8674","8674","8674","0","0","0","50318","50318","50318","0","0","0","50433","50433","50433","0","0","0","50204","50204","50204","0","0","0","50257","50257","50257"
"420","0","0","0","8678","8678","8678","0","0","0","50322","50322","50322","0","0","0","50437","50437","50437","0","0","0","50208","50208","50208","0","0","0","50261","50261","50261"
"421","0","0","0","8682","8682","8682","0","0","0","50326","50326","50326","0","0","0","50441","50441","50441","0","0","0","50212","50212","50212","0","0","0","50265","50265","50265"
"422","0","0","0","8686","8686","8686","0","0","0","50330","50330","50330","0","0","0","50445","50445","50445","0","0","0","50216","50216","50216","0","0","0","50269","50269","50269"
"423","0","0","0","8847","8847","8847","0","0","0","51372","51372","51372","0","0","0","51482","51482","51482","0","0","0","51252","51252","51252","0","0","0","51305","51305","51305"
"424","0","0","0","8851","8851","8851","0","0","0","51376","51376","51376","0","0","0","51486","51486","51486","0","0","0","51256","51256","51256","0","0","0","51309","51309","51309"
"425","0","0","0","8855","8855","8855","0","0","0","51380","51380","51380","0","0","0","51490","51490","51490","0","0","0","51260","51260","51260","0","0","0","51313","51313","51313"
"426","0","0","0","8859","8859","8859","0","0","0","51384","51384","51384","0","0","0","51494","51494","51494","0","0","0","51264","51264","51264","0","0","0","51317","51317","51317"
"427","0","0","0","8863","8863","8863","0","0","0","51388","51388","51388","0","0","0","51498","51498","51498","0","0","0","51268","51268","51268","0","0","0","51321","51321","51321"
"428","0","0","0","8867","8867","8867","0","0","0","51392","51392","51392","0","0","0","51502","51502","51502","0","0","0","51272","51272","51272","0","0","0","51325","51325","51325"
"429","0","0","0","8871","8871","8871","0","0","0","51396","51396","51396","0","0","0","51506","51506","51506","0","0","0","51276","51276","51276","0","0","0","51329","51329","51329"
"430","0","0","0","8875","8875","8875","0","0","0","51400","51400","51400","0","0","0","51510","51510","51510","0","0","0","51280","51280","51280","0","0","0","51333","51333","51333"
"431","0","0","0","8879","8879","8879","0","0","0","51404","51404","51404","0","0","0","51514","51514","51514","0","0","0","51284","51284","51284","0","0","0","51337","51337","51337"
"432","0","0","0","9028","9028","9028","0","0","0","52441","52441","52441","0","0","0","52551","52551","52551","0","0","0","52321","52321","52321","0","0","0","52374","52374","52374"
"433","0","0","0","9032","9032","9032","0","0","0","52445","52445","52445","0","0","0","52555","52555","52555","0","0","0","52325","52325","52325","0","0","0","52378","52378","52378"
"434","0","0","0","9036","9036","9036","0","0","0","52449","52449","52449","0","0","0","52559","52559","52559","0","0","0","52329","52329","52329","0","0","0","52382","52382","52382"
"435","0","0","0","9040","9040","9040","0","0","0","52453","52453","52453","0","0","0","52563","52563","52563","0","0","0","52333","52333","52333","0","0","0","52386","52386","52386"
"436","0","0","0","9044","9044","9044","0","0","0","52457","52457","52457","0","0","0","52567","52567","52567","0","0","0","52337","52337","52337","0","0","0","52390","52390","52390"
"437","0","0","0","9048","9048","9048","0","0","0","52461","52461","52461","0","0","0","52571","52571","52571","0","0","0","52341","52341","52341","0","0","0","52394","52394","52394"
"438","0","0","0","9052","9052","9052","0","0","0","52465","52465","52465","0","0","0","52575","52575","52575","0","0","0","52345","52345","52345","0","0","0","52398","52398","52398"
"439","0","0","0","9056","9056","9056","0","0","0","52469","52469","52469","0","0","0","52579","52579","52579","0","0","0","52349","52349","52349","0","0","0","52402","52402","52402"
"440","0","0","0","9060","9060","9060","0","0","0","52473","52473","52473","0","0","0","52583","52583","52583","0","0","0","52353","52353","52353","0","0","0","52406","52406","52406"
"441","0","0","0","9210","9210","9210","0","0","0","53509","53509","53509","0","0","0","53620","53620","53620","0","0","0","53389","53389","53389","0","0","0","53442","53442","53442"
"442","0","0","0","9214","9214","9214","0","0","0","53513","53513","53513","0","0","0","53624","53624","53624","0","0","0","53393","53393","53393","0","0","0","53446","53446","53446"
"443","0","0","0","9218","9218","9218","0","0","0","53517","53517","53517","0","0","0","53628","53628","53628","0","0","0","53397","53397","53397","0","0","0","53450","53450","53450"
"444","0","0","0","9222","9222","9222","0","0","0","53521","53521","53521","0","0","0","53632","53632","53632","0","0","0","53401","53401","53401","0","0","0","53454","53454","53454"
"445","0","0","0","9226","9226","9226","0","0","0","53525","53525","53525","0","0","0","53636","53636","53636","0","0","0","53405","53405","53405","0","0","0","53458","53458","53458"
"446","0","0","0","9230","9230","9230","0","0","0","53529","53529","53529","0","0","0","53640","53640","53640","0","0","0","53409","53409","53409","0","0","0","53462","53462","53462"
"447","0","0","0","9234","9234","9234","0","0","0","53533","53533","53533","0","0","0","53644","53644","53644","0","0","0","53413","53413","53413","0","0","0","53466","53466","53466"
"448","0","0","0","9238","9238","9238","0","0","0","53537","53537","53537","0","0","0","53648","53648","53648","0","0","0","53417","53417","53417","0","0","0","53470","53470","53470"
"449","0","0","0","9242","9242","9242","0","0","0","53541","53541","53541","0","0","0","53652","53652","53652","0","0","0","53421","53421","53421","0","0","0","53474","53474","53474"
"450","0","0","0","9404","9404","9404","0","0","0","54577","54577","54577","0","0","0","54694","54694","54694","0","0","0","54457","54457","54457","0","0","0","54510","54510","54510"
"451","0","0","0","9408","9408","9408","0","0","0","54581","54581","54581","0","0","0","54698","54698","54698","0","0","0","54461","54461","54461","0","0","0","54514","54514","54514"
"452","0","0","0","9412","9412","9412","0","0","0","54585","54585","54585","0","0","0","54702","54702","54702","0","0","0","54465","54465","54465","0","0","0","54518","54518","54518"
"453","0","0","0","9416","9416","9416","0","0","0","54589","54589","54589","0","0","0","54706","54706","54706","0","0","0","54469","54469","54469","0","0","0","54522","54522","54522"
"454","0","0","0","9420","9420","9420","0","0","0","54593","54593","54593","0","0","0","54710","54710","54710","0","0","0","54473","54473","54473","0","0","0","54526","54526","54526"
"455","0","0","0","9424","9424","9424","0","0","0","54597","54597","54597","0","0","0","54714","54714","54714","0","0","0","54477","54477","54477","0","0","0","54530","54530","54530"
"456","0","0","0","9428","9428","9428","0","0","0","54601","54601","54601","0","0","0","54718","54718","54718","0","0","0","54481","54481","54481","0","0","0","54534","54534","54534"
"457","0","0","0","9432","9432","9432","0","0","0","54605","54605","54605","0","0","0","54722","54722","54722","0","0","0","54485","54485","54485","0","0","0","54538","54538","54538"
"458","0","0","0","9436","9436","9436","0","0","0","54609","54609","54609","0","0","0","54726","54726","54726","0","0","0","54489","54489","54489","0","0","0","54542","54542","54542"
"459","0","0","0","9602","9602","9602","0","0","0","55650","55650","55650","0","0","0","55762","55762","55762","0","0","0","55525","55525","55525","0","0","0","55578","55578","55578"
"460","0","0","0","9606","9606","9606","0","0","0","55654","55654","55654","0","0","0","55766","55766","55766","0","0","0","55529","55529","55529","0","0","0","55582","55582","55582"
"461","0","0","0","9610","9610","9610","0","0","0","55658","55658","55658","0","0","0","55770","55770","55770","0","0","0","55533","55533","55533","0","0","0","55586","55586","55586"
"462","0","0","0","9614","9614","9614","0","0","0","55662","55662","55662","0","0","0","55774","55774","55774","0","0","0","55537","55537","55537","0","0","0","55590","55590","55590"
"463","0","0","0","9618","9618","9618","0","0","0","55666","55666","55666","0","0","0","55778","55778","55778","0","0","0","55541","55541","55541","0","0","0","55594","55594","55594"
"464","0","0","0","9622","9622","9622","0","0","0","55670","55670","55670","0","0","0","55782","55782","55782","0","0","0","55545","55545","55545","0","0","0","55598","55598","55598"
"465","0","0","0","9626","9626","9626","0","0","0","55674","55674","55674","0","0","0","55786","55786","55786","0","0","0","55549","55549","55549","0","0","0","55602","55602","55602"
"466","0","0","0","9630","9630","9630","0","0","0","55678","55678","55678","0","0","0","55790","55790","55790","0","0","0","55553","55553","55553","0","0","0","55606","55606","55606"
"467","0","0","0","9634","9634","9634","0","0","0","55682","55682","55682","0","0","0","55794","55794","55794","0","0","0","55557","55557","55557","0","0","0","55610","55610","55610"
"468","0","0","0","9781","9781","9781","0","0","0","56719","56719","56719","0","0","0","56831","56831","56831","0","0","0","56593","56593","56593","0","0","0","56647","56647","56647"
"469","0","0","0","9785","9785","9785","0","0","0","56723","56723","56723","0","0","0","56835","56835","56835","0","0","0","56597","56597","56597","0","0","0","56651","56651","56651"
"470","0","0","0","9789","9789","9789","0","0","0","56727","56727","56727","0","0","0","56839","56839","56839","0","0","0","56601","56601","56601","0","0","0","56655","56655","56655"
"471","0","0","0","9793","9793","9793","0","0","0","56731","56731","56731","0","0","0","56843","56843","56843","0","0","0","56605","56605","56605","0","0","0","56659","56659","56659"
"472","0","0","0","9797","9797","9797","0","0","0","56735","56735","56735","0","0","0","56847","56847","56847","0","0","0","56609","56609","56609","0","0","0","56663","56663","56663"
"473","0","0","0","9801","9801","9801","0","0","0","56739","56739","56739","0","0","0","56851","56851","56851","0","0","0","56613","56613","56613","0","0","0","56667","56667","56667"
"474","0","0","0","9805","9805","9805","0","0","0","56743","56743","56743","0","0","0","56855","56855","56855","0","0","0","56617","56617","56617","0","0","0","56671","56671","56671"
"475","0","0","0","9809","9809","9809","0","0","0","56747","56747","56747","0","0","0","56859","56859","56859","0","0","0","56621","56621","56621","0","0","0","56675","56675","56675"
"476","0","0","0","9813","9813","9813","0","0","0","56751","56751","56751","0","0","0","56863","56863","56863","0","0","0","56625","56625","56625","0","0","0","56679","56679","56679"
"477","0","0","0","9963","9963","9963","0","0","0","57792","57792","57792","0","0","0","57899","57899","57899","0","0","0","57667","57667","57667","0","0","0","57715","57715","57715"
"478","0","0","0","9967","9967","9967","0","0","0","57796","57796","57796","0","0","0","57903","57903","57903","0","0","0","57671","57671","57671","0","0","0","57719","57719","57719"
"479","0","0","0","9971","9971","9971","0","0","0","57800","57800","57800","0","0","0","57907","57907","57907","0","0","0","57675","57675","57675","0","0","0","57723","57723","57723"
"480","0","0","0","9975","9975","9975","5","5","5","57809","57809","57809","0","0","0","57911","57911","57911","0","0","0","57679","57679","57679","0","0","0","57727","57727","57727"
"481","0","0","0","9979","9979","9979","0","0","0","57813","57813","57813","0","0","0","57915","57915","57915","0","0","0","57683","57683","57683","0","0","0","57731","57731","57731"
"482","0","0","0","9983","9983","9983","0","0","0","57817","57817","57817","0","0","0","57919","57919","57919","0","0","0","57687","57687","57687","0","0","0","57735","57735","57735"
"483","0","0","0","9987","9987","9987","0","0","0","57821","57821","57821","0","0","0","57923","57923","57923","0","0","0","57691","57691","57691","0","0","0","57739","57739","57739"
"484","0","0","0","9991","9991","9991","0","0","0","57825","57825","57825","0","0","0","57927","57927","57927","0","0","0","57695","57695","57695","0","0","0","57743","57743","57743"
"485","0","0","0","9995","9995","9995","0","0","0","57829","57829","57829","0","0","0","57931","57931","57931","0","0","0","57699","57699","57699","0","0","0","57747","57747","57747"
"486","0","0","0","10151","10151","10151","0","0","0","58866","58866","58866","0","0","0","58968","58968","58968","0","0","0","58735","58735","58735","0","0","0","58783","58783","58783"
"487","0","0","0","10155","10155","10155","0","0","0","58870","58870","58870","0","0","0","58972","58972","58972","0","0","0","58739","58739","58739","0","0","0","58787","58787","58787"
"488","0","0","0","10159","10159","10159","0","0","0","58874","58874","58874","0","0","0","58976","58976","58976","0","0","0","58743","58743","58743","0","0","0","58791","58791","58791"
"489","0","0","0","10163","10163","10163","0","0","0","58878","58878","58878","0","0","0","58980","58980","58980","0","0","0","58747","58747","58747","0","0","0","58795","58795","58795"
"490","0","0","0","10167","10167","10167","0","0","0","58882","58882","58882","0","0","0","58984","58984","58984","0","0","0","58751","58751","58751","0","0","0","58799","58799","58799"
"491","0","0","0","10171","10171","10171","0","0","0","58886","58886","58886","0","0","0","58988","58988","58988","0","0","0","58755","58755","58755","0","0","0","58803","58803","58803"
"492","0","0","0","10175","10175","10175","0","0","0","58890","58890","58890","0","0","0","58992","58992","58992","0","0","0","58759","58759","58759","0","0","0","58807","58807","58807"
"493","0","0","0","10179","10179","10179","0","0","0","58894","58894","58894","0","0","0","58996","58996","58996","0","0","0","58763","58763","58763","0","0","0","58811","58811","58811"
"494","0","0","0","10183","10183","10183","0","0","0","58898","58898","58898","0","0","0","59000","59000","59000","0","0","0","58767","58767","58767","0","0","0","58815","58815","58815"
"495","0","0","0","10345","10345","10345","0","0","0","59934","59934","59934","0","0","0","60036","60036","60036","0","0","0","59802","59802","59802","0","0","0","59852","59852","59852"
"496","0","0","0","10349","10349","10349","0","0","0","59938","59938","59938","0","0","0","60040","60040","60040","0","0","0","59806","59806","59806","0","0","0","59856","59856","59856"
"497","0","0","0","10353","10353","10353","0","0","0","59942","59942","59942","0","0","0","60044","60044","60044","0","0","0","59810","59810","59810","0","0","0","59860","59860","59860"
"498","0","0","0","10357","10357","10357","0","0","0","59946","59946","59946","0","0","0","60048","60048","60048","0","0","0","59814","59814","59814","0","0","0","59864","59864","59864"
"499","0","0","0","10361","10361","10361","0","0","0","59950","59950","59950","0","0","0","60052","60052","60052","0","0","0","59818","59818","59818","4","4","4","59868","59868","59868"
"500","0","0","0","10365","10365","10365","0","0","0","59954","59954","59954","0","0","0","60056","60056","60056","0","0","0","59822","59822","59822","0","0","0","59872","59872","59872"
"501","0","0","0","10369","10369","10369","0","0","0","59958","59958","59958","0","0","0","60060","60060","60060","0","0","0","59826","59826","59826","0","0","0","59876","59876","59876"
"502","0","0","0","10373","10373","10373","0","0","0","59962","59962","59962","0","0","0","60064","60064","60064","0","0","0","59830","59830","59830","0","0","0","59880","59880","59880"
"503","0","0","0","10377","10377","10377","0","0","0","59966","59966","59966","0","0","0","60068","60068","60068","0","0","0","59834","59834","59834","0","0","0","59884","59884","59884"
"504","0","0","0","10533","10533","10533","0","0","0","61006","61006","61006","0","0","0","61104","61104","61104","0","0","0","60881","60881","60881","0","0","0","60920","60920","60920"
"505","0","0","0","10537","10537","10537","0","0","0","61010","61010","61010","0","0","0","61108","61108","61108","0","0","0","60885","60885","60885","0","0","0","60924","60924","60924"
"506","0","0","0","10541","10541","10541","0","0","0","61014","61014","61014","0","0","0","61112","61112","61112","0","0","0","60889","60889","60889","0","0","0","60928","60928","60928"
"507","0","0","0","10545","10545","10545","0","0","0","61018","61018","61018","0","0","0","61116","61116","61116","0","0","0","60893","60893","60893","0","0","0","60932","60932","60932"
"508","0","0","0","10549","10549","10549","0","0","0","61022","61022","61022","0","0","0","61120","61120","61120","0","0","0","60897","60897","60897","0","0","0","60936","60936","60936"
"509","0","0","0","10553","10553","10553","0","0","0","61026","61026","61026","0","0","0","61124","61124","61124","0","0","0","60901","60901","60901","0","0","0","60940","60940","60940"
"510","0","0","0","10557","10557","10557","0","0","0","61030","61030","61030","0","0","0","61128","61128","61128","0","0","0","60905","60905","60905","0","0","0","60944","60944","60944"
"511","0","0","0","10561","10561","10561","0","0","0","61034","61034","61034","0","0","0","61132","61132","61132","0","0","0","60909","60909","60909","0","0","0","60948","60948","60948"
"512","0","0","0","10565","10565","10565","0","0","0","61038","61038","61038","0","0","0","61136","61136","61136","0","0","0","60913","60913","60913","0","0","0","60952","60952","60952"
"513","0","0","0","10719","10719","10719","0","0","0","62074","62074","62074","0","0","0","62173","62173","62173","0","0","0","61949","61949","61949","0","0","0","61988","61988","61988"
"514","0","0","0","10723","10723","10723","0","0","0","62078","62078","62078","0","0","0","62177","62177","62177","0","0","0","61953","61953","61953","0","0","0","61992","61992","61992"
"515","0","0","0","10727","10727","10727","0","0","0","62082","62082","62082","0","0","0","62181","62181","62181","0","0","0","61957","61957","61957","0","0","0","61996","61996","61996"
"516","0","0","0","10731","10731","10731","0","0","0","62086","62086","62086","0","0","0","62185","62185","62185","0","0","0","61961","61961","61961","0","0","0","62000","62000","62000"
"517","0","0","0","10735","10735","10735","0","0","0","62090","62090","62090","0","0","0","62189","62189","62189","0","0","0","61965","61965","61965","0","0","0","62004","62004","62004"
"518","0","0","0","10739","10739","10739","0","0","0","62094","62094","62094","0","0","0","62193","62193","62193","0","0","0","61969","61969","61969","0","0","0","62008","62008","62008"
"519","0","0","0","10743","10743","10743","0","0","0","62098","62098","62098","0","0","0","62197","62197","62197","0","0","0","61973","61973","61973","0","0","0","62012","62012","62012"
"520","0","0","0","10747","10747","10747","0","0","0","62102","62102","62102","0","0","0","62201","62201","62201","0","0","0","61977","61977","61977","0","0","0","62016","62016","62016"
"521","0","0","0","10751","10751","10751","0","0","0","62106","62106","62106","0","0","0","62205","62205","62205","0","0","0","61981","61981","61981","0","0","0","62020","62020","62020"
"522","0","0","0","10903","10903","10903","0","0","0","63143","63143","63143","0","0","0","63241","63241","63241","0","0","0","63017","63017","63017","0","0","0","63056","63056","63056"
"523","0","0","0","10907","10907","10907","0","0","0","63147","63147","63147","0","0","0","63245","63245","63245","0","0","0","63021","63021","63021","0","0","0","63060","63060","63060"
"524","0","0","0","10911","10911","10911","0","0","0","63151","63151","63151","0","0","0","63249","63249","63249","0","0","0","63025","63025","63025","0","0","0","63064","63064","63064"
"525","0","0","0","10915","10915","10915","0","0","0","63155","63155","63155","0","0","0","63253","63253","63253","0","0","0","63029","63029","63029","0","0","0","63068","63068","63068"
"526","0","0","0","10919","10919","10919","0","0","0","63159","63159","63159","0","0","0","63257","63257","63257","0","0","0","63033","63033","63033","0","0","0","63072","63072","63072"
"527","0","0","0","10923","10923","10923","0","0","0","63163","63163","63163","0","0","0","63261","63261","63261","0","0","0","63037","63037","63037","0","0","0","63076","63076","63076"
"528","0","0","0","10927","10927","10927","0","0","0","63167","63167","63167","0","0","0","63265","63265","63265","0","0","0","63041","63041","63041","0","0","0","63080","63080","63080"
"529","0","0","0","10931","10931","10931","0","0","0","63171","63171","63171","0","0","0","63269","63269","63269","0","0","0","63045","63045","63045","0","0","0","63084","63084","63084"
"530","0","0","0","10935","10935","10935","0","0","0","63175","63175","63175","0","0","0","63273","63273","63273","0","0","0","63049","63049","63049","0","0","0","63088","63088","63088"
"531","0","0","0","11089","11089","11089","0","0","0","64211","64211","64211","0","0","0","64310","64310","64310","0","0","0","64085","64085","64085","0","0","0","64124","64124","64124"
"532","0","0","0","11093","11093","11093","0","0","0","64215","64215","64215","0","0","0","64314","64314","64314","0","0","0","64089","64089","64089","0","0","0","64128","64128","64128"
"533","0","0","0","11097","11097","11097","0","0","0","64219","64219","64219","0","0","0","64318","64318","64318","0","0","0","64093","64093","64093","0","0","0","64132","64132","64132"
"534","0","0","0","11101","11101","11101","0","0","0","64223","64223","64223","0","0","0","64322","64322","64322","0","0","0","64097","64097","64097","0","0","0","64136","64136","64136"
"535","0","0","0","11105","11105","11105","0","0","0","64227","64227","64227","0","0","0","64326","64326","64326","0","0","0","64101","64101","64101","0","0","0","64140","64140","64140"
"536","0","0","0","11109","11109","11109","0","0","0","64231","64231","64231","0","0","0","64330","64330","64330","0","0","0","64105","64105","64105","0","0","0","64144","64144","64144"
"537","0","0","0","11113","11113","11113","0","0","0","64235","64235","64235","0","0","0","64334","64334","64334","0","0","0","64109","64109","64109","0","0","0","64148","64148","64148"
"538","0","0","0","11117","11117","11117","0","0","0","64239","64239","64239","0","0","0","64338","64338","64338","0","0","0","64113","64113","64113","0","0","0","64152","64152","64152"
"539","0","0","0","11121","11121","11121","0","0","0","64243","64243","64243","0","0","0","64342","64342","64342","0","0","0","64117","64117","64117","0","0","0","64156","64156","64156"
"540","1","1","1","11284","11284","11284","0","0","0","65279","65279","65279","0","0","0","65378","65378","65378","0","0","0","65154","65154","65154","0","0","0","65193","65193","65193"
"541","0","0","0","11288","11288","11288","0","0","0","65283","65283","65283","0","0","0","65382","65382","65382","0","0","0","65158","65158","65158","0","0","0","65197","65197","65197"
"542","0","0","0","11292","11292","11292","0","0","0","65287","65287","65287","0","0","0","65386","65386","65386","0","0","0","65162","65162","65162","0","0","0","65201","65201","65201"
"543","0","0","0","11296","11296","11296","0","0","0","65291","65291","65291","0","0","0","65390","65390","65390","0","0","0","65166","65166","65166","0","0","0","65205","65205","65205"
"544","0","0","0","11300","11300","11300","0","0","0","65295","65295","65295","0","0","0","65394","65394","65394","0","0","0","65170","65170","65170","0","0","0","65209","65209","65209"
"545","0","0","0","11304","11304","11304","0","0","0","65299","65299","65299","0","0","0","65398","65398","65398","0","0","0","65174","65174","65174","0","0","0","65213","65213","65213"
"546","0","0","0","11308","11308","11308","0","0","0","65303","65303","65303","0","0","0","65402","65402","65402","0","0","0","65178","65178","65178","0","0","0","65217","65217","65217"
"547","0","0","0","11312","11312","11312","0","0","0","65307","65307","65307","0","0","0","65406","65406","65406","0","0","0","65182","65182","65182","0","0","0","65221","65221","65221"
"548","0","0","0","11316","11316","11316","0","0","0","65311","65311","65311","0","0","0","65410","65410","65410","0","0","0","65186","65186","65186","0","0","0","65225","65225","65225"
"549","0","0","0","11471","11471","11471","0","0","0","66347","66347","66347","0","0","0","66452","66452","66452","0","0","0","66221","66221","66221","0","0","0","66261","66261","66261"
"550","0","0","0","11475","11475","11475","0","0","0","66351","66351","66351","0","0","0","66456","66456","66456","0","0","0","66225","66225","66225","0","0","0","66265","66265","66265"
"551","0","0","0","11479","11479","11479","0","0","0","66355","66355","66355","0","0","0","66460","66460","66460","0","0","0","66229","66229","66229","0","0","0","66269","66269","66269"
"552","0","0","0","11483","11483","11483","5","5","5","66364","66364","66364","0","0","0","66464","66464","66464","0","0","0","66233","66233","66233","0","0","0","66273","66273","66273"
"553","0","0","0","11487","11487","11487","0","0","0","66368","66368","66368","0","0","0","66468","66468","66468","0","0","0","66237","66237","66237","0","0","0","66277","66277","66277"
"554","0","0","0","11491","11491","11491","0","0","0","66372","66372","66372","0","0","0","66472","66472","66472","0","0","0","66241","66241","66241","0","0","0","66281","66281","66281"
"555","0","0","0","11495","11495","11495","0","0","0","66376","66376","66376","0","0","0","66476","66476","66476","0","0","0","66245","66245","66245","0","0","0","66285","66285","66285"
"556","0","0","0","11499","11499","11499","0","0","0","66380","66380","66380","0","0","0","66480","66480","66480","0","0","0","66249","66249","66249","0","0","0","66289","66289","66289"
"557","0","0","0","11503","11503","11503","0","0","0","66384","66384","66384","0","0","0","66484","66484","66484","0","0","0","66253","66253","66253","0","0","0","66293","66293","66293"
"558","0","0","0","11659","11659","11659","0","0","0","67420","67420","67420","0","0","0","67521","67521","67521","0","0","0","67289","67289","67289","0","0","0","67329","67329","67329"
"559","0","0","0","11663","11663","11663","0","0","0","67424","67424","67424","0","0","0","67525","67525","67525","0","0","0","67293","67293","67293","0","0","0","67333","67333","67333"
"560","0","0","0","11667","11667","11667","0","0","0","67428","67428","67428","0","0","0","67529","67529","67529","0","0","0","67297","67297","67297","0","0","0","67337","67337","67337"
"561","0","0","0","11671","11671","11671","0","0","0","67432","67432","67432","0","0","0","67533","67533","67533","0","0","0","67301","67301","67301","0","0","0","67341","67341","67341"
"562","0","0","0","11675","11675","11675","0","0","0","67436","67436","67436","0","0","0","67537","67537","67537","0","0","0","67305","67305","67305","0","0","0","67345","67345","67345"
"563","0","0","0","11679","11679","11679","0","0","0","67440","67440","67440","0","0","0","67541","67541","67541","0","0","0","67309","67309","67309","0","0","0","67349","67349","67349"
"564","0","0","0","11683","11683","11683","0","0","0","67444","67444","67444","0","0","0","67545","67545","67545","0","0","0","67313","67313","67313","0","0","0","67353","67353","67353"
"565","0","0","0","11687","11687","11687","0","0","0","67448","67448","67448","0","0","0","67549","67549","67549","0","0","0","67317","67317","67317","0","0","0","67357","67357","67357"
"566","0","0","0","11691","11691","11691","0","0","0","67452","67452","67452","0","0","0","67553","67553","67553","0","0","0","67321","67321","67321","0","0","0","67361","67361","67361"
"567","0","0","0","11842","11842","11842","0","0","0","68488","68488","68488","0","0","0","68594","68594","68594","0","0","0","68362","68362","68362","0","0","0","68397","68397","68397"
"568","0","0","0","11846","11846","11846","0","0","0","68492","68492","68492","0","0","0","68598","68598","68598","0","0","0","68366","68366","68366","0","0","0","68401","68401","68401"
"569","0","0","0","11850","11850","11850","0","0","0","68496","68496","68496","0","0","0","68602","68602","68602","0","0","0","68370","68370","68370","0","0","0","68405","68405","68405"
"570","0","0","0","11854","11854","11854","0","0","0","68500","68500","68500","0","0","0","68606","68606","68606","0","0","0","68374","68374","68374","0","0","0","68409","68409","68409"
"571","0","0","0","11858","11858","11858","0","0","0","68504","68504","68504","0","0","0","68610","68610","68610","0","0","0","68378","68378","68378","0","0","0","68413","68413","68413"
"572","0","0","0","11862","11862","11862","0","0","0","68508","68508","68508","0","0","0","68614","68614","68614","0","0","0","68382","68382","68382","0","0","0","68417","68417","68417"
"573","0","0","0","11866","11866","11866","0","0","0","68512","68512","68512","0","0","0","68618","68618","68618","0","0","0","68386","68386","68386","0","0","0","68421","68421","68421"
"574","0","0","0","11870","11870","11870","0","0","0","68516","68516","68516","0","0","0","68622","68622","68622","0","0","0","68390","68390","68390","0","0","0","68425","68425","68425"
"575","0","0","0","11874","11874","11874","0","0","0","68520","68520","68520","0","0","0","68626","68626","68626","0","0","0","68394","68394","68394","0","0","0","68429","68429","68429"
"576","0","0","0","12025","12025","12025","0","0","0","69556","69556","69556","0","0","0","69662","69662","69662","0","0","0","69430","69430","69430","0","0","0","69466","69466","69466"
"577","0","0","0","12029","12029","12029","0","0","0","69560","69560","69560","0","0","0","69666","69666","69666","0","0","0","69434","69434","69434","0","0","0","69470","69470","69470"
"578","0","0","0","12033","12033","12033","0","0","0","69564","69564","69564","0","0","0","69670","69670","69670","0","0","0","69438","69438","69438","0","0","0","69474","69474","69474"
"579","0","0","0","12037","12037","12037","0","0","0","69568","69568","69568","0","0","0","69674","69674","69674","0","0","0","69442","69442","69442","0","0","0","69478","69478","69478"
"580","0","0","0","12041","12041","12041","0","0","0","69572","69572","69572","0","0","0","69678","69678","69678","0","0","0","69446","69446","69446","0","0","0","69482","69482","69482"
"581","0","0","0","12045","12045","12045","0","0","0","69576","69576","69576","0","0","0","69682","69682","69682","0","0","0","69450","69450","69450","0","0","0","69486","69486","69486"
"582","0","0","0","12049","12049","12049","0","0","0","69580","69580","69580","0","0","0","69686","69686","69686","0","0","0","69454","69454","69454","0","0","0","69490","69490","69490"
"583","0","0","0","12053","12053","12053","0","0","0","69584","69584","69584","0","0","0","69690","69690","69690","0","0","0","69458","69458","69458","0","0","0","69494","69494","69494"
"584","0","0","0","12057","12057","12057","0","0","0","69588","69588","69588","0","0","0","69694","69694","69694","0","0","0","69462","69462","69462","0","0","0","69498","69498","69498"
"585","0","0","0","12209","12209","12209","0","0","0","70624","70624","70624","0","0","0","70731","70731","70731","0","0","0","70504","70504","70504","0","0","0","70544","70544","70544"
"586","0","0","0","12213","12213","12213","0","0","0","70628","70628","70628","0","0","0","70735","70735","70735","0","0","0","70508","70508","70508","0","0","0","70548","70548","70548"
"587","0","0","0","12217","12217","12217","0","0","0","70632","70632","70632","0","0","0","70739","70739","70739","0","0","0","70512","70512","70512","0","0","0","70552","70552","70552"
"588","0","0","0","12221","12221","12221","0","0","0","70636","70636","70636","0","0","0","70743","70743","70743","0","0","0","70516","70516","70516","0","0","0","70556","70556","70556"
"589","0","0","0","12225","12225","12225","0","0","0","70640","70640","70640","0","0","0","70747","70747","70747","0","0","0","70520","70520","70520","0","0","0","70560","70560","70560"
"590","0","0","0","12229","12229","12229","0","0","0","70644","70644","70644","0","0","0","70751","70751","70751","0","0","0","70524","70524","70524","0","0","0","70564","70564","70564"
"591","0","0","0","12233","12233","12233","0","0","0","70648","70648","70648","0","0","0","70755","70755","70755","0","0","0","70528","70528","70528","0","0","0","70568","70568","70568"
"592","0","0","0","12237","12237","12237","0","0","0","70652","70652","70652","0","0","0","70759","70759","70759","0","0","0","70532","70532","70532","0","0","0","70572","70572","70572"
"593","0","0","0","12241","12241","12241","0","0","0","70656","70656","70656","0","0","0","70763","70763","70763","0","0","0","70536","70536","70536","0","0","0","70576","70576","70576"
"594","0","0","0","12396","12396","12396","0","0","0","71693","71693","71693","0","0","0","71803","71803","71803","0","0","0","71577","71577","71577","0","0","0","71612","71612","71612"
"595","0","0","0","12400","12400","12400","0","0","0","71697","71697","71697","0","0","0","71807","71807","71807","0","0","0","71581","71581","71581","0","0","0","71616","71616","71616"
"596","0","0","0","12404","12404","12404","0","0","0","71701","71701","71701","0","0","0","71811","71811","71811","0","0","0","71585","71585","71585","0","0","0","71620","71620","71620"
"597","0","0","0","12408","12408","12408","0","0","0","71705","71705","71705","0","0","0","71815","71815","71815","0","0","0","71589","71589","71589","0","0","0","71624","71624","71624"
"598","0","0","0","12412","12412","12412","0","0","0","71709","71709","71709","0","0","0","71819","71819","71819","0","0","0","71593","71593","71593","0","0","0","71628","71628","71628"
"599","0","0","0","12416","12416","12416","0","0","0","71713","71713","71713","0","0","0","71823","71823","71823","0","0","0","71597","71597","71597","0","0","0","71632","71632","71632"
"600","0","0","0","12420","12420","12420","0","0","0","71717","71717","71717","0","0","0","71827","71827","71827","0","0","0","71601","71601","71601","0","0","0","71636","71636","71636"
"601","0","0","0","12424","12424","12424","0","0","0","71721","71721","71721","0","0","0","71831","71831","71831","0","0","0","71605","71605","71605","0","0","0","71640","71640","71640"
"602","0","0","0","12428","12428","12428","0","0","0","71725","71725","71725","0","0","0","71835","71835","71835","0","0","0","71609","71609","71609","0","0","0","71644","71644","71644"
"603","0","0","0","12578","12578","12578","0","0","0","72761","72761","72761","0","0","0","72871","72871","72871","0","0","0","72645","72645","72645","0","0","0","72681","72681","72681"
"604","0","0","0","12582","12582","12582","0","0","0","72765","72765","72765","0","0","0","72875","72875","72875","0","0","0","72649","72649","72649","0","0","0","72685","72685","72685"
"605","0","0","0","12586","12586","12586","0","0","0","72769","72769","72769","0","0","0","72879","72879","72879","0","0","0","72653","72653","72653","0","0","0","72689","72689","72689"
"606","0","0","0","12590","12590","12590","0","0","0","72773","72773","72773","0","0","0","72883","72883","72883","0","0","0","72657","72657","72657","0","0","0","72693","72693","72693"
"607","0","0","0","12594","12594","12594","0","0","0","72777","72777","72777","0","0","0","72887","72887","72887","0","0","0","72661","72661","72661","0","0","0","72697","72697","72697"
"608","0","0","0","12598","12598","12598","0","0","0","72781","72781","72781","0","0","0","72891","72891","72891","0","0","0","72665","72665","72665","0","0","0","72701","72701","72701"
"609","0","0","0","12602","12602","12602","0","0","0","72785","72785","72785","0","0","0","72895","72895","72895","0","0","0","72669","72669","72669","0","0","0","72705","72705","72705"
"610","0","0","0","12606","12606","12606","0","0","0","72789","72789","72789","0","0","0","72899","72899","72899","0","0","0","72673","72673","72673","0","0","0","72709","72709","72709"
"611","0","0","0","12610","12610","12610","0","0","0","72793","72793","72793","0","0","0","72903","72903","72903","0","0","0","72677","72677","72677","0","0","0","72713","72713","72713"
"612","0","0","0","12769","12769","12769","0","0","0","73829","73829","73829","0","0","0","73940","73940","73940","0","0","0","73713","73713","73713","0","0","0","73760","73760","73760"
"613","0","0","0","12773","12773","12773","0","0","0","73833","73833","73833","0","0","0","73944","73944","73944","0","0","0","73717","73717","73717","0","0","0","73764","73764","73764"
"614","0","0","0","12777","12777","12777","0","0","0","73837","73837","73837","0","0","0","73948","73948","73948","0","0","0","73721","73721","73721","0","0","0","73768","73768","73768"
"615","0","0","0","12781","12781","12781","0","0","0","73841","73841","73841","0","0","0","73952","73952","73952","0","0","0","73725","73725","73725","0","0","0","73772","73772","73772"
"616","0","0","0","12785","12785","12785","0","0","0","73845","73845","73845","0","0","0","73956","73956","73956","6","6","6","73735","73735","73735","0","0","0","73776","73776","73776"
"617","0","0","0","12789","12789","12789","0","0","0","73849","73849","73849","0","0","0","73960","73960","73960","0","0","0","73739","73739","73739","0","0","0","73780","73780","73780"
"618","0","0","0","12793","12793","12793","0","0","0","73853","73853","73853","0","0","0","73964","73964","73964","0","0","0","73743","73743","73743","0","0","0","73784","73784","73784"
"619","0","0","0","12797","12797","12797","0","0","0","73857","73857","73857","0","0","0","73968","73968","73968","0","0","0","73747","73747","73747","0","0","0","73788","73788","73788"
"620","0","0","0","12801","12801","12801","0","0","0","73861","73861","73861","0","0","0","73972","73972","73972","0","0","0","73751","73751","73751","0","0","0","73792","73792","73792"
"621","0","0","0","12956","12956","12956","0","0","0","74897","74897","74897","0","0","0","75009","75009","75009","0","0","0","74787","74787","74787","0","0","0","74828","74828","74828"
"622","0","0","0","12960","12960","12960","0","0","0","74901","74901","74901","0","0","0","75013","75013","75013","0","0","0","74791","74791","74791","0","0","0","74832","74832","74832"
"623","0","0","0","12964","12964","12964","0","0","0","74905","74905","74905","0","0","0","75017","75017","75017","0","0","0","74795","74795","74795","0","0","0","74836","74836","74836"
"624","0","0","0","12968","12968","12968","0","0","0","74909","74909","74909","0","0","0","75021","75021","75021","0","0","0","74799","74799","74799","0","0","0","74840","74840","74840"
"625","0","0","0","12972","12972","12972","0","0","0","74913","74913","74913","0","0","0","75025","75025","75025","0","0","0","74803","74803","74803","0","0","0","74844","74844","74844"
"626","0","0","0","12976","12976","12976","0","0","0","74917","74917","74917","0","0","0","75029","75029","75029","0","0","0","74807","74807","74807","0","0","0","74848","74848","74848"
"627","0","0","0","12980","12980","12980","0","0","0","74921","74921","74921","0","0","0","75033","75033","75033","0","0","0","74811","74811","74811","0","0","0","74852","74852","74852"
"628","0","0","0","12984","12984","12984","0","0","0","74925","74925","74925","0","0","0","75037","75037","75037","0","0","0","74815","74815","74815","0","0","0","74856","74856","74856"
"629","0","0","0","12988","12988","12988","0","0","0","74929","74929","74929","0","0","0","75041","75041","75041","0","0","0","74819","74819","74819","0","0","0","74860","74860","74860"
"630","0","0","0","13140","13140","13140","0","0","0","75970","75970","75970","0","0","0","76078","76078","76078","0","0","0","75856","75856","75856","0","0","0","75896","75896","75896"
"631","0","0","0","13144","13144","13144","0","0","0","75974","75974","75974","0","0","0","76082","76082","76082","0","0","0","75860","75860","75860","0","0","0","75900","75900","75900"
"632","0","0","0","13148","13148","13148","0","0","0","75978","75978","75978","0","0","0","76086","76086","76086","0","0","0","75864","75864","75864","0","0","0","75904","75904","75904"
"633","0","0","0","13152","13152","13152","0","0","0","75982","75982","75982","0","0","0","76090","76090","76090","0","0","0","75868","75868","75868","1","1","1","75908","75908","75908"
"634","0","0","0","13156","13156","13156","0","0","0","75986","75986","75986","0","0","0","76094","76094","76094","0","0","0","75872","75872","75872","0","0","0","75912","75912","75912"
"635","0","0","0","13160","13160","13160","0","0","0","75990","75990","75990","0","0","0","76098","76098","76098","0","0","0","75876","75876","75876","0","0","0","75916","75916","75916"
"636","0","0","0","13164","13164","13164","0","0","0","75994","75994","75994","0","0","0","76102","76102","76102","0","0","0","75880","75880","75880","0","0","0","75920","75920","75920"
"637","0","0","0","13168","13168","13168","0","0","0","75998","75998","75998","0","0","0","76106","76106","76106","0","0","0","75884","75884","75884","0","0","0","75924","75924","75924"
"638","0","0","0","13172","13172","13172","0","0","0","76002","76002","76002","0","0","0","76110","76110","76110","0","0","0","75888","75888","75888","0","0","0","75928","75928","75928"
"639","0","0","0","13327","13327","13327","0","0","0","77038","77038","77038","0","0","0","77152","77152","77152","0","0","0","76924","76924","76924","0","0","0","76963","76963","76963"
"640","0","0","0","13331","13331","13331","0","0","0","77042","77042","77042","0","0","0","77156","77156","77156","0","0","0","76928","76928","76928","0","0","0","76967","76967","76967"
"641","0","0","0","13335","13335","13335","0","0","0","77046","77046","77046","0","0","0","77160","77160","77160","0","0","0","76932","76932","76932","0","0","0","76971","76971","76971"
"642","0","0","0","13339","13339","13339","0","0","0","77050","77050","77050","0","0","0","77164","77164","77164","0","0","0","76936","76936","76936","0","0","0","76975","76975","76975"
"643","0","0","0","13343","13343","13343","0","0","0","77054","77054","77054","0","0","0","77168","77168","77168","0","0","0","76940","76940","76940","0","0","0","76979","76979","76979"
"644","0","0","0","13347","13347","13347","0","0","0","77058","77058","77058","0","0","0","77172","77172","77172","0","0","0","76944","76944","76944","0","0","0","76983","76983","76983"
"645","0","0","0","13351","13351","13351","0","0","0","77062","77062","77062","0","0","0","77176","77176","77176","0","0","0","76948","76948","76948","0","0","0","76987","76987","76987"
"646","0","0","0","13355","13355","13355","0","0","0","77066","77066","77066","0","0","0","77180","77180","77180","0","0","0","76952","76952","76952","0","0","0","76991","76991","76991"
"647","0","0","0","13359","13359","13359","0","0","0","77070","77070","77070","0","0","0","77184","77184","77184","0","0","0","76956","76956","76956","0","0","0","76995","76995","76995"
"648","0","0","0","13526","13526","13526","0","0","0","78112","78112","78112","0","0","0","78220","78220","78220","0","0","0","77993","77993","77993","0","0","0","78031","78031","78031"
"649","0","0","0","13530","13530","13530","0","0","0","78116","78116","78116","0","0","0","78224","78224","78224","0","0","0","77997","77997","77997","0","0","0","78035","78035","78035"
"650","0","0","0","13534","13534","13534","0","0","0","78120","78120","78120","0","0","0","78228","78228","78228","0","0","0","78001","78001","78001","0","0","0","78039","78039","78039"
"651","0","0","0","13538","13538","13538","0","0","0","78124","78124","78124","0","0","0","78232","78232","78232","0","0","0","78005","78005","78005","0","0","0","78043","78043","78043"
"652","0","0","0","13542","13542","13542","0","0","0","78128","78128","78128","0","0","0","78236","78236","78236","0","0","0","78009","78009","78009","0","0","0","78047","78047","78047"
"653","0","0","0","13546","13546","13546","0","0","0","78132","78132","78132","0","0","0","78240","78240","78240","0","0","0","78013","78013","78013","0","0","0","78051","78051","78051"
"654","0","0","0","13550","13550","13550","0","0","0","78136","78136","78136","0","0","0","78244","78244","78244","0","0","0","78017","78017","78017","0","0","0","78055","78055","78055"
"655","0","0","0","13554","13554","13554","0","0","0","78140","78140","78140","0","0","0","78248","78248","78248","0","0","0","78021","78021","78021","0","0","0","78059","78059","78059"
"656","0","0","0","13558","13558","13558","0","0","0","78144","78144","78144","0","0","0","78252","78252","78252","0","0","0","78025","78025","78025","0","0","0","78063","78063","78063"
"657","0","0","0","13707","13707","13707","0","0","0","79180","79180","79180","0","0","0","79288","79288","79288","0","0","0","79061","79061","79061","0","0","0","79099","79099","79099"
"658","0","0","0","13711","13711","13711","0","0","0","79184","79184","79184","0","0","0","79292","79292","79292","0","0","0","79065","79065","79065","0","0","0","79103","79103","79103"
"659","0","0","0","13715","13715","13715","0","0","0","79188","79188","79188","0","0","0","79296","79296","79296","0","0","0","79069","79069","79069","0","0","0","79107","79107","79107"
"660","0","0","0","13719","13719","13719","0","0","0","79192","79192","79192","0","0","0","79300","79300","79300","0","0","0","79073","79073","79073","0","0","0","79111","79111","79111"
"661","0","0","0","13723","13723","13723","0","0","0","79196","79196","79196","0","0","0","79304","79304","79304","0","0","0","79077","79077","79077","0","0","0","79115","79115","79115"
"662","0","0","0","13727","13727","13727","0","0","0","79200","79200","79200","0","0","0","79308","79308","79308","0","0","0","79081","79081","79081","0","0","0","79119","79119","79119"
"663","0","0","0","13731","13731","13731","0","0","0","79204","79204","79204","0","0","0","79312","79312","79312","0","0","0","79085","79085","79085","0","0","0","79123","79123","79123"
"664","0","0","0","13735","13735","13735","0","0","0","79208","79208","79208","0","0","0","79316","79316","79316","0","0","0","79089","79089","79089","0","0","0","79127","79127","79127"
"665","0","0","0","13739","13739","13739","0","0","0","79212","79212","79212","0","0","0","79320","79320","79320","0","0","0","79093","79093","79093","0","0","0","79131","79131","79131"
"666","0","0","0","13893","13893","13893","0","0","0","80248","80248","80248","0","0","0","80356","80356","80356","0","0","0","80130","80130","80130","0","0","0","80173","80173","80173"
"667","0","0","0","13897","13897","13897","0","0","0","80252","80252","80252","0","0","0","80360","80360","80360","0","0","0","80134","80134","80134","0","0","0","80177","80177","80177"
"668","0","0","0","13901","13901","13901","0","0","0","80256","80256","80256","0","0","0","80364","80364","80364","0","0","0","80138","80138","80138","0","0","0","80181","80181","80181"
"669","0","0","0","13905","13905","13905","0","0","0","80260","80260","80260","0","0","0","80368","80368","80368","0","0","0","80142","80142","80142","0","0","0","80185","80185","80185"
"670","0","0","0","13909","13909","13909","0","0","0","80264","80264","80264","0","0","0","80372","80372","80372","0","0","0","80146","80146","80146","0","0","0","80189","80189","80189"
"671","0","0","0","13913","13913","13913","0","0","0","80268","80268","80268","0","0","0","80376","80376","80376","0","0","0","80150","80150","80150","0","0","0","80193","80193","80193"
"672","0","0","0","13917","13917","13917","0","0","0","80272","80272","80272","0","0","0","80380","80380","80380","0","0","0","80154","80154","80154","0","0","0","80197","80197","80197"
"673","0","0","0","13921","13921","13921","0","0","0","80276","80276","80276","0","0","0","80384","80384","80384","0","0","0","80158","80158","80158","0","0","0","80201","80201","80201"
"674","0","0","0","13925","13925","13925","0","0","0","80280","80280","80280","0","0","0","80388","80388","80388","0","0","0","80162","80162","80162","0","0","0","80205","80205","80205"
"675","0","0","0","14090","14090","14090","0","0","0","81317","81317","81317","0","0","0","81430","81430","81430","0","0","0","81199","81199","81199","0","0","0","81252","81252","81252"
"676","0","0","0","14094","14094","14094","0","0","0","81321","81321","81321","0","0","0","81434","81434","81434","0","0","0","81203","81203","81203","0","0","0","81256","81256","81256"
"677","0","0","0","14098","14098","14098","0","0","0","81325","81325","81325","0","0","0","81438","81438","81438","0","0","0","81207","81207","81207","0","0","0","81260","81260","81260"
"678","0","0","0","14102","14102","14102","0","0","0","81329","81329","81329","0","0","0","81442","81442","81442","0","0","0","81211","81211","81211","0","0","0","81264","81264","81264"
"679","0","0","0","14106","14106","14106","0","0","0","81333","81333","81333","0","0","0","81446","81446","81446","0","0","0","81215","81215","81215","0","0","0","81268","81268","81268"
"680","0","0","0","14110","14110","14110","0","0","0","81337","81337","81337","0","0","0","81450","81450","81450","0","0","0","81219","81219","81219","0","0","0","81272","81272","81272"
"681","0","0","0","14114","14114","14114","0","0","0","81341","81341","81341","0","0","0","81454","81454","81454","0","0","0","81223","81223","81223","0","0","0","81276","81276","81276"
"682","0","0","0","14118","14118","14118","0","0","0","81345","81345","81345","0","0","0","81458","81458","81458","0","0","0","81227","81227","81227","0","0","0","81280","81280","81280"
"683","0","0","0","14122","14122","14122","0","0","0","81349","81349","81349","0","0","0","81462","81462","81462","0","0","0","81231","81231","81231","0","0","0","81284","81284","81284"
"684","0","0","0","14277","14277","14277","0","0","0","82385","82385","82385","0","0","0","82504","82504","82504","0","0","0","82268","82268","82268","0","0","0","82325","82325","82325"
"685","0","0","0","14281","14281","14281","0","0","0","82389","82389","82389","0","0","0","82508","82508","82508","0","0","0","82272","82272","82272","0","0","0","82329","82329","82329"
"686","0","0","0","14285","14285","14285","0","0","0","82393","82393","82393","0","0","0","82512","82512","82512","0","0","0","82276","82276","82276","0","0","0","82333","82333","82333"
"687","0","0","0","14289","14289","14289","0","0","0","82397","82397","82397","0","0","0","82516","82516","82516","0","0","0","82280","82280","82280","0","0","0","82337","82337","82337"
"688","0","0","0","14293","14293","14293","0","0","0","82401","82401","82401","0","0","0","82520","82520","82520","0","0","0","82284","82284","82284","0","0","0","82341","82341","82341"
"689","0","0","0","14297","14297","14297","0","0","0","82405","82405","82405","0","0","0","82524","82524","82524","0","0","0","82288","82288","82288","0","0","0","82345","82345","82345"
"690","0","0","0","14301","14301","14301","0","0","0","82409","82409","82409","0","0","0","82528","82528","82528","0","0","0","82292","82292","82292","0","0","0","82349","82349","82349"
"691","0","0","0","14305","14305","14305","0","0","0","82413","82413","82413","0","0","0","82532","82532","82532","0","0","0","82296","82296","82296","0","0","0","82353","82353","82353"
"692","0","0","0","14309","14309","14309","0","0","0","82417","82417","82417","0","0","0","82536","82536","82536","0","0","0","82300","82300","82300","0","0","0","82357","82357","82357"
"693","0","0","0","14468","14468","14468","0","0","0","83453","83453","83453","0","0","0","83573","83573","83573","0","0","0","83337","83337","83337","0","0","0","83398","83398","83398"
"694","0","0","0","14472","14472","14472","0","0","0","83457","83457","83457","0","0","0","83577","83577","83577","0","0","0","83341","83341","83341","0","0","0","83402","83402","83402"
"695","0","0","0","14476","14476","14476","0","0","0","83461","83461","83461","0","0","0","83581","83581","83581","0","0","0","83345","83345","83345","0","0","0","83406","83406","83406"
"696","0","0","0","14480","14480","14480","0","0","0","83465","83465","83465","0","0","0","83585","83585","83585","0","0","0","83349","83349","83349","0","0","0","83410","83410","83410"
"697","0","0","0","14484","14484","14484","0","0","0","83469","83469","83469","0","0","0","83589","83589","83589","0","0","0","83353","83353","83353","0","0","0","83414","83414","83414"
"698","0","0","0","14488","14488","14488","0","0","0","83473","83473","83473","0","0","0","83593","83593","83593","0","0","0","83357","83357","83357","0","0","0","83418","83418","83418"
"699","0","0","0","14492","14492","14492","0","0","0","83477","83477","83477","0","0","0","83597","83597","83597","0","0","0","83361","83361","83361","0","0","0","83422","83422","83422"
"700","0","0","0","14496","14496","14496","0","0","0","83481","83481","83481","0","0","0","83601","83601","83601","0","0","0","83365","83365","83365","0","0","0","83426","83426","83426"
"701","0","0","0","14500","14500","14500","0","0","0","83485","83485","83485","0","0","0","83605","83605","83605","0","0","0","83369","83369","83369","0","0","0","83430","83430","83430"
"702","0","0","0","14659","14659","14659","0","0","0","84522","84522","84522","0","0","0","84651","84651","84651","0","0","0","84405","84405","84405","0","0","0","84467","84467","84467"
"703","0","0","0","14663","14663","14663","0","0","0","84526","84526","84526","0","0","0","84655","84655","84655","0","0","0","84409","84409","84409","0","0","0","84471","84471","84471"
"704","0","0","0","14667","14667","14667","0","0","0","84530","84530","84530","0","0","0","84659","84659","84659","0","0","0","84413","84413","84413","0","0","0","84475","84475","84475"
"705","0","0","0","14671","14671","14671","0","0","0","84534","84534","84534","0","0","0","84663","84663","84663","0","0","0","84417","84417","84417","0","0","0","84479","84479","84479"
"706","0","0","0","14675","14675","14675","0","0","0","84538","84538","84538","0","0","0","84667","84667","84667","0","0","0","84421","84421","84421","0","0","0","84483","84483","84483"
"707","0","0","0","14679","14679","14679","0","0","0","84542","84542","84542","0","0","0","84671","84671","84671","0","0","0","84425","84425","84425","0","0","0","84487","84487","84487"
"708","0","0","0","14683","14683","14683","0","0","0","84546","84546","84546","0","0","0","84675","84675","84675","0","0","0","84429","84429","84429","0","0","0","84491","84491","84491"
"709","0","0","0","14687","14687","14687","0","0","0","84550","84550","84550","0","0","0","84679","84679","84679","0","0","0","84433","84433","84433","0","0","0","84495","84495","84495"
"710","0","0","0","14691","14691","14691","0","0","0","84554","84554","84554","0","0","0","84683","84683","84683","0","0","0","84437","84437","84437","0","0","0","84499","84499","84499"
"711","0","0","0","14844","14844","14844","0","0","0","85595","85595","85595","0","0","0","85719","85719","85719","0","0","0","85479","85479","85479","0","0","0","85535","85535","85535"
"712","0","0","0","14848","14848","14848","0","0","0","85599","85599","85599","0","0","0","85723","85723","85723","0","0","0","85483","85483","85483","0","0","0","85539","85539","85539"
"713","0","0","0","14852","14852","14852","0","0","0","85603","85603","85603","0","0","0","85727","85727","85727","0","0","0","85487","85487","85487","0","0","0","85543","85543","85543"
"714","0","0","0","14856","14856","14856","0","0","0","85607","85607","85607","0","0","0","85731","85731","85731","5","5","5","85496","85496","85496","0","0","0","85547","85547","85547"
"715","0","0","0","14860","14860","14860","1","1","1","85612","85612","85612","0","0","0","85735","85735","85735","0","0","0","85500","85500","85500","0","0","0","85551","85551","85551"
"716","0","0","0","14864","14864","14864","0","0","0","85616","85616","85616","0","0","0","85739","85739","85739","0","0","0","85504","85504","85504","0","0","0","85555","85555","85555"
"717","0","0","0","14868","14868","14868","0","0","0","85620","85620","85620","0","0","0","85743","85743","85743","0","0","0","85508","85508","85508","0","0","0","85559","85559","85559"
"718","0","0","0","14872","14872","14872","0","0","0","85624","85624","85624","0","0","0","85747","85747","85747","0","0","0","85512","85512","85512","0","0","0","85563","85563","85563"
"719","0","0","0","14876","14876","14876","0","0","0","85628","85628","85628","0","0","0","85751","85751","85751","0","0","0","85516","85516","85516","0","0","0","85567","85567","85567"
"720","0","0","0","15033","15033","15033","0","0","0","86663","86663","86663","0","0","0","86793","86793","86793","0","0","0","86552","86552","86552","0","0","0","86604","86604","86604"
"721","0","0","0","15037","15037","15037","0","0","0","86667","86667","86667","0","0","0","86797","86797","86797","0","0","0","86556","86556","86556","0","0","0","86608","86608","86608"
"722","0","0","0","15041","15041","15041","0","0","0","86671","86671","86671","0","0","0","86801","86801","86801","0","0","0","86560","86560","86560","0","0","0","86612","86612","86612"
"723","0","0","0","15045","15045","15045","0","0","0","86675","86675","86675","0","0","0","86805","86805","86805","0","0","0","86564","86564","86564","0","0","0","86616","86616","86616"
"724","0","0","0","15049","15049","15049","0","0","0","86679","86679","86679","0","0","0","86809","86809","86809","0","0","0","86568","86568","86568","0","0","0","86620","86620","86620"
"725","0","0","0","15053","15053","15053","0","0","0","86683","86683","86683","0","0","0","86813","86813","86813","0","0","0","86572","86572","86572","0","0","0","86624","86624","86624"
"726","0","0","0","15057","15057","15057","0","0","0","86687","86687","86687","0","0","0","86817","86817","86817","0","0","0","86576","86576","86576","0","0","0","86628","86628","86628"
"727","0","0","0","15061","15061","15061","0","0","0","86691","86691","86691","0","0","0","86821","86821","86821","0","0","0","86580","86580","86580","0","0","0","86632","86632","86632"
"728","0","0","0","15065","15065","15065","0","0","0","86695","86695","86695","0","0","0","86825","86825","86825","0","0","0","86584","86584","86584","0","0","0","86636","86636","86636"
"729","0","0","0","15218","15218","15218","0","0","0","87731","87731","87731","0","0","0","87861","87861","87861","0","0","0","87621","87621","87621","0","0","0","87672","87672","87672"
"730","0","0","0","15222","15222","15222","0","0","0","87735","87735","87735","0","0","0","87865","87865","87865","0","0","0","87625","87625","87625","0","0","0","87676","87676","87676"
"731","0","0","0","15226","15226","15226","0","0","0","87739","87739","87739","0","0","0","87869","87869","87869","0","0","0","87629","87629","87629","0","0","0","87680","87680","87680"
"732","0","0","0","15230","15230","15230","0","0","0","87743","87743","87743","0","0","0","87873","87873","87873","0","0","0","87633","87633","87633","0","0","0","87684","87684","87684"
"733","0","0","0","15234","15234","15234","0","0","0","87747","87747","87747","0","0","0","87877","87877","87877","0","0","0","87637","87637","87637","0","0","0","87688","87688","87688"
"734","0","0","0","15238","15238","15238","0","0","0","87751","87751","87751","0","0","0","87881","87881","87881","0","0","0","87641","87641","87641","0","0","0","87692","87692","87692"
"735","0","0","0","15242","15242","15242","0","0","0","87755","87755","87755","0","0","0","87885","87885","87885","0","0","0","87645","87645","87645","0","0","0","87696","87696","87696"
"736","0","0","0","15246","15246","15246","0","0","0","87759","87759","87759","0","0","0","87889","87889","87889","0","0","0","87649","87649","87649","0","0","0","87700","87700","87700"
"737","0","0","0","15250","15250","15250","0","0","0","87763","87763","87763","0","0","0","87893","87893","87893","0","0","0","87653","87653","87653","0","0","0","87704","87704","87704"
"738","0","0","0","15410","15410","15410","0","0","0","88800","88800","88800","0","0","0","88929","88929","88929","0","0","0","88688","88688","88688","0","0","0","88740","88740","88740"
"739","0","0","0","15414","15414","15414","0","0","0","88804","88804","88804","0","0","0","88933","88933","88933","0","0","0","88692","88692","88692","0","0","0","88744","88744","88744"
"740","0","0","0","15418","15418","15418","0","0","0","88808","88808","88808","0","0","0","88937","88937","88937","0","0","0","88696","88696","88696","0","0","0","88748","88748","88748"
"741","0","0","0","15422","15422","15422","0","0","0","88812","88812","88812","0","0","0","88941","88941","88941","0","0","0","88700","88700","88700","0","0","0","88752","88752","88752"
"742","0","0","0","15426","15426","15426","0","0","0","88816","88816","88816","0","0","0","88945","88945","88945","0","0","0","88704","88704","88704","0","0","0","88756","88756","88756"
"743","0","0","0","15430","15430","15430","0","0","0","88820","88820","88820","0","0","0","88949","88949","88949","0","0","0","88708","88708","88708","0","0","0","88760","88760","88760"
"744","0","0","0","15434","15434","15434","0","0","0","88824","88824","88824","0","0","0","88953","88953","88953","0","0","0","88712","88712","88712","0","0","0","88764","88764","88764"
"745","0","0","0","15438","15438","15438","0","0","0","88828","88828","88828","0","0","0","88957","88957","88957","0","0","0","88716","88716","88716","0","0","0","88768","88768","88768"
"746","0","0","0","15442","15442","15442","0","0","0","88832","88832","88832","0","0","0","88961","88961","88961","0","0","0","88720","88720","88720","0","0","0","88772","88772","88772"
"747","0","0","0","15596","15596","15596","0","0","0","89868","89868","89868","0","0","0","89998","89998","89998","0","0","0","89761","89761","89761","0","0","0","89808","89808","89808"
"748","0","0","0","15600","15600","15600","0","0","0","89872","89872","89872","0","0","0","90002","90002","90002","0","0","0","89765","89765","89765","0","0","0","89812","89812","89812"
"749","0","0","0","15604","15604","15604","0","0","0","89876","89876","89876","0","0","0","90006","90006","90006","0","0","0","89769","89769","89769","0","0","0","89816","89816","89816"
"750","0","0","0","15608","15608","15608","0","0","0","89880","89880","89880","0","0","0","90010","90010","90010","0","0","0","89773","89773","89773","0","0","0","89820","89820","89820"
"751","0","0","0","15612","15612","15612","0","0","0","89884","89884","89884","0","0","0","90014","90014","90014","0","0","0","89777","89777","89777","0","0","0","89824","89824","89824"
"752","0","0","0","15616","15616","15616","0","0","0","89888","89888","89888","0","0","0","90018","90018","90018","0","0","0","89781","89781","89781","0","0","0","89828","89828","89828"
"753","0","0","0","15620","15620","15620","0","0","0","89892","89892","89892","0","0","0","90022","90022","90022","0","0","0","89785","89785","89785","0","0","0","89832","89832","89832"
"754","0","0","0","15624","15624","15624","0","0","0","89896","89896","89896","0","0","0","90026","90026","90026","0","0","0","89789","89789","89789","0","0","0","89836","89836","89836"
"755","0","0","0","15628","15628","15628","0","0","0","89900","89900","89900","0","0","0","90030","90030","90030","0","0","0","89793","89793","89793","0","0","0","89840","89840","89840"
"756","0","0","0","15794","15794","15794","0","0","0","90936","90936","90936","0","0","0","91071","91071","91071","0","0","0","90830","90830","90830","0","0","0","90881","90881","90881"
"757","0","0","0","15798","15798","15798","0","0","0","90940","90940","90940","0","0","0","91075","91075","91075","0","0","0","90834","90834","90834","0","0","0","90885","90885","90885"
"758","0","0","0","15802","15802","15802","0","0","0","90944","90944","90944","0","0","0","91079","91079","91079","0","0","0","90838","90838","90838","0","0","0","90889","90889","90889"
"759","0","0","0","15806","15806","15806","0","0","0","90948","90948","90948","0","0","0","91083","91083","91083","0","0","0","90842","90842","90842","0","0","0","90893","90893","90893"
"760","0","0","0","15810","15810","15810","0","0","0","90952","90952","90952","0","0","0","91087","91087","91087","0","0","0","90846","90846","90846","0","0","0","90897","90897","90897"
"761","0","0","0","15814","15814","15814","0","0","0","90956","90956","90956","0","0","0","91091","91091","91091","0","0","0","90850","90850","90850","0","0","0","90901","90901","90901"
"762","0","0","0","15818","15818","15818","0","0","0","90960","90960","90960","0","0","0","91095","91095","91095","0","0","0","90854","90854","90854","0","0","0","90905","90905","90905"
"763","0","0","0","15822","15822","15822","0","0","0","90964","90964","90964","0","0","0","91099","91099","91099","0","0","0","90858","90858","90858","0","0","0","90909","90909","90909"
"764","0","0","0","15826","15826","15826","0","0","0","90968","90968","90968","0","0","0","91103","91103","91103","0","0","0","90862","90862","90862","0","0","0","90913","90913","90913"
"765","1","1","1","15984","15984","15984","0","0","0","92004","92004","92004","0","0","0","92139","92139","92139","0","0","0","91898","91898","91898","0","0","0","91954","91954","91954"
"766","0","0","0","15988","15988","15988","0","0","0","92008","92008","92008","0","0","0","92143","92143","92143","0","0","0","91902","91902","91902","0","0","0","91958","91958","91958"
"767","0","0","0","15992","15992","15992","0","0","0","92012","92012","92012","0","0","0","92147","92147","92147","0","0","0","91906","91906","91906","0","0","0","91962","91962","91962"
"768","0","0","0","15996","15996","15996","0","0","0","92016","92016","92016","0","0","0","92151","92151","92151","0","0","0","91910","91910","91910","0","0","0","91966","91966","91966"
"769","0","0","0","16000","16000","16000","0","0","0","92020","92020","92020","0","0","0","92155","92155","92155","0","0","0","91914","91914","91914","0","0","0","91970","91970","91970"
"770","0","0","0","16004","16004","16004","0","0","0","92024","92024","92024","0","0","0","92159","92159","92159","0","0","0","91918","91918","91918","0","0","0","91974","91974","91974"
"771","0","0","0","16008","16008","16008","0","0","0","92028","92028","92028","0","0","0","92163","92163","92163","0","0","0","91922","91922","91922","0","0","0","91978","91978","91978"
"772","0","0","0","16012","16012","16012","0","0","0","92032","92032","92032","0","0","0","92167","92167","92167","0","0","0","91926","91926","91926","0","0","0","91982","91982","91982"
"773","0","0","0","16016","16016","16016","0","0","0","92036","92036","92036","0","0","0","92171","92171","92171","0","0","0","91930","91930","91930","0","0","0","91986","91986","91986"
"774","0","0","0","16173","16173","16173","0","0","0","93077","93077","93077","0","0","0","93208","93208","93208","0","0","0","92971","92971","92971","0","0","0","93027","93027","93027"
"775","0","0","0","16177","16177","16177","0","0","0","93081","93081","93081","0","0","0","93212","93212","93212","0","0","0","92975","92975","92975","0","0","0","93031","93031","93031"
"776","0","0","0","16181","16181","16181","0","0","0","93085","93085","93085","0","0","0","93216","93216","93216","0","0","0","92979","92979","92979","0","0","0","93035","93035","93035"
"777","0","0","0","16185","16185","16185","0","0","0","93089","93089","93089","0","0","0","93220","93220","93220","1","1","1","92984","92984","92984","0","0","0","93039","93039","93039"
"778","0","0","0","16189","16189","16189","0","0","0","93093","93093","93093","0","0","0","93224","93224","93224","0","0","0","92988","92988","92988","0","0","0","93043","93043","93043"
"779","0","0","0","16193","16193","16193","0","0","0","93097","93097","93097","0","0","0","93228","93228","93228","0","0","0","92992","92992","92992","0","0","0","93047","93047","93047"
"780","0","0","0","16197","16197","16197","0","0","0","93101","93101","93101","0","0","0","93232","93232","93232","0","0","0","92996","92996","92996","0","0","0","93051","93051","93051"
"781","0","0","0","16201","16201","16201","0","0","0","93105","93105","93105","0","0","0","93236","93236","93236","0","0","0","93000","93000","93000","0","0","0","93055","93055","93055"
"782","0","0","0","16205","16205","16205","0","0","0","93109","93109","93109","0","0","0","93240","93240","93240","0","0","0","93004","93004","93004","0","0","0","93059","93059","93059"
"783","0","0","0","16359","16359","16359","0","0","0","94146","94146","94146","0","0","0","94276","94276","94276","0","0","0","94041","94041","94041","0","0","0","94095","94095","94095"
"784","0","0","0","16363","16363","16363","0","0","0","94150","94150","94150","0","0","0","94280","94280","94280","0","0","0","94045","94045","94045","0","0","0","94099","94099","94099"
"785","0","0","0","16367","16367","16367","0","0","0","94154","94154","94154","0","0","0","94284","94284","94284","0","0","0","94049","94049","94049","0","0","0","94103","94103","94103"
"786","0","0","0","16371","16371","16371","0","0","0","94158","94158","94158","0","0","0","94288","94288","94288","0","0","0","94053","94053","94053","0","0","0","94107","94107","94107"
"787","0","0","0","16375","16375","16375","0","0","0","94162","94162","94162","0","0","0","94292","94292","94292","0","0","0","94057","94057","94057","0","0","0","94111","94111","94111"
"788","0","0","0","16379","16379","16379","0","0","0","94166","94166","94166","0","0","0","94296","94296","94296","0","0","0","94061","94061","94061","0","0","0","94115","94115","94115"
"789","0","0","0","16383","16383","16383","0","0","0","94170","94170","94170","0","0","0","94300","94300","94300","0","0","0","94065","94065","94065","0","0","0","94119","94119","94119"
"790","0","0","0","16387","16387","16387","0","0","0","94174","94174","94174","0","0","0","94304","94304","94304","0","0","0","94069","94069","94069","0","0","0","94123","94123","94123"
"791","0","0","0","16391","16391","16391","0","0","0","94178","94178","94178","0","0","0","94308","94308","94308","0","0","0","94073","94073","94073","0","0","0","94127","94127","94127"
"792","0","0","0","16547","16547","16547","0","0","0","95214","95214","95214","0","0","0","95354","95354","95354","0","0","0","95114","95114","95114","0","0","0","95164","95164","95164"
"793","0","0","0","16551","16551","16551","0","0","0","95218","95218","95218","0","0","0","95358","95358","95358","0","0","0","95118","95118","95118","0","0","0","95168","95168","95168"
"794","0","0","0","16555","16555","16555","0","0","0","95222","95222","95222","0","0","0","95362","95362","95362","0","0","0","95122","95122","95122","0","0","0","95172","95172","95172"
"795","0","0","0","16559","16559","16559","0","0","0","95226","95226","95226","0","0","0","95366","95366","95366","2","2","2","95128","95128","95128","0","0","0","95176","95176","95176"
"796","0","0","0","16563","16563","16563","0","0","0","95230","95230","95230","0","0","0","95370","95370","95370","0","0","0","95132","95132","95132","0","0","0","95180","95180","95180"
"797","0","0","0","16567","16567","16567","0","0","0","95234","95234","95234","0","0","0","95374","95374","95374","0","0","0","95136","95136","95136","0","0","0","95184","95184","95184"
"798","0","0","0","16571","16571","16571","0","0","0","95238","95238","95238","0","0","0","95378","95378","95378","0","0","0","95140","95140","95140","0","0","0","95188","95188","95188"
"799","0","0","0","16575","16575","16575","0","0","0","95242","95242","95242","0","0","0","95382","95382","95382","0","0","0","95144","95144","95144","0","0","0","95192","95192","95192"
"800","0","0","0","16579","16579","16579","0","0","0","95246","95246","95246","0","0","0","95386","95386","95386","0","0","0","95148","95148","95148","0","0","0","95196","95196","95196"
"801","0","0","0","16739","16739","16739","0","0","0","96287","96287","96287","0","0","0","96428","96428","96428","0","0","0","96184","96184","96184","0","0","0","96231","96231","96231"
"802","0","0","0","16743","16743","16743","0","0","0","96291","96291","96291","0","0","0","96432","96432","96432","0","0","0","96188","96188","96188","0","0","0","96235","96235","96235"
"803","0","0","0","16747","16747","16747","0","0","0","96295","96295","96295","0","0","0","96436","96436","96436","0","0","0","96192","96192","96192","0","0","0","96239","96239","96239"
"804","0","0","0","16751","16751","16751","0","0","0","96299","96299","96299","0","0","0","96440","96440","96440","0","0","0","96196","96196","96196","0","0","0","96243","96243","96243"
"805","0","0","0","16755","16755","16755","0","0","0","96303","96303","96303","0","0","0","96444","96444","96444","0","0","0","96200","96200","96200","0","0","0","96247","96247","96247"
"806","0","0","0","16759","16759","16759","0","0","0","96307","96307","96307","0","0","0","96448","96448","96448","0","0","0","96204","96204","96204","0","0","0","96251","96251","96251"
"807","0","0","0","16763","16763","16763","0","0","0","96311","96311","96311","0","0","0","96452","96452","96452","0","0","0","96208","96208","96208","0","0","0","96255","96255","96255"
"808","0","0","0","16767","16767","16767","0","0","0","96315","96315","96315","0","0","0","96456","96456","96456","0","0","0","96212","96212","96212","0","0","0","96259","96259","96259"
"809","0","0","0","16771","16771","16771","0","0","0","96319","96319","96319","0","0","0","96460","96460","96460","0","0","0","96216","96216","96216","0","0","0","96263","96263","96263"
"810","0","0","0","16924","16924","16924","0","0","0","97361","97361","97361","0","0","0","97501","97501","97501","0","0","0","97252","97252","97252","0","0","0","97304","97304","97304"
"811","0","0","0","16928","16928","16928","0","0","0","97365","97365","97365","0","0","0","97505","97505","97505","0","0","0","97256","97256","97256","0","0","0","97308","97308","97308"
"812","0","0","0","16932","16932","16932","0","0","0","97369","97369","97369","0","0","0","97509","97509","97509","0","0","0","97260","97260","97260","0","0","0","97312","97312","97312"
"813","0","0","0","16936","16936","16936","0","0","0","97373","97373","97373","0","0","0","97513","97513","97513","0","0","0","97264","97264","97264","0","0","0","97316","97316","97316"
"814","0","0","0","16940","16940","16940","0","0","0","97377","97377","97377","0","0","0","97517","97517","97517","0","0","0","97268","97268","97268","0","0","0","97320","97320","97320"
"815","0","0","0","16944","16944","16944","0","0","0","97381","97381","97381","0","0","0","97521","97521","97521","0","0","0","97272","97272","97272","0","0","0","97324","97324","97324"
"816","0","0","0","16948","16948","16948","0","0","0","97385","97385","97385","0","0","0","97525","97525","97525","0","0","0","97276","97276","97276","0","0","0","97328","97328","97328"
"817","0","0","0","16952","16952","16952","0","0","0","97389","97389","97389","0","0","0","97529","97529","97529","0","0","0","97280","97280","97280","0","0","0","97332","97332","97332"
"818","0","0","0","16956","16956","16956","0","0","0","97393","97393","97393","0","0","0","97533","97533","97533","0","0","0","97284","97284","97284","0","0","0","97336","97336","97336"
"819","0","0","0","17111","17111","17111","0","0","0","98434","98434","98434","0","0","0","98570","98570","98570","0","0","0","98321","98321","98321","0","0","0","98373","98373","98373"
"820","0","0","0","17115","17115","17115","0","0","0","98438","98438","98438","0","0","0","98574","98574","98574","0","0","0","98325","98325","98325","0","0","0","98377","98377","98377"
"821","0","0","0","17119","17119","17119","0","0","0","98442","98442","98442","0","0","0","98578","98578","98578","0","0","0","98329","98329","98329","0","0","0","98381","98381","98381"
"822","0","0","0","17123","17123","17123","0","0","0","98446","98446","98446","0","0","0","98582","98582","98582","0","0","0","98333","98333","98333","0","0","0","98385","98385","98385"
"823","0","0","0","17127","17127","17127","0","0","0","98450","98450","98450","0","0","0","98586","98586","98586","0","0","0","98337","98337","98337","0","0","0","98389","98389","98389"
"824","0","0","0","17131","17131","17131","0","0","0","98454","98454","98454","0","0","0","98590","98590","98590","0","0","0","98341","98341","98341","0","0","0","98393","98393","98393"
"825","0","0","0","17135","17135","17135","0","0","0","98458","98458","98458","0","0","0","98594","98594","98594","0","0","0","98345","98345","98345","0","0","0","98397","98397","98397"
"826","0","0","0","17139","17139","17139","0","0","0","98462","98462","98462","0","0","0","98598","98598","98598","0","0","0","98349","98349","98349","0","0","0","98401","98401","98401"
"827","0","0","0","17143","17143","17143","0","0","0","98466","98466","98466","0","0","0","98602","98602","98602","0","0","0","98353","98353","98353","0","0","0","98405","98405","98405"
"828","0","0","0","17296","17296","17296","0","0","0","99507","99507","99507","0","0","0","99642","99642","99642","0","0","0","99389","99389","99389","0","0","0","99441","99441","99441"
"829","0","0","0","17300","17300","17300","0","0","0","99511","99511","99511","0","0","0","99646","99646","99646","0","0","0","99393","99393","99393","0","0","0","99445","99445","99445"
"830","0","0","0","17304","17304","17304","0","0","0","99515","99515","99515","0","0","0","99650","99650","99650","0","0","0","99397","99397","99397","0","0","0","99449","99449","99449"
"831","0","0","0","17308","17308","17308","0","0","0","99519","99519","99519","0","0","0","99654","99654","99654","0","0","0","99401","99401","99401","0","0","0","99453","99453","99453"
"832","0","0","0","17312","17312","17312","0","0","0","99523","99523","99523","0","0","0","99658","99658","99658","0","0","0","99405","99405","99405","0","0","0","99457","99457","99457"
"833","0","0","0","17316","17316","17316","0","0","0","99527","99527","99527","0","0","0","99662","99662","99662","0","0","0","99409","99409","99409","0","0","0","99461","99461","99461"
"834","0","0","0","17320","17320","17320","0","0","0","99531","99531","99531","0","0","0","99666","99666","99666","0","0","0","99413","99413","99413","0","0","0","99465","99465","99465"
"835","0","0","0","17324","17324","17324","0","0","0","99535","99535","99535","0","0","0","99670","99670","99670","0","0","0","99417","99417","99417","0","0","0","99469","99469","99469"
"836","0","0","0","17328","17328","17328","0","0","0","99539","99539","99539","0","0","0","99674","99674","99674","0","0","0","99421","99421","99421","0","0","0","99473","99473","99473"
"837","0","0","0","17480","17480","17480","0","0","0","100575","100575","100575","0","0","0","100715","100715","100715","0","0","0","100457","100457","100457","0","0","0","100515","100515","100515"
"838","0","0","0","17484","17484","17484","0","0","0","100579","100579","100579","0","0","0","100719","100719","100719","0","0","0","100461","100461","100461","0","0","0","100519","100519","100519"
"839","0","0","0","17488","17488","17488","0","0","0","100583","100583","100583","0","0","0","100723","100723","100723","0","0","0","100465","100465","100465","0","0","0","100523","100523","100523"
"840","0","0","0","17492","17492","17492","0","0","0","100587","100587","100587","0","0","0","100727","100727","100727","0","0","0","100469","100469","100469","0","0","0","100527","100527","100527"
"841","0","0","0","17496","17496","17496","0","0","0","100591","100591","100591","0","0","0","100731","100731","100731","0","0","0","100473","100473","100473","0","0","0","100531","100531","100531"
"842","0","0","0","17500","17500","17500","0","0","0","100595","100595","100595","0","0","0","100735","100735","100735","0","0","0","100477","100477","100477","0","0","0","100535","100535","100535"
"843","0","0","0","17504","17504","17504","0","0","0","100599","100599","100599","0","0","0","100739","100739","100739","0","0","0","100481","100481","100481","0","0","0","100539","100539","100539"
"844","0","0","0","17508","17508","17508","0","0","0","100603","100603","100603","0","0","0","100743","100743","100743","0","0","0","100485","100485","100485","0","0","0","100543","100543","100543"
"845","0","0","0","17512","17512","17512","0","0","0","100607","100607","100607","0","0","0","100747","100747","100747","0","0","0","100489","100489","100489","0","0","0","100547","100547","100547"
"846","0","0","0","17673","17673","17673","0","0","0","101648","101648","101648","0","0","0","101784","101784","101784","0","0","0","101526","101526","101526","0","0","0","101583","101583","101583"
"847","0","0","0","17677","17677","17677","0","0","0","101652","101652","101652","0","0","0","101788","101788","101788","0","0","0","101530","101530","101530","0","0","0","101587","101587","101587"
"848","0","0","0","17681","17681","17681","0","0","0","101656","101656","101656","0","0","0","101792","101792","101792","0","0","0","101534","101534","101534","0","0","0","101591","101591","101591"
"849","0","0","0","17685","17685","17685","0","0","0","101660","101660","101660","0","0","0","101796","101796","101796","5","5","5","101543","101543","101543","0","0","0","101595","101595","101595"
"850","0","0","0","17689","17689","17689","0","0","0","101664","101664","101664","0","0","0","101800","101800","101800","0","0","0","101547","101547","101547","0","0","0","101599","101599","101599"
"851","0","0","0","17693","17693","17693","0","0","0","101668","101668","101668","0","0","0","101804","101804","101804","0","0","0","101551","101551","101551","0","0","0","101603","101603","101603"
"852","0","0","0","17697","17697","17697","0","0","0","101672","101672","101672","0","0","0","101808","101808","101808","0","0","0","101555","101555","101555","0","0","0","101607","101607","101607"
"853","0","0","0","17701","17701","17701","0","0","0","101676","101676","101676","0","0","0","101812","101812","101812","0","0","0","101559","101559","101559","0","0","0","101611","101611","101611"
"854","0","0","0","17705","17705","17705","0","0","0","101680","101680","101680","0","0","0","101816","101816","101816","0","0","0","101563","101563","101563","0","0","0","101615","101615","101615"
"855","0","0","0","17870","17870","17870","0","0","0","102721","102721","102721","0","0","0","102852","102852","102852","0","0","0","102599","102599","102599","0","0","0","102656","102656","102656"
"856","0","0","0","17874","17874","17874","0","0","0","102725","102725","102725","0","0","0","102856","102856","102856","0","0","0","102603","102603","102603","0","0","0","102660","102660","102660"
"857","0","0","0","17878","17878","17878","0","0","0","102729","102729","102729","0","0","0","102860","102860","102860","0","0","0","102607","102607","102607","0","0","0","102664","102664","102664"
"858","0","0","0","17882","17882","17882","0","0","0","102733","102733","102733","0","0","0","102864","102864","102864","0","0","0","102611","102611","102611","0","0","0","102668","102668","102668"
"859","0","0","0","17886","17886","17886","0","0","0","102737","102737","102737","0","0","0","102868","102868","102868","0","0","0","102615","102615","102615","0","0","0","102672","102672","102672"
"860","0","0","0","17890","17890","17890","0","0","0","102741","102741","102741","0","0","0","102872","102872","102872","0","0","0","102619","102619","102619","0","0","0","102676","102676","102676"
"861","0","0","0","17894","17894","17894","0","0","0","102745","102745","102745","0","0","0","102876","102876","102876","0","0","0","102623","102623","102623","0","0","0","102680","102680","102680"
"862","0","0","0","17898","17898","17898","0","0","0","102749","102749","102749","0","0","0","102880","102880","102880","0","0","0","102627","102627","102627","0","0","0","102684","102684","102684"
"863","0","0","0","17902","17902","17902","0","0","0","102753","102753","102753","0","0","0","102884","102884","102884","0","0","0","102631","102631","102631","0","0","0","102688","102688","102688"
"864","0","0","0","18059","18059","18059","0","0","0","103789","103789","103789","0","0","0","103925","103925","103925","0","0","0","103672","103672","103672","0","0","0","103725","103725","103725"
"865","0","0","0","18063","18063","18063","0","0","0","103793","103793","103793","0","0","0","103929","103929","103929","0","0","0","103676","103676","103676","0","0","0","103729","103729","103729"
"866","0","0","0","18067","18067","18067","0","0","0","103797","103797","103797","0","0","0","103933","103933","103933","0","0","0","103680","103680","103680","0","0","0","103733","103733","103733"
"867","0","0","0","18071","18071","18071","0","0","0","103801","103801","103801","0","0","0","103937","103937","103937","0","0","0","103684","103684","103684","0","0","0","103737","103737","103737"
"868","0","0","0","18075","18075","18075","1","1","1","103806","103806","103806","0","0","0","103941","103941","103941","0","0","0","103688","103688","103688","0","0","0","103741","103741","103741"
"869","0","0","0","18079","18079","18079","0","0","0","103810","103810","103810","0","0","0","103945","103945","103945","0","0","0","103692","103692","103692","0","0","0","103745","103745","103745"
"870","0","0","0","18083","18083","18083","0","0","0","103814","103814","103814","0","0","0","103949","103949","103949","0","0","0","103696","103696","103696","0","0","0","103749","103749","103749"
"871","0","0","0","18087","18087","18087","0","0","0","103818","103818","103818","0","0","0","103953","103953","103953","0","0","0","103700","103700","103700","0","0","0","103753","103753","103753"
"872","0","0","0","18091","18091","18091","0","0","0","103822","103822","103822","0","0","0","103957","103957","103957","0","0","0","103704","103704","103704","0","0","0","103757","103757","103757"
"873","0","0","0","18249","18249","18249","0","0","0","104858","104858","104858","0","0","0","104993","104993","104993","0","0","0","104745","104745","104745","0","0","0","104798","104798","104798"
"874","0","0","0","18253","18253","18253","0","0","0","104862","104862","104862","0","0","0","104997","104997","104997","0","0","0","104749","104749","104749","0","0","0","104802","104802","104802"
"875","0","0","0","18257","18257","18257","0","0","0","104866","104866","104866","0","0","0","105001","105001","105001","0","0","0","104753","104753","104753","0","0","0","104806","104806","104806"
"876","0","0","0","18261","18261","18261","0","0","0","104870","104870","104870","0","0","0","105005","105005","105005","0","0","0","104757","104757","104757","0","0","0","104810","104810","104810"
"877","0","0","0","18265","18265","18265","0","0","0","104874","104874","104874","0","0","0","105009","105009","105009","0","0","0","104761","104761","104761","0","0","0","104814","104814","104814"
"878","0","0","0","18269","18269","18269","0","0","0","104878","104878","104878","0","0","0","105013","105013","105013","0","0","0","104765","104765","104765","0","0","0","104818","104818","104818"
"879","0","0","0","18273","18273","18273","0","0","0","104882","104882","104882","0","0","0","105017","105017","105017","0","0","0","104769","104769","104769","0","0","0","104822","104822","104822"
"880","0","0","0","18277","18277","18277","0","0","0","104886","104886","104886","0","0","0","105021","105021","105021","0","0","0","104773","104773","104773","0","0","0","104826","104826","104826"
"881","0","0","0","18281","18281","18281","0","0","0","104890","104890","104890","0","0","0","105025","105025","105025","0","0","0","104777","104777","104777","0","0","0","104830","104830","104830"
"882","0","0","0","18436","18436","18436","0","0","0","105926","105926","105926","0","0","0","106067","106067","106067","0","0","0","105813","105813","105813","0","0","0","105866","105866","105866"
"883","0","0","0","18440","18440","18440","0","0","0","105930","105930","105930","0","0","0","106071","106071","106071","0","0","0","105817","105817","105817","0","0","0","105870","105870","105870"
"884","0","0","0","18444","18444","18444","0","0","0","105934","105934","105934","0","0","0","106075","106075","106075","0","0","0","105821","105821","105821","0","0","0","105874","105874","105874"
"885","0","0","0","18448","18448","18448","0","0","0","105938","105938","105938","0","0","0","106079","106079","106079","0","0","0","105825","105825","105825","0","0","0","105878","105878","105878"
"886","0","0","0","18452","18452","18452","0","0","0","105942","105942","105942","0","0","0","106083","106083","106083","0","0","0","105829","105829","105829","0","0","0","105882","105882","105882"
"887","0","0","0","18456","18456","18456","0","0","0","105946","105946","105946","0","0","0","106087","106087","106087","0","0","0","105833","105833","105833","0","0","0","105886","105886","105886"
"888","0","0","0","18460","18460","18460","0","0","0","105950","105950","105950","0","0","0","106091","106091","106091","0","0","0","105837","105837","105837","0","0","0","105890","105890","105890"
"889","0","0","0","18464","18464","18464","0","0","0","105954","105954","105954","0","0","0","106095","106095","106095","0","0","0","105841","105841","105841","0","0","0","105894","105894","105894"
"890","0","0","0","18468","18468","18468","0","0","0","105958","105958","105958","0","0","0","106099","106099","106099","0","0","0","105845","105845","105845","0","0","0","105898","105898","105898"
"891","0","0","0","18621","18621","18621","0","0","0","106994","106994","106994","0","0","0","107135","107135","107135","0","0","0","106882","106882","106882","0","0","0","106940","106940","106940"
"892","0","0","0","18625","18625","18625","0","0","0","106998","106998","106998","0","0","0","107139","107139","107139","0","0","0","106886","106886","106886","0","0","0","106944","106944","106944"
"893","0","0","0","18629","18629","18629","0","0","0","107002","107002","107002","0","0","0","107143","107143","107143","0","0","0","106890","106890","106890","0","0","0","106948","106948","106948"
"894","0","0","0","18633","18633","18633","0","0","0","107006","107006","107006","0","0","0","107147","107147","107147","0","0","0","106894","106894","106894","5","5","5","106952","106952","106952"
"895","0","0","0","18637","18637","18637","0","0","0","107010","107010","107010","0","0","0","107151","107151","107151","0","0","0","106898","106898","106898","0","0","0","106956","106956","106956"
"896","0","0","0","18641","18641","18641","0","0","0","107014","107014","107014","0","0","0","107155","107155","107155","0","0","0","106902","106902","106902","0","0","0","106960","106960","106960"
"897","0","0","0","18645","18645","18645","0","0","0","107018","107018","107018","0","0","0","107159","107159","107159","0","0","0","106906","106906","106906","0","0","0","106964","106964","106964"
"898","0","0","0","18649","18649","18649","0","0","0","107022","107022","107022","0","0","0","107163","107163","107163","0","0","0","106910","106910","106910","0","0","0","106968","106968","106968"
"899","0","0","0","18653","18653","18653","0","0","0","107026","107026","107026","0","0","0","107167","107167","107167","0","0","0","106914","106914","106914","0","0","0","106972","106972","106972"
"900","0","0","0","18806","18806","18806","0","0","0","108063","108063","108063","0","0","0","108204","108204","108204","0","0","0","107951","107951","107951","0","0","0","108012","108012","108012"
"901","0","0","0","18810","18810","18810","0","0","0","108067","108067","108067","0","0","0","108208","108208","108208","0","0","0","107955","107955","107955","0","0","0","108016","108016","108016"
"902","0","0","0","18814","18814","18814","0","0","0","108071","108071","108071","0","0","0","108212","108212","108212","0","0","0","107959","107959","107959","0","0","0","108020","108020","108020"
"903","0","0","0","18818","18818","18818","0","0","0","108075","108075","108075","0","0","0","108216","108216","108216","0","0","0","107963","107963","107963","0","0","0","108024","108024","108024"
"904","0","0","0","18822","18822","18822","0","0","0","108079","108079","108079","0","0","0","108220","108220","108220","0","0","0","107967","107967","107967","0","0","0","108028","108028","108028"
"905","0","0","0","18826","18826","18826","0","0","0","108083","108083","108083","0","0","0","108224","108224","108224","0","0","0","107971","107971","107971","0","0","0","108032","108032","108032"
"906","0","0","0","18830","18830","18830","0","0","0","108087","108087","108087","0","0","0","108228","108228","108228","0","0","0","107975","107975","107975","0","0","0","108036","108036","108036"
"907","0","0","0","18834","18834","18834","0","0","0","108091","108091","108091","0","0","0","108232","108232","108232","0","0","0","107979","107979","107979","0","0","0","108040","108040","108040"
"908","0","0","0","18838","18838","18838","0","0","0","108095","108095","108095","0","0","0","108236","108236","108236","0","0","0","107983","107983","107983","0","0","0","108044","108044","108044"
"909","0","0","0","18991","18991","18991","0","0","0","109136","109136","109136","0","0","0","109277","109277","109277","0","0","0","109019","109019","109019","0","0","0","109081","109081","109081"
"910","0","0","0","18995","18995","18995","0","0","0","109140","109140","109140","0","0","0","109281","109281","109281","0","0","0","109023","109023","109023","0","0","0","109085","109085","109085"
"911","0","0","0","18999","18999","18999","0","0","0","109144","109144","109144","0","0","0","109285","109285","109285","0","0","0","109027","109027","109027","0","0","0","109089","109089","109089"
"912","0","0","0","19003","19003","19003","0","0","0","109148","109148","109148","0","0","0","109289","109289","109289","0","0","0","109031","109031","109031","0","0","0","109093","109093","109093"
"913","0","0","0","19007","19007","19007","0","0","0","109152","109152","109152","0","0","0","109293","109293","109293","0","0","0","109035","109035","109035","0","0","0","109097","109097","109097"
"914","0","0","0","19011","19011","19011","0","0","0","109156","109156","109156","0","0","0","109297","109297","109297","0","0","0","109039","109039","109039","0","0","0","109101","109101","109101"
"915","0","0","0","19015","19015","19015","0","0","0","109160","109160","109160","0","0","0","109301","109301","109301","0","0","0","109043","109043","109043","0","0","0","109105","109105","109105"
"916","0","0","0","19019","19019","19019","0","0","0","109164","109164","109164","0","0","0","109305","109305","109305","0","0","0","109047","109047","109047","0","0","0","109109","109109","109109"
"917","0","0","0","19023","19023","19023","0","0","0","109168","109168","109168","0","0","0","109309","109309","109309","0","0","0","109051","109051","109051","0","0","0","109113","109113","109113"
"918","0","0","0","19192","19192","19192","0","0","0","110204","110204","110204","0","0","0","110349","110349","110349","0","0","0","110087","110087","110087","0","0","0","110149","110149","110149"
"919","0","0","0","19196","19196","19196","0","0","0","110208","110208","110208","0","0","0","110353","110353","110353","0","0","0","110091","110091","110091","0","0","0","110153","110153","110153"
"920","0","0","0","19200","19200","19200","0","0","0","110212","110212","110212","0","0","0","110357","110357","110357","0","0","0","110095","110095","110095","0","0","0","110157","110157","110157"
"921","0","0","0","19204","19204","19204","0","0","0","110216","110216","110216","0","0","0","110361","110361","110361","0","0","0","110099","110099","110099","0","0","0","110161","110161","110161"
"922","0","0","0","19208","19208","19208","0","0","0","110220","110220","110220","0","0","0","110365","110365","110365","0","0","0","110103","110103","110103","0","0","0","110165","110165","110165"
"923","0","0","0","19212","19212","19212","0","0","0","110224","110224","110224","0","0","0","110369","110369","110369","0","0","0","110107","110107","110107","0","0","0","110169","110169","110169"
"924","0","0","0","19216","19216","19216","0","0","0","110228","110228","110228","0","0","0","110373","110373","110373","0","0","0","110111","110111","110111","0","0","0","110173","110173","110173"
"925","0","0","0","19220","19220","19220","0","0","0","110232","110232","110232","0","0","0","110377","110377","110377","0","0","0","110115","110115","110115","0","0","0","110177","110177","110177"
"926","0","0","0","19224","19224","19224","0","0","0","110236","110236","110236","0","0","0","110381","110381","110381","0","0","0","110119","110119","110119","0","0","0","110181","110181","110181"
"927","0","0","0","19377","19377","19377","0","0","0","111272","111272","111272","0","0","0","111417","111417","111417","0","0","0","111156","111156","111156","0","0","0","111217","111217","111217"
"928","0","0","0","19381","19381","19381","0","0","0","111276","111276","111276","0","0","0","111421","111421","111421","0","0","0","111160","111160","111160","0","0","0","111221","111221","111221"
"929","0","0","0","19385","19385","19385","0","0","0","111280","111280","111280","0","0","0","111425","111425","111425","0","0","0","111164","111164","111164","0","0","0","111225","111225","111225"
"930","0","0","0","19389","19389","19389","0","0","0","111284","111284","111284","0","0","0","111429","111429","111429","0","0","0","111168","111168","111168","0","0","0","111229","111229","111229"
"931","0","0","0","19393","19393","19393","0","0","0","111288","111288","111288","0","0","0","111433","111433","111433","0","0","0","111172","111172","111172","0","0","0","111233","111233","111233"
"932","0","0","0","19397","19397","19397","0","0","0","111292","111292","111292","0","0","0","111437","111437","111437","0","0","0","111176","111176","111176","0","0","0","111237","111237","111237"
"933","0","0","0","19401","19401","19401","0","0","0","111296","111296","111296","0","0","0","111441","111441","111441","0","0","0","111180","111180","111180","0","0","0","111241","111241","111241"
"934","0","0","0","19405","19405","19405","0","0","0","111300","111300","111300","0","0","0","111445","111445","111445","0","0","0","111184","111184","111184","0","0","0","111245","111245","111245"
"935","0","0","0","19409","19409","19409","0","0","0","111304","111304","111304","0","0","0","111449","111449","111449","0","0","0","111188","111188","111188","0","0","0","111249","111249","111249"
"936","0","0","0","19570","19570","19570","0","0","0","112340","112340","112340","0","0","0","112490","112490","112490","0","0","0","112224","112224","112224","0","0","0","112286","112286","112286"
"937","0","0","0","19574","19574","19574","0","0","0","112344","112344","112344","0","0","0","112494","112494","112494","0","0","0","112228","112228","112228","0","0","0","112290","112290","112290"
"938","0","0","0","19578","19578","19578","0","0","0","112348","112348","112348","0","0","0","112498","112498","112498","0","0","0","112232","112232","112232","0","0","0","112294","112294","112294"
"939","0","0","0","19582","19582","19582","0","0","0","112352","112352","112352","0","0","0","112502","112502","112502","0","0","0","112236","112236","112236","0","0","0","112298","112298","112298"
"940","0","0","0","19586","19586","19586","0","0","0","112356","112356","112356","0","0","0","112506","112506","112506","0","0","0","112240","112240","112240","0","0","0","112302","112302","112302"
"941","0","0","0","19590","19590","19590","0","0","0","112360","112360","112360","0","0","0","112510","112510","112510","0","0","0","112244","112244","112244","0","0","0","112306","112306","112306"
"942","0","0","0","19594","19594","19594","0","0","0","112364","112364","112364","0","0","0","112514","112514","112514","0","0","0","112248","112248","112248","0","0","0","112310","112310","112310"
"943","0","0","0","19598","19598","19598","0","0","0","112368","112368","112368","0","0","0","112518","112518","112518","0","0","0","112252","112252","112252","0","0","0","112314","112314","112314"
"944","0","0","0","19602","19602","19602","0","0","0","112372","112372","112372","0","0","0","112522","112522","112522","0","0","0","112256","112256","112256","0","0","0","112318","112318","112318"
"945","0","0","0","19753","19753","19753","0","0","0","113409","113409","113409","0","0","0","113563","113563","113563","0","0","0","113297","113297","113297","0","0","0","113364","113364","113364"
"946","0","0","0","19757","19757","19757","0","0","0","113413","113413","113413","0","0","0","113567","113567","113567","0","0","0","113301","113301","113301","0","0","0","113368","113368","113368"
"947","0","0","0","19761","19761","19761","0","0","0","113417","113417","113417","0","0","0","113571","113571","113571","0","0","0","113305","113305","113305","0","0","0","113372","113372","113372"
"948","0","0","0","19765","19765","19765","0","0","0","113421","113421","113421","0","0","0","113575","113575","113575","0","0","0","113309","113309","113309","0","0","0","113376","113376","113376"
"949","0","0","0","19769","19769","19769","0","0","0","113425","113425","113425","0","0","0","113579","113579","113579","0","0","0","113313","113313","113313","0","0","0","113380","113380","113380"
"950","0","0","0","19773","19773","19773","0","0","0","113429","113429","113429","0","0","0","113583","113583","113583","0","0","0","113317","113317","113317","0","0","0","113384","113384","113384"
"951","0","0","0","19777","19777","19777","0","0","0","113433","113433","113433","0","0","0","113587","113587","113587","0","0","0","113321","113321","113321","0","0","0","113388","113388","113388"
"952","0","0","0","19781","19781","19781","0","0","0","113437","113437","113437","0","0","0","113591","113591","113591","0","0","0","113325","113325","113325","0","0","0","113392","113392","113392"
"953","0","0","0","19785","19785","19785","0","0","0","113441","113441","113441","0","0","0","113595","113595","113595","0","0","0","113329","113329","113329","0","0","0","113396","113396","113396"
"954","0","0","0","19944","19944","19944","0","0","0","114478","114478","114478","0","0","0","114631","114631","114631","0","0","0","114365","114365","114365","0","0","0","114432","114432","114432"
"955","0","0","0","19948","19948","19948","0","0","0","114482","114482","114482","0","0","0","114635","114635","114635","0","0","0","114369","114369","114369","0","0","0","114436","114436","114436"
"956","0","0","0","19952","19952","19952","0","0","0","114486","114486","114486","0","0","0","114639","114639","114639","0","0","0","114373","114373","114373","0","0","0","114440","114440","114440"
"957","0","0","0","19956","19956","19956","0","0","0","114490","114490","114490","0","0","0","114643","114643","114643","0","0","0","114377","114377","114377","0","0","0","114444","114444","114444"
"958","0","0","0","19960","19960","19960","0","0","0","114494","114494","114494","0","0","0","114647","114647","114647","0","0","0","114381","114381","114381","0","0","0","114448","114448","114448"
"959","0","0","0","19964","19964","19964","0","0","0","114498","114498","114498","0","0","0","114651","114651","114651","0","0","0","114385","114385","114385","0","0","0","114452","114452","114452"
"960","0","0","0","19968","19968","19968","0","0","0","114502","114502","114502","0","0","0","114655","114655","114655","0","0","0","114389","114389","114389","0","0","0","114456","114456","114456"
"961","0","0","0","19972","19972","19972","0","0","0","114506","114506","114506","0","0","0","114659","114659","114659","0","0","0","114393","114393","114393","0","0","0","114460","114460","114460"
"962","0","0","0","19976","19976","19976","0","0","0","114510","114510","114510","0","0","0","114663","114663","114663","0","0","0","114397","114397","114397","0","0","0","114464","114464","114464"
"963","0","0","0","20128","20128","20128","0","0","0","115550","115550","115550","0","0","0","115699","115699","115699","0","0","0","115439","115439","115439","0","0","0","115500","115500","115500"
"964","0","0","0","20132","20132","20132","0","0","0","115554","115554","115554","0","0","0","115703","115703","115703","0","0","0","115443","115443","115443","0","0","0","115504","115504","115504"
"965","0","0","0","20136","20136","20136","0","0","0","115558","115558","115558","0","0","0","115707","115707","115707","0","0","0","115447","115447","115447","0","0","0","115508","115508","115508"
"966","0","0","0","20140","20140","20140","0","0","0","115562","115562","115562","0","0","0","115711","115711","115711","0","0","0","115451","115451","115451","0","0","0","115512","115512","115512"
"967","0","0","0","20144","20144","20144","0","0","0","115566","115566","115566","0","0","0","115715","115715","115715","0","0","0","115455","115455","115455","0","0","0","115516","115516","115516"
"968","0","0","0","20148","20148","20148","0","0","0","115570","115570","115570","0","0","0","115719","115719","115719","0","0","0","115459","115459","115459","0","0","0","115520","115520","115520"
"969","0","0","0","20152","20152","20152","0","0","0","115574","115574","115574","0","0","0","115723","115723","115723","0","0","0","115463","115463","115463","0","0","0","115524","115524","115524"
"970","0","0","0","20156","20156","20156","0","0","0","115578","115578","115578","0","0","0","115727","115727","115727","0","0","0","115467","115467","115467","0","0","0","115528","115528","115528"
"971","0","0","0","20160","20160","20160","0","0","0","115582","115582","115582","0","0","0","115731","115731","115731","0","0","0","115471","115471","115471","0","0","0","115532","115532","115532"
"972","0","0","0","20319","20319","20319","0","0","0","116617","116617","116617","0","0","0","116778","116778","116778","0","0","0","116507","116507","116507","0","0","0","116569","116569","116569"
"973","0","0","0","20323","20323","20323","0","0","0","116621","116621","116621","0","0","0","116782","116782","116782","0","0","0","116511","116511","116511","0","0","0","116573","116573","116573"
"974","0","0","0","20327","20327","20327","0","0","0","116625","116625","116625","0","0","0","116786","116786","116786","0","0","0","116515","116515","116515","0","0","0","116577","116577","116577"
"975","0","0","0","20331","20331","20331","0","0","0","116629","116629","116629","0","0","0","116790","116790","116790","0","0","0","116519","116519","116519","0","0","0","116581","116581","116581"
"976","0","0","0","20335","20335","20335","0","0","0","116633","116633","116633","0","0","0","116794","116794","116794","0","0","0","116523","116523","116523","0","0","0","116585","116585","116585"
"977","0","0","0","20339","20339","20339","0","0","0","116637","116637","116637","0","0","0","116798","116798","116798","0","0","0","116527","116527","116527","0","0","0","116589","116589","116589"
"978","0","0","0","20343","20343","20343","0","0","0","116641","116641","116641","0","0","0","116802","116802","116802","0","0","0","116531","116531","116531","0","0","0","116593","116593","116593"
"979","0","0","0","20347","20347","20347","0","0","0","116645","116645","116645","0","0","0","116806","116806","116806","0","0","0","116535","116535","116535","0","0","0","116597","116597","116597"
"980","0","0","0","20351","20351","20351","0","0","0","116649","116649","116649","0","0","0","116810","116810","116810","0","0","0","116539","116539","116539","0","0","0","116601","116601","116601"
"981","0","0","0","20503","20503","20503","0","0","0","117691","117691","117691","0","0","0","117847","117847","117847","0","0","0","117575","117575","117575","0","0","0","117637","117637","117637"
"982","0","0","0","20507","20507","20507","0","0","0","117695","117695","117695","0","0","0","117851","117851","117851","0","0","0","117579","117579","117579","0","0","0","117641","117641","117641"
"983","0","0","0","20511","20511","20511","0","0","0","117699","117699","117699","0","0","0","117855","117855","117855","0","0","0","117583","117583","117583","0","0","0","117645","117645","117645"
"984","0","0","0","20515","20515","20515","0","0","0","117703","117703","117703","0","0","0","117859","117859","117859","0","0","0","117587","117587","117587","0","0","0","117649","117649","117649"
"985","0","0","0","20519","20519","20519","0","0","0","117707","117707","117707","0","0","0","117863","117863","117863","0","0","0","117591","117591","117591","0","0","0","117653","117653","117653"
"986","0","0","0","20523","20523","20523","0","0","0","117711","117711","117711","0","0","0","117867","117867","117867","0","0","0","117595","117595","117595","0","0","0","117657","117657","117657"
"987","0","0","0","20527","20527","20527","0","0","0","117715","117715","117715","0","0","0","117871","117871","117871","0","0","0","117599","117599","117599","0","0","0","117661","117661","117661"
"988","0","0","0","20531","20531","20531","0","0","0","117719","117719","117719","0","0","0","117875","117875","117875","0","0","0","117603","117603","117603","0","0","0","117665","117665","117665"
"989","0","0","0","20535","20535","20535","0","0","0","117723","117723","117723","0","0","0","117879","117879","117879","0","0","0","117607","117607","117607","0","0","0","117669","117669","117669"
"990","0","0","0","20689","20689","20689","0","0","0","118769","118769","118769","0","0","0","118915","118915","118915","0","0","0","118644","118644","118644","0","0","0","118705","118705","118705"
"991","0","0","0","20693","20693","20693","0","0","0","118773","118773","118773","0","0","0","118919","118919","118919","0","0","0","118648","118648","118648","0","0","0","118709","118709","118709"
"992","0","0","0","20697","20697","20697","0","0","0","118777","118777","118777","0","0","0","118923","118923","118923","0","0","0","118652","118652","118652","0","0","0","118713","118713","118713"
"993","0","0","0","20701","20701","20701","0","0","0","118781","118781","118781","0","0","0","118927","118927","118927","0","0","0","118656","118656","118656","4","4","4","118717","118717","118717"
"994","0","0","0","20705","20705","20705","0","0","0","118785","118785","118785","0","0","0","118931","118931","118931","0","0","0","118660","118660","118660","0","0","0","118721","118721","118721"
"995","0","0","0","20709","20709","20709","0","0","0","118789","118789","118789","0","0","0","118935","118935","118935","0","0","0","118664","118664","118664","0","0","0","118725","118725","118725"
"996","0","0","0","20713","20713","20713","0","0","0","118793","118793","118793","0","0","0","118939","118939","118939","0","0","0","118668","118668","118668","0","0","0","118729","118729","118729"
"997","0","0","0","20717","20717","20717","0","0","0","118797","118797","118797","0","0","0","118943","118943","118943","0","0","0","118672","118672","118672","0","0","0","118733","118733","118733"
"998","0","0","0","20721","20721","20721","0","0","0","118801","118801","118801","0","0","0","118947","118947","118947","0","0","0","118676","118676","118676","0","0","0","118737","118737","118737"
"999","0","0","0","20877","20877","20877","0","0","0","119837","119837","119837","0","0","0","119983","119983","119983","0","0","0","119712","119712","119712","0","0","0","119772","119772","119772"
"1000","0","0","0","20881","20881","20881","0","0","0","119841","119841","119841","0","0","0","119987","119987","119987","0","0","0","119716","119716","119716","0","0","0","119776","119776","119776"
"1001","0","0","0","20885","20885","20885","0","0","0","119845","119845","119845","0","0","0","119991","119991","119991","0","0","0","119720","119720","119720","0","0","0","119780","119780","119780"
"1002","0","0","0","20889","20889","20889","0","0","0","119849","119849","119849","0","0","0","119995","119995","119995","0","0","0","119724","119724","119724","0","0","0","119784","119784","119784"
"1003","0","0","0","20893","20893","20893","0","0","0","119853","119853","119853","0","0","0","119999","119999","119999","0","0","0","119728","119728","119728","0","0","0","119788","119788","119788"
"1004","0","0","0","20897","20897","20897","0","0","0","119857","119857","119857","0","0","0","120003","120003","120003","0","0","0","119732","119732","119732","0","0","0","119792","119792","119792"
"1005","0","0","0","20901","20901","20901","0","0","0","119861","119861","119861","0","0","0","120007","120007","120007","0","0","0","119736","119736","119736","0","0","0","119796","119796","119796"
"1006","0","0","0","20905","20905","20905","0","0","0","119865","119865","119865","0","0","0","120011","120011","120011","0","0","0","119740","119740","119740","0","0","0","119800","119800","119800"
"1007","0","0","0","20909","20909","20909","0","0","0","119869","119869","119869","0","0","0","120015","120015","120015","0","0","0","119744","119744","119744","0","0","0","119804","119804","119804"
"1008","0","0","0","21066","21066","21066","0","0","0","120905","120905","120905","0","0","0","121051","121051","121051","0","0","0","120780","120780","120780","0","0","0","120855","120855","120855"
"1009","0","0","0","21070","21070","21070","0","0","0","120909","120909","120909","0","0","0","121055","121055","121055","0","0","0","120784","120784","120784","0","0","0","120859","120859","120859"
"1010","0","0","0","21074","21074","21074","0","0","0","120913","120913","120913","0","0","0","121059","121059","121059","0","0","0","120788","120788","120788","0","0","0","120863","120863","120863"
"1011","0","0","0","21078","21078","21078","0","0","0","120917","120917","120917","0","0","0","121063","121063","121063","0","0","0","120792","120792","120792","0","0","0","120867","120867","120867"
"1012","0","0","0","21082","21082","21082","0","0","0","120921","120921","120921","0","0","0","121067","121067","121067","0","0","0","120796","120796","120796","0","0","0","120871","120871","120871"
"1013","0","0","0","21086","21086","21086","0","0","0","120925","120925","120925","0","0","0","121071","121071","121071","0","0","0","120800","120800","120800","0","0","0","120875","120875","120875"
"1014","0","0","0","21090","21090","21090","0","0","0","120929","120929","120929","0","0","0","121075","121075","121075","0","0","0","120804","120804","120804","0","0","0","120879","120879","120879"
"1015","0","0","0","21094","21094","21094","0","0","0","120933","120933","120933","0","0","0","121079","121079","121079","0","0","0","120808","120808","120808","0","0","0","120883","120883","120883"
"1016","0","0","0","21098","21098","21098","0","0","0","120937","120937","120937","0","0","0","121083","121083","121083","0","0","0","120812","120812","120812","0","0","0","120887","120887","120887"
"1017","0","0","0","21249","21249","21249","0","0","0","121979","121979","121979","0","0","0","122119","122119","122119","0","0","0","121849","121849","121849","0","0","0","121923","121923","121923"
"1018","0","0","0","21253","21253","21253","0","0","0","121983","121983","121983","0","0","0","122123","122123","122123","0","0","0","121853","121853","121853","0","0","0","121927","121927","121927"
"1019","0","0","0","21257","21257","21257","0","0","0","121987","121987","121987","0","0","0","122127","122127","122127","0","0","0","121857","121857","121857","0","0","0","121931","121931","121931"
"1020","0","0","0","21261","21261","21261","0","0","0","121991","121991","121991","0","0","0","122131","122131","122131","1","1","1","121862","121862","121862","0","0","0","121935","121935","121935"
"1021","0","0","0","21265","21265","21265","0","0","0","121995","121995","121995","0","0","0","122135","122135","122135","0","0","0","121866","121866","121866","0","0","0","121939","121939","121939"
"1022","0","0","0","21269","21269","21269","0","0","0","121999","121999","121999","0","0","0","122139","122139","122139","0","0","0","121870","121870","121870","0","0","0","121943","121943","121943"
"1023","0","0","0","21273","21273","21273","0","0","0","122003","122003","122003","0","0","0","122143","122143","122143","0","0","0","121874","121874","121874","0","0","0","121947","121947","121947"
"1024","0","0","0","21277","21277","21277","0","0","0","122007","122007","122007","0","0","0","122147","122147","122147","0","0","0","121878","121878","121878","0","0","0","121951","121951","121951"
"1025","0","0","0","21281","21281","21281","0","0","0","122011","122011","122011","0","0","0","122151","122151","122151","0","0","0","121882","121882","121882","0","0","0","121955","121955","121955"
"1026","0","0","0","21439","21439","21439","0","0","0","123047","123047","123047","0","0","0","123193","123193","123193","0","0","0","122918","122918","122918","0","0","0","122991","122991","122991"
"1027","0","0","0","21443","21443","21443","0","0","0","123051","123051","123051","0","0","0","123197","123197","123197","0","0","0","122922","122922","122922","0","0","0","122995","122995","122995"
"1028","2","2","2","21449","21449","21449","0","0","0","123055","123055","123055","0","0","0","123201","123201","123201","0","0","0","122926","122926","122926","0","0","0","122999","122999","122999"
"1029","0","0","0","21453","21453","21453","0","0","0","123059","123059","123059","0","0","0","123205","123205","123205","0","0","0","122930","122930","122930","0","0","0","123003","123003","123003"
"1030","0","0","0","21457","21457","21457","0","0","0","123063","123063","123063","0","0","0","123209","123209","123209","0","0","0","122934","122934","122934","0","0","0","123007","123007","123007"
"1031","0","0","0","21461","21461","21461","0","0","0","123067","123067","123067","0","0","0","123213","123213","123213","0","0","0","122938","122938","122938","0","0","0","123011","123011","123011"
"1032","0","0","0","21465","21465","21465","0","0","0","123071","123071","123071","0","0","0","123217","123217","123217","0","0","0","122942","122942","122942","0","0","0","123015","123015","123015"
"1033","0","0","0","21469","21469","21469","0","0","0","123075","123075","123075","0","0","0","123221","123221","123221","0","0","0","122946","122946","122946","0","0","0","123019","123019","123019"
"1034","0","0","0","21473","21473","21473","0","0","0","123079","123079","123079","0","0","0","123225","123225","123225","0","0","0","122950","122950","122950","0","0","0","123023","123023","123023"
"1035","0","0","0","21629","21629","21629","0","0","0","124115","124115","124115","0","0","0","124266","124266","124266","0","0","0","123986","123986","123986","0","0","0","124059","124059","124059"
"1036","0","0","0","21633","21633","21633","0","0","0","124119","124119","124119","0","0","0","124270","124270","124270","0","0","0","123990","123990","123990","0","0","0","124063","124063","124063"
"1037","0","0","0","21637","21637","21637","0","0","0","124123","124123","124123","0","0","0","124274","124274","124274","0","0","0","123994","123994","123994","0","0","0","124067","124067","124067"
"1038","0","0","0","21641","21641","21641","1","1","1","124128","124128","124128","0","0","0","124278","124278","124278","0","0","0","123998","123998","123998","0","0","0","124071","124071","124071"
"1039","0","0","0","21645","21645","21645","0","0","0","124132","124132","124132","0","0","0","124282","124282","124282","0","0","0","124002","124002","124002","0","0","0","124075","124075","124075"
"1040","0","0","0","21649","21649","21649","0","0","0","124136","124136","124136","0","0","0","124286","124286","124286","0","0","0","124006","124006","124006","0","0","0","124079","124079","124079"
"1041","0","0","0","21653","21653","21653","0","0","0","124140","124140","124140","0","0","0","124290","124290","124290","0","0","0","124010","124010","124010","0","0","0","124083","124083","124083"
"1042","0","0","0","21657","21657","21657","0","0","0","124144","124144","124144","0","0","0","124294","124294","124294","0","0","0","124014","124014","124014","0","0","0","124087","124087","124087"
"1043","0","0","0","21661","21661","21661","0","0","0","124148","124148","124148","0","0","0","124298","124298","124298","0","0","0","124018","124018","124018","0","0","0","124091","124091","124091"
"1044","0","0","0","21825","21825","21825","0","0","0","125185","125185","125185","0","0","0","125334","125334","125334","0","0","0","125055","125055","125055","0","0","0","125128","125128","125128"
"1045","0","0","0","21829","21829","21829","0","0","0","125189","125189","125189","0","0","0","125338","125338","125338","0","0","0","125059","125059","125059","0","0","0","125132","125132","125132"
"1046","0","0","0","21833","21833","21833","0","0","0","125193","125193","125193","0","0","0","125342","125342","125342","0","0","0","125063","125063","125063","0","0","0","125136","125136","125136"
"1047","0","0","0","21837","21837","21837","0","0","0","125197","125197","125197","0","0","0","125346","125346","125346","0","0","0","125067","125067","125067","0","0","0","125140","125140","125140"
"1048","0","0","0","21841","21841","21841","0","0","0","125201","125201","125201","0","0","0","125350","125350","125350","0","0","0","125071","125071","125071","0","0","0","125144","125144","125144"
"1049","0","0","0","21845","21845","21845","0","0","0","125205","125205","125205","0","0","0","125354","125354","125354","0","0","0","125075","125075","125075","0","0","0","125148","125148","125148"
"1050","0","0","0","21849","21849","21849","0","0","0","125209","125209","125209","0","0","0","125358","125358","125358","0","0","0","125079","125079","125079","0","0","0","125152","125152","125152"
"1051","0","0","0","21853","21853","21853","0","0","0","125213","125213","125213","0","0","0","125362","125362","125362","0","0","0","125083","125083","125083","0","0","0","125156","125156","125156"
"1052","0","0","0","21857","21857","21857","0","0","0","125217","125217","125217","0","0","0","125366","125366","125366","0","0","0","125087","125087","125087","0","0","0","125160","125160","125160"
"1053","0","0","0","22019","22019","22019","0","0","0","126258","126258","126258","0","0","0","126403","126403","126403","0","0","0","126123","126123","126123","0","0","0","126201","126201","126201"
"1054","0","0","0","22023","22023","22023","0","0","0","126262","126262","126262","0","0","0","126407","126407","126407","0","0","0","126127","126127","126127","0","0","0","126205","126205","126205"
"1055","0","0","0","22027","22027","22027","0","0","0","126266","126266","126266","0","0","0","126411","126411","126411","0","0","0","126131","126131","126131","0","0","0","126209","126209","126209"
"1056","0","0","0","22031","22031","22031","0","0","0","126270","126270","126270","0","0","0","126415","126415","126415","0","0","0","126135","126135","126135","0","0","0","126213","126213","126213"
"1057","0","0","0","22035","22035","22035","0","0","0","126274","126274","126274","0","0","0","126419","126419","126419","0","0","0","126139","126139","126139","0","0","0","126217","126217","126217"
"1058","0","0","0","22039","22039","22039","0","0","0","126278","126278","126278","0","0","0","126423","126423","126423","0","0","0","126143","126143","126143","0","0","0","126221","126221","126221"
"1059","0","0","0","22043","22043","22043","0","0","0","126282","126282","126282","0","0","0","126427","126427","126427","0","0","0","126147","126147","126147","0","0","0","126225","126225","126225"
"1060","0","0","0","22047","22047","22047","0","0","0","126286","126286","126286","0","0","0","126431","126431","126431","0","0","0","126151","126151","126151","0","0","0","126229","126229","126229"
"1061","0","0","0","22051","22051","22051","0","0","0","126290","126290","126290","0","0","0","126435","126435","126435","0","0","0","126155","126155","126155","0","0","0","126233","126233","126233"
"1062","0","0","0","22203","22203","22203","0","0","0","127326","127326","127326","0","0","0","127471","127471","127471","0","0","0","127191","127191","127191","0","0","0","127274","127274","127274"
"1063","0","0","0","22207","22207","22207","0","0","0","127330","127330","127330","0","0","0","127475","127475","127475","0","0","0","127195","127195","127195","0","0","0","127278","127278","127278"
"1064","0","0","0","22211","22211","22211","0","0","0","127334","127334","127334","0","0","0","127479","127479","127479","0","0","0","127199","127199","127199","0","0","0","127282","127282","127282"
"1065","0","0","0","22215","22215","22215","0","0","0","127338","127338","127338","0","0","0","127483","127483","127483","0","0","0","127203","127203","127203","0","0","0","127286","127286","127286"
"1066","0","0","0","22219","22219","22219","0","0","0","127342","127342","127342","0","0","0","127487","127487","127487","0","0","0","127207","127207","127207","1","1","1","127290","127290","127290"
"1067","0","0","0","22223","22223","22223","0","0","0","127346","127346","127346","0","0","0","127491","127491","127491","0","0","0","127211","127211","127211","0","0","0","127294","127294","127294"
"1068","0","0","0","22227","22227","22227","0","0","0","127350","127350","127350","0","0","0","127495","127495","127495","0","0","0","127215","127215","127215","0","0","0","127298","127298","127298"
"1069","0","0","0","22231","22231","22231","0","0","0","127354","127354","127354","0","0","0","127499","127499","127499","0","0","0","127219","127219","127219","0","0","0","127302","127302","127302"
"1070","0","0","0","22235","22235","22235","0","0","0","127358","127358","127358","0","0","0","127503","127503","127503","0","0","0","127223","127223","127223","0","0","0","127306","127306","127306"
"1071","0","0","0","22397","22397","22397","0","0","0","128395","128395","128395","0","0","0","128539","128539","128539","0","0","0","128271","128271","128271","0","0","0","128347","128347","128347"
"1072","0","0","0","22401","22401","22401","0","0","0","128399","128399","128399","0","0","0","128543","128543","128543","0","0","0","128275","128275","128275","0","0","0","128351","128351","128351"
"1073","0","0","0","22405","22405","22405","0","0","0","128403","128403","128403","0","0","0","128547","128547","128547","0","0","0","128279","128279","128279","0","0","0","128355","128355","128355"
"1074","0","0","0","22409","22409","22409","0","0","0","128407","128407","128407","0","0","0","128551","128551","128551","0","0","0","128283","128283","128283","0","0","0","128359","128359","128359"
"1075","0","0","0","22413","22413","22413","0","0","0","128411","128411","128411","0","0","0","128555","128555","128555","0","0","0","128287","128287","128287","0","0","0","128363","128363","128363"
"1076","0","0","0","22417","22417","22417","0","0","0","128415","128415","128415","0","0","0","128559","128559","128559","0","0","0","128291","128291","128291","0","0","0","128367","128367","128367"
"1077","0","0","0","22421","22421","22421","0","0","0","128419","128419","128419","0","0","0","128563","128563","128563","0","0","0","128295","128295","128295","0","0","0","128371","128371","128371"
"1078","0","0","0","22425","22425","22425","0","0","0","128423","128423","128423","0","0","0","128567","128567","128567","0","0","0","128299","128299","128299","0","0","0","128375","128375","128375"
"1079","0","0","0","22429","22429","22429","0","0","0","128427","128427","128427","0","0","0","128571","128571","128571","0","0","0","128303","128303","128303","0","0","0","128379","128379","128379"
"1080","0","0","0","22585","22585","22585","0","0","0","129468","129468","129468","0","0","0","129607","129607","129607","0","0","0","129339","129339","129339","0","0","0","129415","129415","129415"
"1081","0","0","0","22589","22589","22589","0","0","0","129472","129472","129472","0","0","0","129611","129611","129611","0","0","0","129343","129343","129343","0","0","0","129419","129419","129419"
"1082","0","0","0","22593","22593","22593","0","0","0","129476","129476","129476","0","0","0","129615","129615","129615","0","0","0","129347","129347","129347","0","0","0","129423","129423","129423"
"1083","0","0","0","22597","22597","22597","0","0","0","129480","129480","129480","0","0","0","129619","129619","129619","0","0","0","129351","129351","129351","0","0","0","129427","129427","129427"
"1084","0","0","0","22601","22601","22601","0","0","0","129484","129484","129484","0","0","0","129623","129623","129623","0","0","0","129355","129355","129355","0","0","0","129431","129431","129431"
"1085","0","0","0","22605","22605","22605","0","0","0","129488","129488","129488","0","0","0","129627","129627","129627","0","0","0","129359","129359","129359","0","0","0","129435","129435","129435"
"1086","0","0","0","22609","22609","22609","0","0","0","129492","129492","129492","0","0","0","129631","129631","129631","0","0","0","129363","129363","129363","0","0","0","129439","129439","129439"
"1087","0","0","0","22613","22613","22613","0","0","0","129496","129496","129496","0","0","0","129635","129635","129635","0","0","0","129367","129367","129367","0","0","0","129443","129443","129443"
"1088","0","0","0","22617","22617","22617","0","0","0","129500","129500","129500","0","0","0","129639","129639","129639","0","0","0","129371","129371","129371","0","0","0","129447","129447","129447"
"1089","0","0","0","22774","22774","22774","0","0","0","130537","130537","130537","0","0","0","130680","130680","130680","0","0","0","130407","130407","130407","0","0","0","130484","130484","130484"
"1090","0","0","0","22778","22778","22778","0","0","0","130541","130541","130541","0","0","0","130684","130684","130684","0","0","0","130411","130411","130411","0","0","0","130488","130488","130488"
"1091","0","0","0","22782","22782","22782","0","0","0","130545","130545","130545","0","0","0","130688","130688","130688","0","0","0","130415","130415","130415","0","0","0","130492","130492","130492"
"1092","0","0","0","22786","22786","22786","0","0","0","130549","130549","130549","0","0","0","130692","130692","130692","0","0","0","130419","130419","130419","0","0","0","130496","130496","130496"
"1093","0","0","0","22790","22790","22790","0","0","0","130553","130553","130553","0","0","0","130696","130696","130696","0","0","0","130423","130423","130423","0","0","0","130500","130500","130500"
"1094","0","0","0","22794","22794","22794","0","0","0","130557","130557","130557","0","0","0","130700","130700","130700","0","0","0","130427","130427","130427","0","0","0","130504","130504","130504"
"1095","0","0","0","22798","22798","22798","0","0","0","130561","130561","130561","0","0","0","130704","130704","130704","0","0","0","130431","130431","130431","0","0","0","130508","130508","130508"
"1096","0","0","0","22802","22802","22802","0","0","0","130565","130565","130565","0","0","0","130708","130708","130708","0","0","0","130435","130435","130435","0","0","0","130512","130512","130512"
"1097","0","0","0","22806","22806","22806","0","0","0","130569","130569","130569","0","0","0","130712","130712","130712","0","0","0","130439","130439","130439","0","0","0","130516","130516","130516"
"1098","0","0","0","22962","22962","22962","0","0","0","131605","131605","131605","0","0","0","131754","131754","131754","0","0","0","131476","131476","131476","0","0","0","131552","131552","131552"
"1099","0","0","0","22966","22966","22966","0","0","0","131609","131609","131609","0","0","0","131758","131758","131758","0","0","0","131480","131480","131480","0","0","0","131556","131556","131556"
"1100","0","0","0","22970","22970","22970","0","0","0","131613","131613","131613","0","0","0","131762","131762","131762","0","0","0","131484","131484","131484","0","0","0","131560","131560","131560"
"1101","0","0","0","22974","22974","22974","0","0","0","131617","131617","131617","0","0","0","131766","131766","131766","0","0","0","131488","131488","131488","0","0","0","131564","131564","131564"
"1102","0","0","0","22978","22978","22978","0","0","0","131621","131621","131621","0","0","0","131770","131770","131770","0","0","0","131492","131492","131492","0","0","0","131568","131568","131568"
"1103","0","0","0","22982","22982","22982","0","0","0","131625","131625","131625","0","0","0","131774","131774","131774","0","0","0","131496","131496","131496","0","0","0","131572","131572","131572"
"1104","0","0","0","22986","22986","22986","0","0","0","131629","131629","131629","0","0","0","131778","131778","131778","0","0","0","131500","131500","131500","0","0","0","131576","131576","131576"
"1105","0","0","0","22990","22990","22990","0","0","0","131633","131633","131633","0","0","0","131782","131782","131782","0","0","0","131504","131504","131504","0","0","0","131580","131580","131580"
"1106","0","0","0","22994","22994","22994","0","0","0","131637","131637","131637","0","0","0","131786","131786","131786","0","0","0","131508","131508","131508","0","0","0","131584","131584","131584"
"1107","0","0","0","23148","23148","23148","0","0","0","132673","132673","132673","0","0","0","132822","132822","132822","0","0","0","132544","132544","132544","0","0","0","132625","132625","132625"
"1108","0","0","0","23152","23152","23152","0","0","0","132677","132677","132677","0","0","0","132826","132826","132826","0","0","0","132548","132548","132548","0","0","0","132629","132629","132629"
"1109","0","0","0","23156","23156","23156","0","0","0","132681","132681","132681","0","0","0","132830","132830","132830","0","0","0","132552","132552","132552","0","0","0","132633","132633","132633"
"1110","0","0","0","23160","23160","23160","0","0","0","132685","132685","132685","0","0","0","132834","132834","132834","0","0","0","132556","132556","132556","0","0","0","132637","132637","132637"
"1111","0","0","0","23164","23164","23164","0","0","0","132689","132689","132689","0","0","0","132838","132838","132838","0","0","0","132560","132560","132560","0","0","0","132641","132641","132641"
"1112","0","0","0","23168","23168","23168","0","0","0","132693","132693","132693","0","0","0","132842","132842","132842","0","0","0","132564","132564","132564","0","0","0","132645","132645","132645"
"1113","0","0","0","23172","23172","23172","0","0","0","132697","132697","132697","0","0","0","132846","132846","132846","0","0","0","132568","132568","132568","0","0","0","132649","132649","132649"
"1114","0","0","0","23176","23176","23176","0","0","0","132701","132701","132701","0","0","0","132850","132850","132850","0","0","0","132572","132572","132572","0","0","0","132653","132653","132653"
"1115","0","0","0","23180","23180","23180","0","0","0","132705","132705","132705","0","0","0","132854","132854","132854","0","0","0","132576","132576","132576","0","0","0","132657","132657","132657"
"1116","0","0","0","23335","23335","23335","0","0","0","133748","133748","133748","0","0","0","133895","133895","133895","0","0","0","133617","133617","133617","0","0","0","133694","133694","133694"
"1117","0","0","0","23339","23339","23339","0","0","0","133752","133752","133752","0","0","0","133899","133899","133899","0","0","0","133621","133621","133621","0","0","0","133698","133698","133698"
"1118","0","0","0","23343","23343","23343","0","0","0","133756","133756","133756","0","0","0","133903","133903","133903","0","0","0","133625","133625","133625","0","0","0","133702","133702","133702"
"1119","0","0","0","23347","23347","23347","0","0","0","133760","133760","133760","0","0","0","133907","133907","133907","0","0","0","133629","133629","133629","0","0","0","133706","133706","133706"
"1120","0","0","0","23351","23351","23351","0","0","0","133764","133764","133764","0","0","0","133911","133911","133911","0","0","0","133633","133633","133633","0","0","0","133710","133710","133710"
"1121","0","0","0","23355","23355","23355","0","0","0","133768","133768","133768","0","0","0","133915","133915","133915","0","0","0","133637","133637","133637","0","0","0","133714","133714","133714"
"1122","0","0","0","23359","23359","23359","0","0","0","133772","133772","133772","0","0","0","133919","133919","133919","0","0","0","133641","133641","133641","0","0","0","133718","133718","133718"
"1123","0","0","0","23363","23363","23363","0","0","0","133776","133776","133776","0","0","0","133923","133923","133923","0","0","0","133645","133645","133645","0","0","0","133722","133722","133722"
"1124","0","0","0","23367","23367","23367","0","0","0","133780","133780","133780","0","0","0","133927","133927","133927","0","0","0","133649","133649","133649","0","0","0","133726","133726","133726"
"1125","0","0","0","23521","23521","23521","0","0","0","134816","134816","134816","0","0","0","134968","134968","134968","0","0","0","134686","134686","134686","0","0","0","134761","134761","134761"
"1126","0","0","0","23525","23525","23525","0","0","0","134820","134820","134820","0","0","0","134972","134972","134972","0","0","0","134690","134690","134690","0","0","0","134765","134765","134765"
"1127","0","0","0","23529","23529","23529","0","0","0","134824","134824","134824","0","0","0","134976","134976","134976","0","0","0","134694","134694","134694","0","0","0","134769","134769","134769"
"1128","0","0","0","23533","23533","23533","0","0","0","134828","134828","134828","0","0","0","134980","134980","134980","0","0","0","134698","134698","134698","0","0","0","134773","134773","134773"
"1129","0","0","0","23537","23537","23537","0","0","0","134832","134832","134832","0","0","0","134984","134984","134984","0","0","0","134702","134702","134702","0","0","0","134777","134777","134777"
"1130","0","0","0","23541","23541","23541","0","0","0","134836","134836","134836","0","0","0","134988","134988","134988","0","0","0","134706","134706","134706","0","0","0","134781","134781","134781"
"1131","0","0","0","23545","23545","23545","0","0","0","134840","134840","134840","0","0","0","134992","134992","134992","0","0","0","134710","134710","134710","0","0","0","134785","134785","134785"
"1132","0","0","0","23549","23549","23549","0","0","0","134844","134844","134844","0","0","0","134996","134996","134996","0","0","0","134714","134714","134714","0","0","0","134789","134789","134789"
"1133","0","0","0","23553","23553","23553","0","0","0","134848","134848","134848","0","0","0","135000","135000","135000","0","0","0","134718","134718","134718","0","0","0","134793","134793","134793"
"1134","0","0","0","23704","23704","23704","0","0","0","135885","135885","135885","0","0","0","136036","136036","136036","0","0","0","135754","135754","135754","0","0","0","135829","135829","135829"
"1135","0","0","0","23708","23708","23708","0","0","0","135889","135889","135889","0","0","0","136040","136040","136040","0","0","0","135758","135758","135758","0","0","0","135833","135833","135833"
"1136","0","0","0","23712","23712","23712","0","0","0","135893","135893","135893","0","0","0","136044","136044","136044","0","0","0","135762","135762","135762","0","0","0","135837","135837","135837"
"1137","0","0","0","23716","23716","23716","0","0","0","135897","135897","135897","0","0","0","136048","136048","136048","0","0","0","135766","135766","135766","0","0","0","135841","135841","135841"
"1138","0","0","0","23720","23720","23720","0","0","0","135901","135901","135901","0","0","0","136052","136052","136052","0","0","0","135770","135770","135770","0","0","0","135845","135845","135845"
"1139","0","0","0","23724","23724","23724","0","0","0","135905","135905","135905","0","0","0","136056","136056","136056","0","0","0","135774","135774","135774","0","0","0","135849","135849","135849"
"1140","0","0","0","23728","23728","23728","0","0","0","135909","135909","135909","0","0","0","136060","136060","136060","0","0","0","135778","135778","135778","0","0","0","135853","135853","135853"
"1141","0","0","0","23732","23732","23732","0","0","0","135913","135913","135913","0","0","0","136064","136064","136064","0","0","0","135782","135782","135782","0","0","0","135857","135857","135857"
"1142","0","0","0","23736","23736","23736","0","0","0","135917","135917","135917","0","0","0","136068","136068","136068","0","0","0","135786","135786","135786","0","0","0","135861","135861","135861"
"1143","0","0","0","23889","23889","23889","0","0","0","136952","136952","136952","0","0","0","137114","137114","137114","0","0","0","136837","136837","136837","0","0","0","136898","136898","136898"
"1144","0","0","0","23893","23893","23893","0","0","0","136956","136956","136956","0","0","0","137118","137118","137118","0","0","0","136841","136841","136841","0","0","0","136902","136902","136902"
"1145","0","0","0","23897","23897","23897","0","0","0","136960","136960","136960","0","0","0","137122","137122","137122","0","0","0","136845","136845","136845","0","0","0","136906","136906","136906"
"1146","0","0","0","23901","23901","23901","0","0","0","136964","136964","136964","0","0","0","137126","137126","137126","0","0","0","136849","136849","136849","0","0","0","136910","136910","136910"
"1147","0","0","0","23905","23905","23905","0","0","0","136968","136968","136968","0","0","0","137130","137130","137130","0","0","0","136853","136853","136853","0","0","0","136914","136914","136914"
"1148","0","0","0","23909","23909","23909","0","0","0","136972","136972","136972","0","0","0","137134","137134","137134","0","0","0","136857","136857","136857","0","0","0","136918","136918","136918"
"1149","0","0","0","23913","23913","23913","0","0","0","136976","136976","136976","0","0","0","137138","137138","137138","0","0","0","136861","136861","136861","0","0","0","136922","136922","136922"
"1150","0","0","0","23917","23917","23917","0","0","0","136980","136980","136980","0","0","0","137142","137142","137142","0","0","0","136865","136865","136865","0","0","0","136926","136926","136926"
"1151","0","0","0","23921","23921","23921","0","0","0","136984","136984","136984","0","0","0","137146","137146","137146","0","0","0","136869","136869","136869","0","0","0","136930","136930","136930"
"1152","0","0","0","24074","24074","24074","0","0","0","138025","138025","138025","0","0","0","138182","138182","138182","0","0","0","137904","137904","137904","0","0","0","137971","137971","137971"
"1153","0","0","0","24078","24078","24078","0","0","0","138029","138029","138029","0","0","0","138186","138186","138186","0","0","0","137908","137908","137908","0","0","0","137975","137975","137975"
"1154","0","0","0","24082","24082","24082","0","0","0","138033","138033","138033","0","0","0","138190","138190","138190","0","0","0","137912","137912","137912","0","0","0","137979","137979","137979"
"1155","0","0","0","24086","24086","24086","0","0","0","138037","138037","138037","0","0","0","138194","138194","138194","0","0","0","137916","137916","137916","0","0","0","137983","137983","137983"
"1156","0","0","0","24090","24090","24090","0","0","0","138041","138041","138041","0","0","0","138198","138198","138198","0","0","0","137920","137920","137920","0","0","0","137987","137987","137987"
"1157","0","0","0","24094","24094","24094","0","0","0","138045","138045","138045","0","0","0","138202","138202","138202","0","0","0","137924","137924","137924","0","0","0","137991","137991","137991"
"1158","0","0","0","24098","24098","24098","0","0","0","138049","138049","138049","0","0","0","138206","138206","138206","0","0","0","137928","137928","137928","0","0","0","137995","137995","137995"
"1159","0","0","0","24102","24102","24102","0","0","0","138053","138053","138053","0","0","0","138210","138210","138210","0","0","0","137932","137932","137932","0","0","0","137999","137999","137999"
"1160","0","0","0","24106","24106","24106","0","0","0","138057","138057","138057","0","0","0","138214","138214","138214","0","0","0","137936","137936","137936","0","0","0","138003","138003","138003"
"1161","0","0","0","24257","24257","24257","0","0","0","139099","139099","139099","0","0","0","139250","139250","139250","0","0","0","138972","138972","138972","0","0","0","139039","139039","139039"
"1162","0","0","0","24261","24261","24261","0","0","0","139103","139103","139103","0","0","0","139254","139254","139254","0","0","0","138976","138976","138976","0","0","0","139043","139043","139043"
"1163","0","0","0","24265","24265","24265","0","0","0","139107","139107","139107","0","0","0","139258","139258","139258","0","0","0","138980","138980","138980","0","0","0","139047","139047","139047"
"1164","0","0","0","24269","24269","24269","0","0","0","139111","139111","139111","0","0","0","139262","139262","139262","0","0","0","138984","138984","138984","0","0","0","139051","139051","139051"
"1165","0","0","0","24273","24273","24273","0","0","0","139115","139115","139115","0","0","0","139266","139266","139266","0","0","0","138988","138988","138988","0","0","0","139055","139055","139055"
"1166","0","0","0","24277","24277","24277","0","0","0","139119","139119","139119","0","0","0","139270","139270","139270","0","0","0","138992","138992","138992","0","0","0","139059","139059","139059"
"1167","0","0","0","24281","24281","24281","0","0","0","139123","139123","139123","0","0","0","139274","139274","139274","0","0","0","138996","138996","138996","0","0","0","139063","139063","139063"
"1168","0","0","0","24285","24285","24285","0","0","0","139127","139127","139127","0","0","0","139278","139278","139278","0","0","0","139000","139000","139000","0","0","0","139067","139067","139067"
"1169","0","0","0","24289","24289","24289","0","0","0","139131","139131","139131","0","0","0","139282","139282","139282","0","0","0","139004","139004","139004","0","0","0","139071","139071","139071"
"1170","0","0","0","24446","24446","24446","0","0","0","140166","140166","140166","0","0","0","140318","140318","140318","0","0","0","140040","140040","140040","0","0","0","140107","140107","140107"
"1171","0","0","0","24450","24450","24450","0","0","0","140170","140170","140170","0","0","0","140322","140322","140322","0","0","0","140044","140044","140044","0","0","0","140111","140111","140111"
"1172","0","0","0","24454","24454","24454","0","0","0","140174","140174","140174","0","0","0","140326","140326","140326","0","0","0","140048","140048","140048","0","0","0","140115","140115","140115"
"1173","0","0","0","24458","24458","24458","0","0","0","140178","140178","140178","0","0","0","140330","140330","140330","0","0","0","140052","140052","140052","0","0","0","140119","140119","140119"
"1174","0","0","0","24462","24462","24462","0","0","0","140182","140182","140182","0","0","0","140334","140334","140334","0","0","0","140056","140056","140056","0","0","0","140123","140123","140123"
"1175","0","0","0","24466","24466","24466","0","0","0","140186","140186","140186","0","0","0","140338","140338","140338","0","0","0","140060","140060","140060","0","0","0","140127","140127","140127"
"1176","0","0","0","24470","24470","24470","0","0","0","140190","140190","140190","0","0","0","140342","140342","140342","0","0","0","140064","140064","140064","0","0","0","140131","140131","140131"
"1177","0","0","0","24474","24474","24474","0","0","0","140194","140194","140194","0","0","0","140346","140346","140346","0","0","0","140068","140068","140068","0","0","0","140135","140135","140135"
"1178","0","0","0","24478","24478","24478","0","0","0","140198","140198","140198","0","0","0","140350","140350","140350","0","0","0","140072","140072","140072","0","0","0","140139","140139","140139"
"1179","0","0","0","24631","24631","24631","0","0","0","141235","141235","141235","0","0","0","141386","141386","141386","0","0","0","141114","141114","141114","0","0","0","141175","141175","141175"
"1180","0","0","0","24635","24635","24635","0","0","0","141239","141239","141239","0","0","0","141390","141390","141390","0","0","0","141118","141118","141118","0","0","0","141179","141179","141179"
"1181","0","0","0","24639","24639","24639","0","0","0","141243","141243","141243","0","0","0","141394","141394","141394","0","0","0","141122","141122","141122","0","0","0","141183","141183","141183"
"1182","0","0","0","24643","24643","24643","5","5","5","141252","141252","141252","0","0","0","141398","141398","141398","1","1","1","141127","141127","141127","0","0","0","141187","141187","141187"
"1183","0","0","0","24647","24647","24647","0","0","0","141256","141256","141256","0","0","0","141402","141402","141402","0","0","0","141131","141131","141131","0","0","0","141191","141191","141191"
"1184","0","0","0","24651","24651","24651","0","0","0","141260","141260","141260","0","0","0","141406","141406","141406","0","0","0","141135","141135","141135","0","0","0","141195","141195","141195"
"1185","0","0","0","24655","24655","24655","0","0","0","141264","141264","141264","0","0","0","141410","141410","141410","0","0","0","141139","141139","141139","0","0","0","141199","141199","141199"
"1186","0","0","0","24659","24659","24659","0","0","0","141268","141268","141268","0","0","0","141414","141414","141414","0","0","0","141143","141143","141143","0","0","0","141203","141203","141203"
"1187","0","0","0","24663","24663","24663","0","0","0","141272","141272","141272","0","0","0","141418","141418","141418","0","0","0","141147","141147","141147","0","0","0","141207","141207","141207"
"1188","0","0","0","24821","24821","24821","0","0","0","142313","142313","142313","0","0","0","142454","142454","142454","0","0","0","142184","142184","142184","0","0","0","142244","142244","142244"
"1189","0","0","0","24825","24825","24825","0","0","0","142317","142317","142317","0","0","0","142458","142458","142458","0","0","0","142188","142188","142188","0","0","0","142248","142248","142248"
"1190","0","0","0","24829","24829","24829","0","0","0","142321","142321","142321","0","0","0","142462","142462","142462","0","0","0","142192","142192","142192","0","0","0","142252","142252","142252"
"1191","0","0","0","24833","24833","24833","0","0","0","142325","142325","142325","0","0","0","142466","142466","142466","0","0","0","142196","142196","142196","0","0","0","142256","142256","142256"
"1192","0","0","0","24837","24837","24837","0","0","0","142329","142329","142329","0","0","0","142470","142470","142470","0","0","0","142200","142200","142200","0","0","0","142260","142260","142260"
"1193","0","0","0","24841","24841","24841","0","0","0","142333","142333","142333","0","0","0","142474","142474","142474","0","0","0","142204","142204","142204","0","0","0","142264","142264","142264"
"1194","0","0","0","24845","24845","24845","0","0","0","142337","142337","142337","0","0","0","142478","142478","142478","0","0","0","142208","142208","142208","0","0","0","142268","142268","142268"
"1195","0","0","0","24849","24849","24849","0","0","0","142341","142341","142341","0","0","0","142482","142482","142482","0","0","0","142212","142212","142212","0","0","0","142272","142272","142272"
"1196","0","0","0","24853","24853","24853","0","0","0","142345","142345","142345","0","0","0","142486","142486","142486","0","0","0","142216","142216","142216","0","0","0","142276","142276","142276"
"1197","0","0","0","25010","25010","25010","0","0","0","143386","143386","143386","0","0","0","143522","143522","143522","0","0","0","143253","143253","143253","0","0","0","143311","143311","143311"
"1198","0","0","0","25014","25014","25014","0","0","0","143390","143390","143390","0","0","0","143526","143526","143526","0","0","0","143257","143257","143257","0","0","0","143315","143315","143315"
"1199","0","0","0","25018","25018","25018","0","0","0","143394","143394","143394","0","0","0","143530","143530","143530","0","0","0","143261","143261","143261","0","0","0","143319","143319","143319"
"1200","0","0","0","25022","25022","25022","0","0","0","143398","143398","143398","0","0","0","143534","143534","143534","0","0","0","143265","143265","143265","0","0","0","143323","143323","143323"
"1201","0","0","0","25026","25026","25026","0","0","0","143402","143402","143402","0","0","0","143538","143538","143538","0","0","0","143269","143269","143269","0","0","0","143327","143327","143327"
"1202","0","0","0","25030","25030","25030","0","0","0","143406","143406","143406","0","0","0","143542","143542","143542","0","0","0","143273","143273","143273","0","0","0","143331","143331","143331"
"1203","0","0","0","25034","25034","25034","0","0","0","143410","143410","143410","0","0","0","143546","143546","143546","0","0","0","143277","143277","143277","0","0","0","143335","143335","143335"
"1204","0","0","0","25038","25038","25038","0","0","0","143414","143414","143414","0","0","0","143550","143550","143550","0","0","0","143281","143281","143281","0","0","0","143339","143339","143339"
"1205","0","0","0","25042","25042","25042","0","0","0","143418","143418","143418","0","0","0","143554","143554","143554","0","0","0","143285","143285","143285","0","0","0","143343","143343","143343"
"1206","0","0","0","25197","25197","25197","0","0","0","144454","144454","144454","0","0","0","144590","144590","144590","0","0","0","144321","144321","144321","0","0","0","144384","144384","144384"
"1207","0","0","0","25201","25201","25201","0","0","0","144458","144458","144458","0","0","0","144594","144594","144594","0","0","0","144325","144325","144325","0","0","0","144388","144388","144388"
"1208","0","0","0","25205","25205","25205","0","0","0","144462","144462","144462","0","0","0","144598","144598","144598","0","0","0","144329","144329","144329","0","0","0","144392","144392","144392"
"1209","0","0","0","25209","25209","25209","0","0","0","144466","144466","144466","0","0","0","144602","144602","144602","0","0","0","144333","144333","144333","0","0","0","144396","144396","144396"
"1210","0","0","0","25213","25213","25213","0","0","0","144470","144470","144470","0","0","0","144606","144606","144606","0","0","0","144337","144337","144337","0","0","0","144400","144400","144400"
"1211","0","0","0","25217","25217","25217","0","0","0","144474","144474","144474","0","0","0","144610","144610","144610","0","0","0","144341","144341","144341","0","0","0","144404","144404","144404"
"1212","0","0","0","25221","25221","25221","0","0","0","144478","144478","144478","0","0","0","144614","144614","144614","0","0","0","144345","144345","144345","0","0","0","144408","144408","144408"
"1213","0","0","0","25225","25225","25225","0","0","0","144482","144482","144482","0","0","0","144618","144618","144618","0","0","0","144349","144349","144349","0","0","0","144412","144412","144412"
"1214","0","0","0","25229","25229","25229","0","0","0","144486","144486","144486","0","0","0","144622","144622","144622","0","0","0","144353","144353","144353","0","0","0","144416","144416","144416"
"1215","0","0","0","25383","25383","25383","0","0","0","145522","145522","145522","0","0","0","145663","145663","145663","0","0","0","145389","145389","145389","0","0","0","145452","145452","145452"
"1216","0","0","0","25387","25387","25387","0","0","0","145526","145526","145526","0","0","0","145667","145667","145667","0","0","0","145393","145393","145393","0","0","0","145456","145456","145456"
"1217","0","0","0","25391","25391","25391","0","0","0","145530","145530","145530","0","0","0","145671","145671","145671","0","0","0","145397","145397","145397","0","0","0","145460","145460","145460"
"1218","0","0","0","25395","25395","25395","0","0","0","145534","145534","145534","0","0","0","145675","145675","145675","0","0","0","145401","145401","145401","0","0","0","145464","145464","145464"
"1219","0","0","0","25399","25399","25399","0","0","0","145538","145538","145538","1","1","1","145680","145680","145680","0","0","0","145405","145405","145405","0","0","0","145468","145468","145468"
"1220","0","0","0","25403","25403","25403","0","0","0","145542","145542","145542","0","0","0","145684","145684","145684","0","0","0","145409","145409","145409","0","0","0","145472","145472","145472"
"1221","0","0","0","25407","25407","25407","0","0","0","145546","145546","145546","0","0","0","145688","145688","145688","0","0","0","145413","145413","145413","0","0","0","145476","145476","145476"
"1222","0","0","0","25411","25411","25411","0","0","0","145550","145550","145550","0","0","0","145692","145692","145692","0","0","0","145417","145417","145417","0","0","0","145480","145480","145480"
"1223","0","0","0","25415","25415","25415","0","0","0","145554","145554","145554","0","0","0","145696","145696","145696","0","0","0","145421","145421","145421","0","0","0","145484","145484","145484"
"1224","0","0","0","25569","25569","25569","0","0","0","146591","146591","146591","0","0","0","146731","146731","146731","0","0","0","146458","146458","146458","0","0","0","146520","146520","146520"
"1225","0","0","0","25573","25573","25573","0","0","0","146595","146595","146595","0","0","0","146735","146735","146735","0","0","0","146462","146462","146462","0","0","0","146524","146524","146524"
"1226","0","0","0","25577","25577","25577","0","0","0","146599","146599","146599","0","0","0","146739","146739","146739","0","0","0","146466","146466","146466","0","0","0","146528","146528","146528"
"1227","0","0","0","25581","25581","25581","0","0","0","146603","146603","146603","0","0","0","146743","146743","146743","0","0","0","146470","146470","146470","0","0","0","146532","146532","146532"
"1228","0","0","0","25585","25585","25585","0","0","0","146607","146607","146607","0","0","0","146747","146747","146747","0","0","0","146474","146474","146474","0","0","0","146536","146536","146536"
"1229","0","0","0","25589","25589","25589","0","0","0","146611","146611","146611","0","0","0","146751","146751","146751","0","0","0","146478","146478","146478","0","0","0","146540","146540","146540"
"1230","0","0","0","25593","25593","25593","0","0","0","146615","146615","146615","0","0","0","146755","146755","146755","0","0","0","146482","146482","146482","0","0","0","146544","146544","146544"
"1231","0","0","0","25597","25597","25597","0","0","0","146619","146619","146619","0","0","0","146759","146759","146759","0","0","0","146486","146486","146486","0","0","0","146548","146548","146548"
"1232","0","0","0","25601","25601","25601","0","0","0","146623","146623","146623","0","0","0","146763","146763","146763","0","0","0","146490","146490","146490","0","0","0","146552","146552","146552"
"1233","0","0","0","25758","25758","25758","0","0","0","147659","147659","147659","0","0","0","147799","147799","147799","0","0","0","147526","147526","147526","0","0","0","147588","147588","147588"
"1234","0","0","0","25762","25762","25762","0","0","0","147663","147663","147663","0","0","0","147803","147803","147803","0","0","0","147530","147530","147530","0","0","0","147592","147592","147592"
"1235","0","0","0","25766","25766","25766","0","0","0","147667","147667","147667","0","0","0","147807","147807","147807","0","0","0","147534","147534","147534","0","0","0","147596","147596","147596"
"1236","0","0","0","25770","25770","25770","0","0","0","147671","147671","147671","0","0","0","147811","147811","147811","0","0","0","147538","147538","147538","0","0","0","147600","147600","147600"
"1237","0","0","0","25774","25774","25774","0","0","0","147675","147675","147675","0","0","0","147815","147815","147815","1","1","1","147543","147543","147543","0","0","0","147604","147604","147604"
"1238","0","0","0","25778","25778","25778","0","0","0","147679","147679","147679","0","0","0","147819","147819","147819","0","0","0","147547","147547","147547","0","0","0","147608","147608","147608"
"1239","0","0","0","25782","25782","25782","0","0","0","147683","147683","147683","0","0","0","147823","147823","147823","0","0","0","147551","147551","147551","0","0","0","147612","147612","147612"
"1240","0","0","0","25786","25786","25786","0","0","0","147687","147687","147687","0","0","0","147827","147827","147827","0","0","0","147555","147555","147555","0","0","0","147616","147616","147616"
"1241","0","0","0","25790","25790","25790","0","0","0","147691","147691","147691","0","0","0","147831","147831","147831","0","0","0","147559","147559","147559","0","0","0","147620","147620","147620"
"1242","0","0","0","25944","25944","25944","0","0","0","148727","148727","148727","0","0","0","148867","148867","148867","0","0","0","148599","148599","148599","0","0","0","148656","148656","148656"
"1243","0","0","0","25948","25948","25948","0","0","0","148731","148731","148731","0","0","0","148871","148871","148871","0","0","0","148603","148603","148603","0","0","0","148660","148660","148660"
"1244","0","0","0","25952","25952","25952","0","0","0","148735","148735","148735","0","0","0","148875","148875","148875","0","0","0","148607","148607","148607","0","0","0","148664","148664","148664"
"1245","0","0","0","25956","25956","25956","0","0","0","148739","148739","148739","0","0","0","148879","148879","148879","0","0","0","148611","148611","148611","0","0","0","148668","148668","148668"
"1246","0","0","0","25960","25960","25960","0","0","0","148743","148743","148743","0","0","0","148883","148883","148883","0","0","0","148615","148615","148615","0","0","0","148672","148672","148672"
"1247","0","0","0","25964","25964","25964","0","0","0","148747","148747","148747","0","0","0","148887","148887","148887","0","0","0","148619","148619","148619","0","0","0","148676","148676","148676"
"1248","0","0","0","25968","25968","25968","0","0","0","148751","148751","148751","0","0","0","148891","148891","148891","0","0","0","148623","148623","148623","0","0","0","148680","148680","148680"
"1249","0","0","0","25972","25972","25972","0","0","0","148755","148755","148755","0","0","0","148895","148895","148895","0","0","0","148627","148627","148627","0","0","0","148684","148684","148684"
"1250","0","0","0","25976","25976","25976","0","0","0","148759","148759","148759","0","0","0","148899","148899","148899","0","0","0","148631","148631","148631","0","0","0","148688","148688","148688"
"1251","0","0","0","26131","26131","26131","0","0","0","149795","149795","149795","0","0","0","149940","149940","149940","0","0","0","149667","149667","149667","0","0","0","149729","149729","149729"
"1252","0","0","0","26135","26135","26135","0","0","0","149799","149799","149799","0","0","0","149944","149944","149944","0","0","0","149671","149671","149671","0","0","0","149733","149733","149733"
"1253","0","0","0","26139","26139","26139","0","0","0","149803","149803","149803","0","0","0","149948","149948","149948","0","0","0","149675","149675","149675","0","0","0","149737","149737","149737"
"1254","0","0","0","26143","26143","26143","0","0","0","149807","149807","149807","0","0","0","149952","149952","149952","0","0","0","149679","149679","149679","0","0","0","149741","149741","149741"
"1255","0","0","0","26147","26147","26147","0","0","0","149811","149811","149811","0","0","0","149956","149956","149956","0","0","0","149683","149683","149683","0","0","0","149745","149745","149745"
"1256","0","0","0","26151","26151","26151","0","0","0","149815","149815","149815","0","0","0","149960","149960","149960","0","0","0","149687","149687","149687","0","0","0","149749","149749","149749"
"1257","0","0","0","26155","26155","26155","0","0","0","149819","149819","149819","0","0","0","149964","149964","149964","0","0","0","149691","149691","149691","0","0","0","149753","149753","149753"
"1258","0","0","0","26159","26159","26159","0","0","0","149823","149823","149823","0","0","0","149968","149968","149968","0","0","0","149695","149695","149695","0","0","0","149757","149757","149757"
"1259","0","0","0","26163","26163","26163","0","0","0","149827","149827","149827","0","0","0","149972","149972","149972","0","0","0","149699","149699","149699","0","0","0","149761","149761","149761"
"1260","0","0","0","26316","26316","26316","0","0","0","150873","150873","150873","0","0","0","151019","151019","151019","0","0","0","150746","150746","150746","0","0","0","150803","150803","150803"
"1261","0","0","0","26320","26320","26320","0","0","0","150877","150877","150877","0","0","0","151023","151023","151023","0","0","0","150750","150750","150750","0","0","0","150807","150807","150807"
"1262","0","0","0","26324","26324","26324","0","0","0","150881","150881","150881","0","0","0","151027","151027","151027","0","0","0","150754","150754","150754","0","0","0","150811","150811","150811"
"1263","0","0","0","26328","26328","26328","0","0","0","150885","150885","150885","0","0","0","151031","151031","151031","0","0","0","150758","150758","150758","0","0","0","150815","150815","150815"
"1264","0","0","0","26332","26332","26332","0","0","0","150889","150889","150889","0","0","0","151035","151035","151035","0","0","0","150762","150762","150762","0","0","0","150819","150819","150819"
"1265","0","0","0","26336","26336","26336","0","0","0","150893","150893","150893","0","0","0","151039","151039","151039","0","0","0","150766","150766","150766","0","0","0","150823","150823","150823"
"1266","0","0","0","26340","26340","26340","0","0","0","150897","150897","150897","0","0","0","151043","151043","151043","0","0","0","150770","150770","150770","0","0","0","150827","150827","150827"
"1267","0","0","0","26344","26344","26344","0","0","0","150901","150901","150901","0","0","0","151047","151047","151047","0","0","0","150774","150774","150774","0","0","0","150831","150831","150831"
"1268","0","0","0","26348","26348","26348","0","0","0","150905","150905","150905","0","0","0","151051","151051","151051","0","0","0","150778","150778","150778","0","0","0","150835","150835","150835"
"1269","0","0","0","26504","26504","26504","0","0","0","151942","151942","151942","0","0","0","152087","152087","152087","0","0","0","151814","151814","151814","0","0","0","151876","151876","151876"
"1270","0","0","0","26508","26508","26508","0","0","0","151946","151946","151946","0","0","0","152091","152091","152091","0","0","0","151818","151818","151818","0","0","0","151880","151880","151880"
"1271","0","0","0","26512","26512","26512","0","0","0","151950","151950","151950","0","0","0","152095","152095","152095","0","0","0","151822","151822","151822","0","0","0","151884","151884","151884"
"1272","0","0","0","26516","26516","26516","0","0","0","151954","151954","151954","0","0","0","152099","152099","152099","0","0","0","151826","151826","151826","0","0","0","151888","151888","151888"
"1273","0","0","0","26520","26520","26520","0","0","0","151958","151958","151958","0","0","0","152103","152103","152103","0","0","0","151830","151830","151830","0","0","0","151892","151892","151892"
"1274","0","0","0","26524","26524","26524","0","0","0","151962","151962","151962","0","0","0","152107","152107","152107","0","0","0","151834","151834","151834","0","0","0","151896","151896","151896"
"1275","0","0","0","26528","26528","26528","0","0","0","151966","151966","151966","0","0","0","152111","152111","152111","0","0","0","151838","151838","151838","0","0","0","151900","151900","151900"
"1276","0","0","0","26532","26532","26532","0","0","0","151970","151970","151970","0","0","0","152115","152115","152115","0","0","0","151842","151842","151842","0","0","0","151904","151904","151904"
"1277","0","0","0","26536","26536","26536","0","0","0","151974","151974","151974","0","0","0","152119","152119","152119","0","0","0","151846","151846","151846","0","0","0","151908","151908","151908"
"1278","0","0","0","26689","26689","26689","0","0","0","153010","153010","153010","0","0","0","153155","153155","153155","0","0","0","152888","152888","152888","0","0","0","152944","152944","152944"
"1279","0","0","0","26693","26693","26693","0","0","0","153014","153014","153014","0","0","0","153159","153159","153159","0","0","0","152892","152892","152892","0","0","0","152948","152948","152948"
"1280","0","0","0","26697","26697","26697","0","0","0","153018","153018","153018","0","0","0","153163","153163","153163","0","0","0","152896","152896","152896","0","0","0","152952","152952","152952"
"1281","0","0","0","26701","26701","26701","0","0","0","153022","153022","153022","0","0","0","153167","153167","153167","0","0","0","152900","152900","152900","0","0","0","152956","152956","152956"
"1282","0","0","0","26705","26705","26705","0","0","0","153026","153026","153026","0","0","0","153171","153171","153171","0","0","0","152904","152904","152904","0","0","0","152960","152960","152960"
"1283","0","0","0","26709","26709","26709","0","0","0","153030","153030","153030","0","0","0","153175","153175","153175","0","0","0","152908","152908","152908","0","0","0","152964","152964","152964"
"1284","0","0","0","26713","26713","26713","0","0","0","153034","153034","153034","0","0","0","153179","153179","153179","0","0","0","152912","152912","152912","0","0","0","152968","152968","152968"
"1285","0","0","0","26717","26717","26717","0","0","0","153038","153038","153038","0","0","0","153183","153183","153183","0","0","0","152916","152916","152916","0","0","0","152972","152972","152972"
"1286","0","0","0","26721","26721","26721","0","0","0","153042","153042","153042","0","0","0","153187","153187","153187","0","0","0","152920","152920","152920","0","0","0","152976","152976","152976"
"1287","0","0","0","26875","26875","26875","0","0","0","154078","154078","154078","0","0","0","154223","154223","154223","0","0","0","153957","153957","153957","0","0","0","154012","154012","154012"
"1288","0","0","0","26879","26879","26879","0","0","0","154082","154082","154082","0","0","0","154227","154227","154227","0","0","0","153961","153961","153961","0","0","0","154016","154016","154016"
"1289","0","0","0","26883","26883","26883","0","0","0","154086","154086","154086","0","0","0","154231","154231","154231","0","0","0","153965","153965","153965","0","0","0","154020","154020","154020"
"1290","0","0","0","26887","26887","26887","0","0","0","154090","154090","154090","0","0","0","154235","154235","154235","0","0","0","153969","153969","153969","0","0","0","154024","154024","154024"
"1291","0","0","0","26891","26891","26891","0","0","0","154094","154094","154094","0","0","0","154239","154239","154239","0","0","0","153973","153973","153973","0","0","0","154028","154028","154028"
"1292","0","0","0","26895","26895","26895","0","0","0","154098","154098","154098","0","0","0","154243","154243","154243","0","0","0","153977","153977","153977","0","0","0","154032","154032","154032"
"1293","0","0","0","26899","26899","26899","0","0","0","154102","154102","154102","0","0","0","154247","154247","154247","0","0","0","153981","153981","153981","0","0","0","154036","154036","154036"
"1294","0","0","0","26903","26903","26903","0","0","0","154106","154106","154106","0","0","0","154251","154251","154251","0","0","0","153985","153985","153985","0","0","0","154040","154040","154040"
"1295","0","0","0","26907","26907","26907","0","0","0","154110","154110","154110","0","0","0","154255","154255","154255","0","0","0","153989","153989","153989","0","0","0","154044","154044","154044"
"1296","0","0","0","27058","27058","27058","0","0","0","155146","155146","155146","0","0","0","155290","155290","155290","0","0","0","155030","155030","155030","0","0","0","155080","155080","155080"
"1297","0","0","0","27062","27062","27062","0","0","0","155150","155150","155150","0","0","0","155294","155294","155294","0","0","0","155034","155034","155034","0","0","0","155084","155084","155084"
"1298","0","0","0","27066","27066","27066","0","0","0","155154","155154","155154","0","0","0","155298","155298","155298","0","0","0","155038","155038","155038","0","0","0","155088","155088","155088"
"1299","0","0","0","27070","27070","27070","0","0","0","155158","155158","155158","0","0","0","155302","155302","155302","0","0","0","155042","155042","155042","0","0","0","155092","155092","155092"
"1300","0","0","0","27074","27074","27074","0","0","0","155162","155162","155162","0","0","0","155306","155306","155306","0","0","0","155046","155046","155046","0","0","0","155096","155096","155096"
"1301","0","0","0","27078","27078","27078","0","0","0","155166","155166","155166","0","0","0","155310","155310","155310","0","0","0","155050","155050","155050","0","0","0","155100","155100","155100"
"1302","0","0","0","27082","27082","27082","0","0","0","155170","155170","155170","0","0","0","155314","155314","155314","0","0","0","155054","155054","155054","0","0","0","155104","155104","155104"
"1303","0","0","0","27086","27086","27086","0","0","0","155174","155174","155174","0","0","0","155318","155318","155318","0","0","0","155058","155058","155058","0","0","0","155108","155108","155108"
"1304","0","0","0","27090","27090","27090","0","0","0","155178","155178","155178","0","0","0","155322","155322","155322","0","0","0","155062","155062","155062","0","0","0","155112","155112","155112"
"1305","0","0","0","27250","27250","27250","0","0","0","156215","156215","156215","0","0","0","156358","156358","156358","0","0","0","156103","156103","156103","0","0","0","156148","156148","156148"
"1306","0","0","0","27254","27254","27254","0","0","0","156219","156219","156219","0","0","0","156362","156362","156362","0","0","0","156107","156107","156107","0","0","0","156152","156152","156152"
"1307","0","0","0","27258","27258","27258","0","0","0","156223","156223","156223","0","0","0","156366","156366","156366","0","0","0","156111","156111","156111","0","0","0","156156","156156","156156"
"1308","0","0","0","27262","27262","27262","0","0","0","156227","156227","156227","0","0","0","156370","156370","156370","0","0","0","156115","156115","156115","0","0","0","156160","156160","156160"
"1309","0","0","0","27266","27266","27266","0","0","0","156231","156231","156231","0","0","0","156374","156374","156374","0","0","0","156119","156119","156119","0","0","0","156164","156164","156164"
"1310","0","0","0","27270","27270","27270","0","0","0","156235","156235","156235","0","0","0","156378","156378","156378","0","0","0","156123","156123","156123","0","0","0","156168","156168","156168"
"1311","0","0","0","27274","27274","27274","0","0","0","156239","156239","156239","0","0","0","156382","156382","156382","0","0","0","156127","156127","156127","0","0","0","156172","156172","156172"
"1312","0","0","0","27278","27278","27278","0","0","0","156243","156243","156243","0","0","0","156386","156386","156386","0","0","0","156131","156131","156131","0","0","0","156176","156176","156176"
"1313","0","0","0","27282","27282","27282","0","0","0","156247","156247","156247","0","0","0","156390","156390","156390","0","0","0","156135","156135","156135","0","0","0","156180","156180","156180"
"1314","0","0","0","27437","27437","27437","0","0","0","157288","157288","157288","0","0","0","157426","157426","157426","0","0","0","157172","157172","157172","0","0","0","157217","157217","157217"
"1315","0","0","0","27441","27441","27441","0","0","0","157292","157292","157292","0","0","0","157430","157430","157430","0","0","0","157176","157176","157176","0","0","0","157221","157221","157221"
"1316","0","0","0","27445","27445","27445","0","0","0","157296","157296","157296","0","0","0","157434","157434","157434","0","0","0","157180","157180","157180","0","0","0","157225","157225","157225"
"1317","0","0","0","27449","27449","27449","0","0","0","157300","157300","157300","0","0","0","157438","157438","157438","0","0","0","157184","157184","157184","3","3","3","157229","157229","157229"
"1318","0","0","0","27453","27453","27453","0","0","0","157304","157304","157304","0","0","0","157442","157442","157442","0","0","0","157188","157188","157188","0","0","0","157233","157233","157233"
"1319","0","0","0","27457","27457","27457","0","0","0","157308","157308","157308","0","0","0","157446","157446","157446","0","0","0","157192","157192","157192","0","0","0","157237","157237","157237"
"1320","0","0","0","27461","27461","27461","0","0","0","157312","157312","157312","0","0","0","157450","157450","157450","0","0","0","157196","157196","157196","0","0","0","157241","157241","157241"
"1321","0","0","0","27465","27465","27465","0","0","0","157316","157316","157316","0","0","0","157454","157454","157454","0","0","0","157200","157200","157200","0","0","0","157245","157245","157245"
"1322","0","0","0","27469","27469","27469","0","0","0","157320","157320","157320","0","0","0","157458","157458","157458","0","0","0","157204","157204","157204","0","0","0","157249","157249","157249"
"1323","0","0","0","27624","27624","27624","0","0","0","158355","158355","158355","0","0","0","158494","158494","158494","0","0","0","158240","158240","158240","0","0","0","158284","158284","158284"
"1324","0","0","0","27628","27628","27628","0","0","0","158359","158359","158359","0","0","0","158498","158498","158498","0","0","0","158244","158244","158244","0","0","0","158288","158288","158288"
"1325","0","0","0","27632","27632","27632","0","0","0","158363","158363","158363","0","0","0","158502","158502","158502","0","0","0","158248","158248","158248","0","0","0","158292","158292","158292"
"1326","0","0","0","27636","27636","27636","0","0","0","158367","158367","158367","0","0","0","158506","158506","158506","0","0","0","158252","158252","158252","0","0","0","158296","158296","158296"
"1327","0","0","0","27640","27640","27640","0","0","0","158371","158371","158371","0","0","0","158510","158510","158510","0","0","0","158256","158256","158256","0","0","0","158300","158300","158300"
"1328","0","0","0","27644","27644","27644","0","0","0","158375","158375","158375","0","0","0","158514","158514","158514","0","0","0","158260","158260","158260","0","0","0","158304","158304","158304"
"1329","0","0","0","27648","27648","27648","0","0","0","158379","158379","158379","0","0","0","158518","158518","158518","0","0","0","158264","158264","158264","0","0","0","158308","158308","158308"
"1330","0","0","0","27652","27652","27652","0","0","0","158383","158383","158383","0","0","0","158522","158522","158522","0","0","0","158268","158268","158268","0","0","0","158312","158312","158312"
"1331","0","0","0","27656","27656","27656","0","0","0","158387","158387","158387","0","0","0","158526","158526","158526","0","0","0","158272","158272","158272","0","0","0","158316","158316","158316"
"1332","0","0","0","27812","27812","27812","0","0","0","159428","159428","159428","0","0","0","159562","159562","159562","0","0","0","159314","159314","159314","0","0","0","159357","159357","159357"
"1333","0","0","0","27816","27816","27816","0","0","0","159432","159432","159432","0","0","0","159566","159566","159566","0","0","0","159318","159318","159318","0","0","0","159361","159361","159361"
"1334","0","0","0","27820","27820","27820","0","0","0","159436","159436","159436","0","0","0","159570","159570","159570","0","0","0","159322","159322","159322","0","0","0","159365","159365","159365"
"1335","0","0","0","27824","27824","27824","0","0","0","159440","159440","159440","0","0","0","159574","159574","159574","0","0","0","159326","159326","159326","0","0","0","159369","159369","159369"
"1336","0","0","0","27828","27828","27828","0","0","0","159444","159444","159444","0","0","0","159578","159578","159578","0","0","0","159330","159330","159330","0","0","0","159373","159373","159373"
"1337","0","0","0","27832","27832","27832","0","0","0","159448","159448","159448","0","0","0","159582","159582","159582","0","0","0","159334","159334","159334","0","0","0","159377","159377","159377"
"1338","0","0","0","27836","27836","27836","0","0","0","159452","159452","159452","0","0","0","159586","159586","159586","0","0","0","159338","159338","159338","0","0","0","159381","159381","159381"
"1339","0","0","0","27840","27840","27840","0","0","0","159456","159456","159456","0","0","0","159590","159590","159590","0","0","0","159342","159342","159342","0","0","0","159385","159385","159385"
"1340","0","0","0","27844","27844","27844","0","0","0","159460","159460","159460","0","0","0","159594","159594","159594","0","0","0","159346","159346","159346","0","0","0","159389","159389","159389"
"1341","2","2","2","28004","28004","28004","0","0","0","160496","160496","160496","0","0","0","160635","160635","160635","0","0","0","160387","160387","160387","0","0","0","160425","160425","160425"
"1342","0","0","0","28008","28008","28008","0","0","0","160500","160500","160500","0","0","0","160639","160639","160639","0","0","0","160391","160391","160391","0","0","0","160429","160429","160429"
"1343","0","0","0","28012","28012","28012","0","0","0","160504","160504","160504","0","0","0","160643","160643","160643","0","0","0","160395","160395","160395","0","0","0","160433","160433","160433"
"1344","0","0","0","28016","28016","28016","0","0","0","160508","160508","160508","0","0","0","160647","160647","160647","0","0","0","160399","160399","160399","0","0","0","160437","160437","160437"
"1345","0","0","0","28020","28020","28020","0","0","0","160512","160512","160512","0","0","0","160651","160651","160651","0","0","0","160403","160403","160403","0","0","0","160441","160441","160441"
"1346","0","0","0","28024","28024","28024","0","0","0","160516","160516","160516","0","0","0","160655","160655","160655","0","0","0","160407","160407","160407","0","0","0","160445","160445","160445"
"1347","0","0","0","28028","28028","28028","0","0","0","160520","160520","160520","0","0","0","160659","160659","160659","0","0","0","160411","160411","160411","0","0","0","160449","160449","160449"
"1348","0","0","0","28032","28032","28032","0","0","0","160524","160524","160524","0","0","0","160663","160663","160663","0","0","0","160415","160415","160415","0","0","0","160453","160453","160453"
"1349","0","0","0","28036","28036","28036","0","0","0","160528","160528","160528","0","0","0","160667","160667","160667","0","0","0","160419","160419","160419","0","0","0","160457","160457","160457"
"1350","0","0","0","28188","28188","28188","0","0","0","161569","161569","161569","0","0","0","161703","161703","161703","0","0","0","161455","161455","161455","0","0","0","161493","161493","161493"
"1351","0","0","0","28192","28192","28192","0","0","0","161573","161573","161573","0","0","0","161707","161707","161707","0","0","0","161459","161459","161459","0","0","0","161497","161497","161497"
"1352","0","0","0","28196","28196","28196","0","0","0","161577","161577","161577","0","0","0","161711","161711","161711","0","0","0","161463","161463","161463","0","0","0","161501","161501","161501"
"1353","0","0","0","28200","28200","28200","0","0","0","161581","161581","161581","0","0","0","161715","161715","161715","0","0","0","161467","161467","161467","0","0","0","161505","161505","161505"
"1354","0","0","0","28204","28204","28204","0","0","0","161585","161585","161585","0","0","0","161719","161719","161719","0","0","0","161471","161471","161471","0","0","0","161509","161509","161509"
"1355","0","0","0","28208","28208","28208","0","0","0","161589","161589","161589","0","0","0","161723","161723","161723","0","0","0","161475","161475","161475","0","0","0","161513","161513","161513"
"1356","0","0","0","28212","28212","28212","0","0","0","161593","161593","161593","0","0","0","161727","161727","161727","0","0","0","161479","161479","161479","0","0","0","161517","161517","161517"
"1357","0","0","0","28216","28216","28216","0","0","0","161597","161597","161597","0","0","0","161731","161731","161731","0","0","0","161483","161483","161483","0","0","0","161521","161521","161521"
"1358","0","0","0","28220","28220","28220","0","0","0","161601","161601","161601","0","0","0","161735","161735","161735","0","0","0","161487","161487","161487","0","0","0","161525","161525","161525"
"1359","0","0","0","28373","28373","28373","0","0","0","162637","162637","162637","0","0","0","162777","162777","162777","0","0","0","162528","162528","162528","0","0","0","162561","162561","162561"
"1360","0","0","0","28377","28377","28377","0","0","0","162641","162641","162641","0","0","0","162781","162781","162781","0","0","0","162532","162532","162532","0","0","0","162565","162565","162565"
"1361","0","0","0","28381","28381","28381","0","0","0","162645","162645","162645","0","0","0","162785","162785","162785","0","0","0","162536","162536","162536","0","0","0","162569","162569","162569"
"1362","0","0","0","28385","28385","28385","0","0","0","162649","162649","162649","0","0","0","162789","162789","162789","0","0","0","162540","162540","162540","0","0","0","162573","162573","162573"
"1363","0","0","0","28389","28389","28389","0","0","0","162653","162653","162653","0","0","0","162793","162793","162793","0","0","0","162544","162544","162544","0","0","0","162577","162577","162577"
"1364","0","0","0","28393","28393","28393","0","0","0","162657","162657","162657","0","0","0","162797","162797","162797","0","0","0","162548","162548","162548","0","0","0","162581","162581","162581"
"1365","0","0","0","28397","28397","28397","0","0","0","162661","162661","162661","0","0","0","162801","162801","162801","0","0","0","162552","162552","162552","0","0","0","162585","162585","162585"
"1366","0","0","0","28401","28401","28401","0","0","0","162665","162665","162665","0","0","0","162805","162805","162805","0","0","0","162556","162556","162556","0","0","0","162589","162589","162589"
"1367","0","0","0","28405","28405","28405","0","0","0","162669","162669","162669","0","0","0","162809","162809","162809","0","0","0","162560","162560","162560","0","0","0","162593","162593","162593"
"1368","0","0","0","28556","28556","28556","0","0","0","163704","163704","163704","0","0","0","163845","163845","163845","0","0","0","163596","163596","163596","0","0","0","163635","163635","163635"
"1369","0","0","0","28560","28560","28560","0","0","0","163708","163708","163708","0","0","0","163849","163849","163849","0","0","0","163600","163600","163600","0","0","0","163639","163639","163639"
"1370","0","0","0","28564","28564","28564","0","0","0","163712","163712","163712","0","0","0","163853","163853","163853","0","0","0","163604","163604","163604","0","0","0","163643","163643","163643"
"1371","0","0","0","28568","28568","28568","0","0","0","163716","163716","163716","0","0","0","163857","163857","163857","0","0","0","163608","163608","163608","0","0","0","163647","163647","163647"
"1372","0","0","0","28572","28572","28572","0","0","0","163720","163720","163720","0","0","0","163861","163861","163861","0","0","0","163612","163612","163612","0","0","0","163651","163651","163651"
"1373","0","0","0","28576","28576","28576","0","0","0","163724","163724","163724","0","0","0","163865","163865","163865","0","0","0","163616","163616","163616","0","0","0","163655","163655","163655"
"1374","0","0","0","28580","28580","28580","0","0","0","163728","163728","163728","0","0","0","163869","163869","163869","0","0","0","163620","163620","163620","0","0","0","163659","163659","163659"
"1375","0","0","0","28584","28584","28584","0","0","0","163732","163732","163732","0","0","0","163873","163873","163873","0","0","0","163624","163624","163624","0","0","0","163663","163663","163663"
"1376","0","0","0","28588","28588","28588","0","0","0","163736","163736","163736","0","0","0","163877","163877","163877","0","0","0","163628","163628","163628","0","0","0","163667","163667","163667"
"1377","0","0","0","28749","28749","28749","0","0","0","164778","164778","164778","0","0","0","164918","164918","164918","0","0","0","164665","164665","164665","0","0","0","164702","164702","164702"
"1378","0","0","0","28753","28753","28753","0","0","0","164782","164782","164782","0","0","0","164922","164922","164922","0","0","0","164669","164669","164669","0","0","0","164706","164706","164706"
"1379","0","0","0","28757","28757","28757","0","0","0","164786","164786","164786","0","0","0","164926","164926","164926","0","0","0","164673","164673","164673","0","0","0","164710","164710","164710"
"1380","0","0","0","28761","28761","28761","0","0","0","164790","164790","164790","0","0","0","164930","164930","164930","0","0","0","164677","164677","164677","0","0","0","164714","164714","164714"
"1381","0","0","0","28765","28765","28765","0","0","0","164794","164794","164794","0","0","0","164934","164934","164934","0","0","0","164681","164681","164681","0","0","0","164718","164718","164718"
"1382","0","0","0","28769","28769","28769","0","0","0","164798","164798","164798","0","0","0","164938","164938","164938","0","0","0","164685","164685","164685","0","0","0","164722","164722","164722"
"1383","0","0","0","28773","28773","28773","0","0","0","164802","164802","164802","0","0","0","164942","164942","164942","0","0","0","164689","164689","164689","0","0","0","164726","164726","164726"
"1384","0","0","0","28777","28777","28777","0","0","0","164806","164806","164806","0","0","0","164946","164946","164946","0","0","0","164693","164693","164693","0","0","0","164730","164730","164730"
"1385","0","0","0","28781","28781","28781","0","0","0","164810","164810","164810","0","0","0","164950","164950","164950","0","0","0","164697","164697","164697","0","0","0","164734","164734","164734"
"1386","0","0","0","28938","28938","28938","0","0","0","165846","165846","165846","0","0","0","165991","165991","165991","0","0","0","165738","165738","165738","0","0","0","165770","165770","165770"
"1387","0","0","0","28942","28942","28942","0","0","0","165850","165850","165850","0","0","0","165995","165995","165995","0","0","0","165742","165742","165742","0","0","0","165774","165774","165774"
"1388","0","0","0","28946","28946","28946","0","0","0","165854","165854","165854","0","0","0","165999","165999","165999","0","0","0","165746","165746","165746","0","0","0","165778","165778","165778"
"1389","0","0","0","28950","28950","28950","0","0","0","165858","165858","165858","0","0","0","166003","166003","166003","0","0","0","165750","165750","165750","0","0","0","165782","165782","165782"
"1390","0","0","0","28954","28954","28954","0","0","0","165862","165862","165862","0","0","0","166007","166007","166007","0","0","0","165754","165754","165754","0","0","0","165786","165786","165786"
"1391","0","0","0","28958","28958","28958","0","0","0","165866","165866","165866","0","0","0","166011","166011","166011","0","0","0","165758","165758","165758","0","0","0","165790","165790","165790"
"1392","0","0","0","28962","28962","28962","0","0","0","165870","165870","165870","0","0","0","166015","166015","166015","0","0","0","165762","165762","165762","0","0","0","165794","165794","165794"
"1393","0","0","0","28966","28966","28966","0","0","0","165874","165874","165874","0","0","0","166019","166019","166019","0","0","0","165766","165766","165766","0","0","0","165798","165798","165798"
"1394","0","0","0","28970","28970","28970","0","0","0","165878","165878","165878","0","0","0","166023","166023","166023","0","0","0","165770","165770","165770","0","0","0","165802","165802","165802"
"1395","0","0","0","29125","29125","29125","0","0","0","166914","166914","166914","0","0","0","167059","167059","167059","0","0","0","166806","166806","166806","0","0","0","166844","166844","166844"
"1396","0","0","0","29129","29129","29129","0","0","0","166918","166918","166918","0","0","0","167063","167063","167063","0","0","0","166810","166810","166810","0","0","0","166848","166848","166848"
"1397","0","0","0","29133","29133","29133","0","0","0","166922","166922","166922","0","0","0","167067","167067","167067","0","0","0","166814","166814","166814","0","0","0","166852","166852","166852"
"1398","0","0","0","29137","29137","29137","0","0","0","166926","166926","166926","0","0","0","167071","167071","167071","0","0","0","166818","166818","166818","0","0","0","166856","166856","166856"
"1399","0","0","0","29141","29141","29141","0","0","0","166930","166930","166930","0","0","0","167075","167075","167075","0","0","0","166822","166822","166822","0","0","0","166860","166860","166860"
"1400","0","0","0","29145","29145","29145","0","0","0","166934","166934","166934","0","0","0","167079","167079","167079","0","0","0","166826","166826","166826","0","0","0","166864","166864","166864"
"1401","0","0","0","29149","29149","29149","0","0","0","166938","166938","166938","0","0","0","167083","167083","167083","0","0","0","166830","166830","166830","0","0","0","166868","166868","166868"
"1402","0","0","0","29153","29153","29153","0","0","0","166942","166942","166942","0","0","0","167087","167087","167087","0","0","0","166834","166834","166834","0","0","0","166872","166872","166872"
"1403","0","0","0","29157","29157","29157","0","0","0","166946","166946","166946","0","0","0","167091","167091","167091","0","0","0","166838","166838","166838","0","0","0","166876","166876","166876"
"1404","0","0","0","29314","29314","29314","0","0","0","167988","167988","167988","0","0","0","168128","168128","168128","0","0","0","167874","167874","167874","0","0","0","167912","167912","167912"
"1405","0","0","0","29318","29318","29318","0","0","0","167992","167992","167992","0","0","0","168132","168132","168132","0","0","0","167878","167878","167878","0","0","0","167916","167916","167916"
"1406","0","0","0","29322","29322","29322","0","0","0","167996","167996","167996","0","0","0","168136","168136","168136","0","0","0","167882","167882","167882","0","0","0","167920","167920","167920"
"1407","0","0","0","29326","29326","29326","0","0","0","168000","168000","168000","0","0","0","168140","168140","168140","0","0","0","167886","167886","167886","0","0","0","167924","167924","167924"
"1408","0","0","0","29330","29330","29330","0","0","0","168004","168004","168004","0","0","0","168144","168144","168144","0","0","0","167890","167890","167890","0","0","0","167928","167928","167928"
"1409","0","0","0","29334","29334","29334","0","0","0","168008","168008","168008","0","0","0","168148","168148","168148","0","0","0","167894","167894","167894","0","0","0","167932","167932","167932"
"1410","0","0","0","29338","29338","29338","0","0","0","168012","168012","168012","0","0","0","168152","168152","168152","0","0","0","167898","167898","167898","0","0","0","167936","167936","167936"
"1411","0","0","0","29342","29342","29342","0","0","0","168016","168016","168016","0","0","0","168156","168156","168156","0","0","0","167902","167902","167902","0","0","0","167940","167940","167940"
"1412","0","0","0","29346","29346","29346","0","0","0","168020","168020","168020","0","0","0","168160","168160","168160","0","0","0","167906","167906","167906","0","0","0","167944","167944","167944"
"1413","0","0","0","29501","29501","29501","0","0","0","169056","169056","169056","0","0","0","169196","169196","169196","0","0","0","168942","168942","168942","0","0","0","168980","168980","168980"
"1414","0","0","0","29505","29505","29505","0","0","0","169060","169060","169060","0","0","0","169200","169200","169200","0","0","0","168946","168946","168946","0","0","0","168984","168984","168984"
"1415","0","0","0","29509","29509","29509","0","0","0","169064","169064","169064","0","0","0","169204","169204","169204","0","0","0","168950","168950","168950","0","0","0","168988","168988","168988"
"1416","0","0","0","29513","29513","29513","0","0","0","169068","169068","169068","0","0","0","169208","169208","169208","0","0","0","168954","168954","168954","0","0","0","168992","168992","168992"
"1417","0","0","0","29517","29517","29517","0","0","0","169072","169072","169072","0","0","0","169212","169212","169212","0","0","0","168958","168958","168958","0","0","0","168996","168996","168996"
"1418","0","0","0","29521","29521","29521","0","0","0","169076","169076","169076","0","0","0","169216","169216","169216","0","0","0","168962","168962","168962","0","0","0","169000","169000","169000"
"1419","0","0","0","29525","29525","29525","0","0","0","169080","169080","169080","0","0","0","169220","169220","169220","0","0","0","168966","168966","168966","0","0","0","169004","169004","169004"
"1420","0","0","0","29529","29529","29529","0","0","0","169084","169084","169084","0","0","0","169224","169224","169224","0","0","0","168970","168970","168970","0","0","0","169008","169008","169008"
"1421","0","0","0","29533","29533","29533","0","0","0","169088","169088","169088","0","0","0","169228","169228","169228","0","0","0","168974","168974","168974","0","0","0","169012","169012","169012"
"1422","0","0","0","29687","29687","29687","0","0","0","170124","170124","170124","0","0","0","170263","170263","170263","0","0","0","170010","170010","170010","0","0","0","170048","170048","170048"
"1423","0","0","0","29691","29691","29691","0","0","0","170128","170128","170128","0","0","0","170267","170267","170267","0","0","0","170014","170014","170014","0","0","0","170052","170052","170052"
"1424","0","0","0","29695","29695","29695","0","0","0","170132","170132","170132","0","0","0","170271","170271","170271","0","0","0","170018","170018","170018","0","0","0","170056","170056","170056"
"1425","0","0","0","29699","29699","29699","0","0","0","170136","170136","170136","0","0","0","170275","170275","170275","0","0","0","170022","170022","170022","0","0","0","170060","170060","170060"
"1426","0","0","0","29703","29703","29703","0","0","0","170140","170140","170140","0","0","0","170279","170279","170279","0","0","0","170026","170026","170026","0","0","0","170064","170064","170064"
"1427","0","0","0","29707","29707","29707","0","0","0","170144","170144","170144","0","0","0","170283","170283","170283","0","0","0","170030","170030","170030","0","0","0","170068","170068","170068"
"1428","0","0","0","29711","29711","29711","0","0","0","170148","170148","170148","0","0","0","170287","170287","170287","0","0","0","170034","170034","170034","0","0","0","170072","170072","170072"
"1429","0","0","0","29715","29715","29715","0","0","0","170152","170152","170152","0","0","0","170291","170291","170291","0","0","0","170038","170038","170038","0","0","0","170076","170076","170076"
"1430","0","0","0","29719","29719","29719","0","0","0","170156","170156","170156","0","0","0","170295","170295","170295","0","0","0","170042","170042","170042","0","0","0","170080","170080","170080"
"1431","0","0","0","29873","29873","29873","0","0","0","171193","171193","171193","0","0","0","171336","171336","171336","0","0","0","171079","171079","171079","0","0","0","171117","171117","171117"
"1432","0","0","0","29877","29877","29877","0","0","0","171197","171197","171197","0","0","0","171340","171340","171340","0","0","0","171083","171083","171083","0","0","0","171121","171121","171121"
"1433","0","0","0","29881","29881","29881","0","0","0","171201","171201","171201","0","0","0","171344","171344","171344","0","0","0","171087","171087","171087","0","0","0","171125","171125","171125"
"1434","0","0","0","29885","29885","29885","1","1","1","171206","171206","171206","0","0","0","171348","171348","171348","0","0","0","171091","171091","171091","0","0","0","171129","171129","171129"
"1435","0","0","0","29889","29889","29889","0","0","0","171210","171210","171210","0","0","0","171352","171352","171352","0","0","0","171095","171095","171095","0","0","0","171133","171133","171133"
"1436","0","0","0","29893","29893","29893","0","0","0","171214","171214","171214","0","0","0","171356","171356","171356","0","0","0","171099","171099","171099","0","0","0","171137","171137","171137"
"1437","0","0","0","29897","29897","29897","0","0","0","171218","171218","171218","0","0","0","171360","171360","171360","0","0","0","171103","171103","171103","0","0","0","171141","171141","171141"
"1438","0","0","0","29901","29901","29901","0","0","0","171222","171222","171222","0","0","0","171364","171364","171364","0","0","0","171107","171107","171107","0","0","0","171145","171145","171145"
"1439","0","0","0","29905","29905","29905","0","0","0","171226","171226","171226","0","0","0","171368","171368","171368","0","0","0","171111","171111","171111","0","0","0","171149","171149","171149"
"1440","0","0","0","30061","30061","30061","0","0","0","172262","172262","172262","0","0","0","172410","172410","172410","0","0","0","172147","172147","172147","0","0","0","172185","172185","172185"
"1441","0","0","0","30065","30065","30065","0","0","0","172266","172266","172266","0","0","0","172414","172414","172414","0","0","0","172151","172151","172151","0","0","0","172189","172189","172189"
"1442","0","0","0","30069","30069","30069","0","0","0","172270","172270","172270","0","0","0","172418","172418","172418","0","0","0","172155","172155","172155","0","0","0","172193","172193","172193"
"1443","0","0","0","30073","30073","30073","0","0","0","172274","172274","172274","0","0","0","172422","172422","172422","0","0","0","172159","172159","172159","0","0","0","172197","172197","172197"
"1444","0","0","0","30077","30077","30077","0","0","0","172278","172278","172278","0","0","0","172426","172426","172426","0","0","0","172163","172163","172163","0","0","0","172201","172201","172201"
"1445","0","0","0","30081","30081","30081","0","0","0","172282","172282","172282","0","0","0","172430","172430","172430","0","0","0","172167","172167","172167","0","0","0","172205","172205","172205"
"1446","0","0","0","30085","30085","30085","0","0","0","172286","172286","172286","0","0","0","172434","172434","172434","0","0","0","172171","172171","172171","0","0","0","172209","172209","172209"
"1447","0","0","0","30089","30089","30089","0","0","0","172290","172290","172290","0","0","0","172438","172438","172438","0","0","0","172175","172175","172175","0","0","0","172213","172213","172213"
"1448","0","0","0","30093","30093","30093","0","0","0","172294","172294","172294","0","0","0","172442","172442","172442","0","0","0","172179","172179","172179","0","0","0","172217","172217","172217"
"1449","0","0","0","30249","30249","30249","0","0","0","173330","173330","173330","0","0","0","173483","173483","173483","0","0","0","173221","173221","173221","0","0","0","173253","173253","173253"
"1450","0","0","0","30253","30253","30253","0","0","0","173334","173334","173334","0","0","0","173487","173487","173487","0","0","0","173225","173225","173225","0","0","0","173257","173257","173257"
"1451","0","0","0","30257","30257","30257","0","0","0","173338","173338","173338","0","0","0","173491","173491","173491","0","0","0","173229","173229","173229","0","0","0","173261","173261","173261"
"1452","0","0","0","30261","30261","30261","0","0","0","173342","173342","173342","0","0","0","173495","173495","173495","0","0","0","173233","173233","173233","0","0","0","173265","173265","173265"
"1453","0","0","0","30265","30265","30265","0","0","0","173346","173346","173346","0","0","0","173499","173499","173499","0","0","0","173237","173237","173237","0","0","0","173269","173269","173269"
"1454","0","0","0","30269","30269","30269","0","0","0","173350","173350","173350","0","0","0","173503","173503","173503","0","0","0","173241","173241","173241","0","0","0","173273","173273","173273"
"1455","0","0","0","30273","30273","30273","0","0","0","173354","173354","173354","0","0","0","173507","173507","173507","0","0","0","173245","173245","173245","0","0","0","173277","173277","173277"
"1456","0","0","0","30277","30277","30277","0","0","0","173358","173358","173358","0","0","0","173511","173511","173511","0","0","0","173249","173249","173249","0","0","0","173281","173281","173281"
"1457","0","0","0","30281","30281","30281","0","0","0","173362","173362","173362","0","0","0","173515","173515","173515","0","0","0","173253","173253","173253","0","0","0","173285","173285","173285"
"1458","0","0","0","30434","30434","30434","0","0","0","174404","174404","174404","0","0","0","174556","174556","174556","0","0","0","174290","174290","174290","0","0","0","174322","174322","174322"
"1459","0","0","0","30438","30438","30438","0","0","0","174408","174408","174408","0","0","0","174560","174560","174560","0","0","0","174294","174294","174294","0","0","0","174326","174326","174326"
"1460","0","0","0","30442","30442","30442","0","0","0","174412","174412","174412","0","0","0","174564","174564","174564","0","0","0","174298","174298","174298","0","0","0","174330","174330","174330"
"1461","0","0","0","30446","30446","30446","0","0","0","174416","174416","174416","0","0","0","174568","174568","174568","0","0","0","174302","174302","174302","0","0","0","174334","174334","174334"
"1462","0","0","0","30450","30450","30450","0","0","0","174420","174420","174420","0","0","0","174572","174572","174572","0","0","0","174306","174306","174306","0","0","0","174338","174338","174338"
"1463","0","0","0","30454","30454","30454","0","0","0","174424","174424","174424","0","0","0","174576","174576","174576","0","0","0","174310","174310","174310","0","0","0","174342","174342","174342"
"1464","0","0","0","30458","30458","30458","0","0","0","174428","174428","174428","0","0","0","174580","174580","174580","0","0","0","174314","174314","174314","0","0","0","174346","174346","174346"
"1465","0","0","0","30462","30462","30462","0","0","0","174432","174432","174432","0","0","0","174584","174584","174584","0","0","0","174318","174318","174318","0","0","0","174350","174350","174350"
"1466","0","0","0","30466","30466","30466","0","0","0","174436","174436","174436","0","0","0","174588","174588","174588","0","0","0","174322","174322","174322","0","0","0","174354","174354","174354"
"1467","0","0","0","30618","30618","30618","0","0","0","175472","175472","175472","0","0","0","175624","175624","175624","0","0","0","175364","175364","175364","0","0","0","175390","175390","175390"
"1468","0","0","0","30622","30622","30622","0","0","0","175476","175476","175476","0","0","0","175628","175628","175628","0","0","0","175368","175368","175368","0","0","0","175394","175394","175394"
"1469","0","0","0","30626","30626","30626","0","0","0","175480","175480","175480","0","0","0","175632","175632","175632","0","0","0","175372","175372","175372","0","0","0","175398","175398","175398"
"1470","0","0","0","30630","30630","30630","0","0","0","175484","175484","175484","0","0","0","175636","175636","175636","0","0","0","175376","175376","175376","0","0","0","175402","175402","175402"
"1471","0","0","0","30634","30634","30634","0","0","0","175488","175488","175488","0","0","0","175640","175640","175640","0","0","0","175380","175380","175380","0","0","0","175406","175406","175406"
"1472","0","0","0","30638","30638","30638","0","0","0","175492","175492","175492","0","0","0","175644","175644","175644","0","0","0","175384","175384","175384","0","0","0","175410","175410","175410"
"1473","0","0","0","30642","30642","30642","0","0","0","175496","175496","175496","0","0","0","175648","175648","175648","0","0","0","175388","175388","175388","0","0","0","175414","175414","175414"
"1474","0","0","0","30646","30646","30646","0","0","0","175500","175500","175500","0","0","0","175652","175652","175652","0","0","0","175392","175392","175392","0","0","0","175418","175418","175418"
"1475","0","0","0","30650","30650","30650","0","0","0","175504","175504","175504","0","0","0","175656","175656","175656","0","0","0","175396","175396","175396","0","0","0","175422","175422","175422"
"1476","0","0","0","30806","30806","30806","0","0","0","176540","176540","176540","0","0","0","176692","176692","176692","0","0","0","176437","176437","176437","0","0","0","176458","176458","176458"
"1477","0","0","0","30810","30810","30810","0","0","0","176544","176544","176544","0","0","0","176696","176696","176696","0","0","0","176441","176441","176441","0","0","0","176462","176462","176462"
"1478","0","0","0","30814","30814","30814","0","0","0","176548","176548","176548","0","0","0","176700","176700","176700","0","0","0","176445","176445","176445","0","0","0","176466","176466","176466"
"1479","0","0","0","30818","30818","30818","0","0","0","176552","176552","176552","0","0","0","176704","176704","176704","0","0","0","176449","176449","176449","0","0","0","176470","176470","176470"
"1480","0","0","0","30822","30822","30822","0","0","0","176556","176556","176556","0","0","0","176708","176708","176708","0","0","0","176453","176453","176453","0","0","0","176474","176474","176474"
"1481","0","0","0","30826","30826","30826","0","0","0","176560","176560","176560","0","0","0","176712","176712","176712","0","0","0","176457","176457","176457","0","0","0","176478","176478","176478"
"1482","0","0","0","30830","30830","30830","0","0","0","176564","176564","176564","0","0","0","176716","176716","176716","0","0","0","176461","176461","176461","0","0","0","176482","176482","176482"
"1483","0","0","0","30834","30834","30834","0","0","0","176568","176568","176568","0","0","0","176720","176720","176720","0","0","0","176465","176465","176465","0","0","0","176486","176486","176486"
"1484","0","0","0","30838","30838","30838","0","0","0","176572","176572","176572","0","0","0","176724","176724","176724","0","0","0","176469","176469","176469","0","0","0","176490","176490","176490"
"1485","0","0","0","30991","30991","30991","0","0","0","177613","177613","177613","0","0","0","177765","177765","177765","0","0","0","177510","177510","177510","0","0","0","177526","177526","177526"
"1486","0","0","0","30995","30995","30995","0","0","0","177617","177617","177617","0","0","0","177769","177769","177769","0","0","0","177514","177514","177514","0","0","0","177530","177530","177530"
"1487","0","0","0","30999","30999","30999","0","0","0","177621","177621","177621","0","0","0","177773","177773","177773","0","0","0","177518","177518","177518","0","0","0","177534","177534","177534"
"1488","0","0","0","31003","31003","31003","0","0","0","177625","177625","177625","0","0","0","177777","177777","177777","0","0","0","177522","177522","177522","0","0","0","177538","177538","177538"
"1489","0","0","0","31007","31007","31007","0","0","0","177629","177629","177629","0","0","0","177781","177781","177781","0","0","0","177526","177526","177526","0","0","0","177542","177542","177542"
"1490","0","0","0","31011","31011","31011","0","0","0","177633","177633","177633","0","0","0","177785","177785","177785","0","0","0","177530","177530","177530","0","0","0","177546","177546","177546"
"1491","0","0","0","31015","31015","31015","0","0","0","177637","177637","177637","0","0","0","177789","177789","177789","0","0","0","177534","177534","177534","0","0","0","177550","177550","177550"
"1492","0","0","0","31019","31019","31019","0","0","0","177641","177641","177641","0","0","0","177793","177793","177793","0","0","0","177538","177538","177538","0","0","0","177554","177554","177554"
"1493","0","0","0","31023","31023","31023","0","0","0","177645","177645","177645","0","0","0","177797","177797","177797","0","0","0","177542","177542","177542","0","0","0","177558","177558","177558"
"1494","0","0","0","31178","31178","31178","0","0","0","178682","178682","178682","0","0","0","178833","178833","178833","0","0","0","178578","178578","178578","0","0","0","178595","178595","178595"
"1495","0","0","0","31182","31182","31182","0","0","0","178686","178686","178686","0","0","0","178837","178837","178837","0","0","0","178582","178582","178582","0","0","0","178599","178599","178599"
"1496","0","0","0","31186","31186","31186","0","0","0","178690","178690","178690","0","0","0","178841","178841","178841","0","0","0","178586","178586","178586","0","0","0","178603","178603","178603"
"1497","0","0","0","31190","31190","31190","0","0","0","178694","178694","178694","0","0","0","178845","178845","178845","0","0","0","178590","178590","178590","0","0","0","178607","178607","178607"
"1498","0","0","0","31194","31194","31194","0","0","0","178698","178698","178698","0","0","0","178849","178849","178849","0","0","0","178594","178594","178594","0","0","0","178611","178611","178611"
"1499","0","0","0","31198","31198","31198","0","0","0","178702","178702","178702","0","0","0","178853","178853","178853","0","0","0","178598","178598","178598","0","0","0","178615","178615","178615"
"1500","0","0","0","31202","31202","31202","0","0","0","178706","178706","178706","0","0","0","178857","178857","178857","0","0","0","178602","178602","178602","0","0","0","178619","178619","178619"
"1501","0","0","0","31206","31206","31206","0","0","0","178710","178710","178710","0","0","0","178861","178861","178861","0","0","0","178606","178606","178606","0","0","0","178623","178623","178623"
"1502","0","0","0","31210","31210","31210","0","0","0","178714","178714","178714","0","0","0","178865","178865","178865","0","0","0","178610","178610","178610","0","0","0","178627","178627","178627"
"1503","0","0","0","31367","31367","31367","0","0","0","179750","179750","179750","0","0","0","179901","179901","179901","0","0","0","179647","179647","179647","0","0","0","179663","179663","179663"
"1504","0","0","0","31371","31371","31371","0","0","0","179754","179754","179754","0","0","0","179905","179905","179905","0","0","0","179651","179651","179651","0","0","0","179667","179667","179667"
"1505","0","0","0","31375","31375","31375","0","0","0","179758","179758","179758","0","0","0","179909","179909","179909","0","0","0","179655","179655","179655","0","0","0","179671","179671","179671"
"1506","0","0","0","31379","31379","31379","0","0","0","179762","179762","179762","0","0","0","179913","179913","179913","0","0","0","179659","179659","179659","0","0","0","179675","179675","179675"
"1507","0","0","0","31383","31383","31383","0","0","0","179766","179766","179766","0","0","0","179917","179917","179917","0","0","0","179663","179663","179663","0","0","0","179679","179679","179679"
"1508","0","0","0","31387","31387","31387","0","0","0","179770","179770","179770","0","0","0","179921","179921","179921","0","0","0","179667","179667","179667","0","0","0","179683","179683","179683"
"1509","0","0","0","31391","31391","31391","0","0","0","179774","179774","179774","0","0","0","179925","179925","179925","0","0","0","179671","179671","179671","0","0","0","179687","179687","179687"
"1510","0","0","0","31395","31395","31395","0","0","0","179778","179778","179778","0","0","0","179929","179929","179929","0","0","0","179675","179675","179675","0","0","0","179691","179691","179691"
"1511","0","0","0","31399","31399","31399","0","0","0","179782","179782","179782","0","0","0","179933","179933","179933","0","0","0","179679","179679","179679","0","0","0","179695","179695","179695"
"1512","0","0","0","31552","31552","31552","0","0","0","180823","180823","180823","0","0","0","180975","180975","180975","0","0","0","180715","180715","180715","0","0","0","180736","180736","180736"
"1513","0","0","0","31556","31556","31556","0","0","0","180827","180827","180827","0","0","0","180979","180979","180979","0","0","0","180719","180719","180719","0","0","0","180740","180740","180740"
"1514","0","0","0","31560","31560","31560","0","0","0","180831","180831","180831","0","0","0","180983","180983","180983","0","0","0","180723","180723","180723","0","0","0","180744","180744","180744"
"1515","0","0","0","31564","31564","31564","0","0","0","180835","180835","180835","0","0","0","180987","180987","180987","0","0","0","180727","180727","180727","0","0","0","180748","180748","180748"
"1516","0","0","0","31568","31568","31568","0","0","0","180839","180839","180839","0","0","0","180991","180991","180991","0","0","0","180731","180731","180731","0","0","0","180752","180752","180752"
"1517","0","0","0","31572","31572","31572","0","0","0","180843","180843","180843","0","0","0","180995","180995","180995","0","0","0","180735","180735","180735","0","0","0","180756","180756","180756"
"1518","0","0","0","31576","31576","31576","0","0","0","180847","180847","180847","0","0","0","180999","180999","180999","0","0","0","180739","180739","180739","0","0","0","180760","180760","180760"
"1519","0","0","0","31580","31580","31580","0","0","0","180851","180851","180851","0","0","0","181003","181003","181003","0","0","0","180743","180743","180743","0","0","0","180764","180764","180764"
"1520","0","0","0","31584","31584","31584","0","0","0","180855","180855","180855","0","0","0","181007","181007","181007","0","0","0","180747","180747","180747","0","0","0","180768","180768","180768"
"1521","0","0","0","31740","31740","31740","0","0","0","181892","181892","181892","0","0","0","182043","182043","182043","0","0","0","181794","181794","181794","0","0","0","181804","181804","181804"
"1522","0","0","0","31744","31744","31744","0","0","0","181896","181896","181896","0","0","0","182047","182047","182047","0","0","0","181798","181798","181798","0","0","0","181808","181808","181808"
"1523","0","0","0","31748","31748","31748","0","0","0","181900","181900","181900","0","0","0","182051","182051","182051","0","0","0","181802","181802","181802","0","0","0","181812","181812","181812"
"1524","0","0","0","31752","31752","31752","0","0","0","181904","181904","181904","0","0","0","182055","182055","182055","0","0","0","181806","181806","181806","0","0","0","181816","181816","181816"
"1525","0","0","0","31756","31756","31756","0","0","0","181908","181908","181908","0","0","0","182059","182059","182059","0","0","0","181810","181810","181810","0","0","0","181820","181820","181820"
"1526","0","0","0","31760","31760","31760","0","0","0","181912","181912","181912","0","0","0","182063","182063","182063","0","0","0","181814","181814","181814","0","0","0","181824","181824","181824"
"1527","0","0","0","31764","31764","31764","0","0","0","181916","181916","181916","0","0","0","182067","182067","182067","0","0","0","181818","181818","181818","0","0","0","181828","181828","181828"
"1528","0","0","0","31768","31768","31768","0","0","0","181920","181920","181920","0","0","0","182071","182071","182071","0","0","0","181822","181822","181822","0","0","0","181832","181832","181832"
"1529","0","0","0","31772","31772","31772","0","0","0","181924","181924","181924","0","0","0","182075","182075","182075","0","0","0","181826","181826","181826","0","0","0","181836","181836","181836"
"1530","0","0","0","31923","31923","31923","0","0","0","182960","182960","182960","0","0","0","183111","183111","183111","0","0","0","182862","182862","182862","0","0","0","182873","182873","182873"
"1531","0","0","0","31927","31927","31927","0","0","0","182964","182964","182964","0","0","0","183115","183115","183115","0","0","0","182866","182866","182866","0","0","0","182877","182877","182877"
"1532","0","0","0","31931","31931","31931","0","0","0","182968","182968","182968","0","0","0","183119","183119","183119","0","0","0","182870","182870","182870","0","0","0","182881","182881","182881"
"1533","0","0","0","31935","31935","31935","0","0","0","182972","182972","182972","0","0","0","183123","183123","183123","0","0","0","182874","182874","182874","0","0","0","182885","182885","182885"
"1534","0","0","0","31939","31939","31939","0","0","0","182976","182976","182976","0","0","0","183127","183127","183127","0","0","0","182878","182878","182878","0","0","0","182889","182889","182889"
"1535","0","0","0","31943","31943","31943","0","0","0","182980","182980","182980","0","0","0","183131","183131","183131","0","0","0","182882","182882","182882","0","0","0","182893","182893","182893"
"1536","0","0","0","31947","31947","31947","0","0","0","182984","182984","182984","0","0","0","183135","183135","183135","0","0","0","182886","182886","182886","0","0","0","182897","182897","182897"
"1537","0","0","0","31951","31951","31951","0","0","0","182988","182988","182988","0","0","0","183139","183139","183139","0","0","0","182890","182890","182890","0","0","0","182901","182901","182901"
"1538","0","0","0","31955","31955","31955","0","0","0","182992","182992","182992","0","0","0","183143","183143","183143","0","0","0","182894","182894","182894","0","0","0","182905","182905","182905"
"1539","0","0","0","32110","32110","32110","0","0","0","184029","184029","184029","0","0","0","184184","184184","184184","0","0","0","183930","183930","183930","0","0","0","183941","183941","183941"
"1540","0","0","0","32114","32114","32114","0","0","0","184033","184033","184033","0","0","0","184188","184188","184188","0","0","0","183934","183934","183934","0","0","0","183945","183945","183945"
"1541","0","0","0","32118","32118","32118","0","0","0","184037","184037","184037","0","0","0","184192","184192","184192","0","0","0","183938","183938","183938","0","0","0","183949","183949","183949"
"1542","0","0","0","32122","32122","32122","0","0","0","184041","184041","184041","0","0","0","184196","184196","184196","0","0","0","183942","183942","183942","0","0","0","183953","183953","183953"
"1543","0","0","0","32126","32126","32126","0","0","0","184045","184045","184045","0","0","0","184200","184200","184200","0","0","0","183946","183946","183946","0","0","0","183957","183957","183957"
"1544","0","0","0","32130","32130","32130","0","0","0","184049","184049","184049","0","0","0","184204","184204","184204","0","0","0","183950","183950","183950","0","0","0","183961","183961","183961"
"1545","0","0","0","32134","32134","32134","0","0","0","184053","184053","184053","0","0","0","184208","184208","184208","0","0","0","183954","183954","183954","0","0","0","183965","183965","183965"
"1546","0","0","0","32138","32138","32138","0","0","0","184057","184057","184057","0","0","0","184212","184212","184212","0","0","0","183958","183958","183958","0","0","0","183969","183969","183969"
"1547","0","0","0","32142","32142","32142","0","0","0","184061","184061","184061","0","0","0","184216","184216","184216","0","0","0","183962","183962","183962","0","0","0","183973","183973","183973"
"1548","0","0","0","32298","32298","32298","0","0","0","185102","185102","185102","0","0","0","185252","185252","185252","0","0","0","184998","184998","184998","0","0","0","185010","185010","185010"
"1549","0","0","0","32302","32302","32302","0","0","0","185106","185106","185106","0","0","0","185256","185256","185256","0","0","0","185002","185002","185002","0","0","0","185014","185014","185014"
"1550","0","0","0","32306","32306","32306","0","0","0","185110","185110","185110","0","0","0","185260","185260","185260","0","0","0","185006","185006","185006","0","0","0","185018","185018","185018"
"1551","0","0","0","32310","32310","32310","0","0","0","185114","185114","185114","0","0","0","185264","185264","185264","0","0","0","185010","185010","185010","0","0","0","185022","185022","185022"
"1552","0","0","0","32314","32314","32314","0","0","0","185118","185118","185118","0","0","0","185268","185268","185268","0","0","0","185014","185014","185014","0","0","0","185026","185026","185026"
"1553","0","0","0","32318","32318","32318","0","0","0","185122","185122","185122","0","0","0","185272","185272","185272","0","0","0","185018","185018","185018","0","0","0","185030","185030","185030"
"1554","0","0","0","32322","32322","32322","0","0","0","185126","185126","185126","0","0","0","185276","185276","185276","0","0","0","185022","185022","185022","0","0","0","185034","185034","185034"
"1555","0","0","0","32326","32326","32326","0","0","0","185130","185130","185130","0","0","0","185280","185280","185280","0","0","0","185026","185026","185026","0","0","0","185038","185038","185038"
"1556","0","0","0","32330","32330","32330","0","0","0","185134","185134","185134","0","0","0","185284","185284","185284","0","0","0","185030","185030","185030","0","0","0","185042","185042","185042"
"1557","0","0","0","32482","32482","32482","0","0","0","186170","186170","186170","0","0","0","186325","186325","186325","0","0","0","186068","186068","186068","0","0","0","186078","186078","186078"
"1558","0","0","0","32486","32486","32486","0","0","0","186174","186174","186174","0","0","0","186329","186329","186329","0","0","0","186072","186072","186072","0","0","0","186082","186082","186082"
"1559","0","0","0","32490","32490","32490","0","0","0","186178","186178","186178","0","0","0","186333","186333","186333","0","0","0","186076","186076","186076","0","0","0","186086","186086","186086"
"1560","0","0","0","32494","32494","32494","0","0","0","186182","186182","186182","0","0","0","186337","186337","186337","0","0","0","186080","186080","186080","0","0","0","186090","186090","186090"
"1561","0","0","0","32498","32498","32498","0","0","0","186186","186186","186186","0","0","0","186341","186341","186341","0","0","0","186084","186084","186084","0","0","0","186094","186094","186094"
"1562","0","0","0","32502","32502","32502","0","0","0","186190","186190","186190","0","0","0","186345","186345","186345","0","0","0","186088","186088","186088","0","0","0","186098","186098","186098"
"1563","0","0","0","32506","32506","32506","0","0","0","186194","186194","186194","0","0","0","186349","186349","186349","0","0","0","186092","186092","186092","0","0","0","186102","186102","186102"
"1564","0","0","0","32510","32510","32510","0","0","0","186198","186198","186198","0","0","0","186353","186353","186353","0","0","0","186096","186096","186096","0","0","0","186106","186106","186106"
"1565","0","0","0","32514","32514","32514","0","0","0","186202","186202","186202","0","0","0","186357","186357","186357","0","0","0","186100","186100","186100","0","0","0","186110","186110","186110"
"1566","0","0","0","32664","32664","32664","0","0","0","187239","187239","187239","0","0","0","187398","187398","187398","0","0","0","187136","187136","187136","0","0","0","187147","187147","187147"
"1567","0","0","0","32668","32668","32668","0","0","0","187243","187243","187243","0","0","0","187402","187402","187402","0","0","0","187140","187140","187140","0","0","0","187151","187151","187151"
"1568","0","0","0","32672","32672","32672","0","0","0","187247","187247","187247","0","0","0","187406","187406","187406","0","0","0","187144","187144","187144","0","0","0","187155","187155","187155"
"1569","0","0","0","32676","32676","32676","1","1","1","187252","187252","187252","0","0","0","187410","187410","187410","0","0","0","187148","187148","187148","0","0","0","187159","187159","187159"
"1570","0","0","0","32680","32680","32680","0","0","0","187256","187256","187256","0","0","0","187414","187414","187414","0","0","0","187152","187152","187152","0","0","0","187163","187163","187163"
"1571","0","0","0","32684","32684","32684","0","0","0","187260","187260","187260","0","0","0","187418","187418","187418","0","0","0","187156","187156","187156","0","0","0","187167","187167","187167"
"1572","0","0","0","32688","32688","32688","0","0","0","187264","187264","187264","0","0","0","187422","187422","187422","0","0","0","187160","187160","187160","0","0","0","187171","187171","187171"
"1573","0","0","0","32692","32692","32692","0","0","0","187268","187268","187268","0","0","0","187426","187426","187426","0","0","0","187164","187164","187164","0","0","0","187175","187175","187175"
"1574","0","0","0","32696","32696","32696","0","0","0","187272","187272","187272","0","0","0","187430","187430","187430","0","0","0","187168","187168","187168","0","0","0","187179","187179","187179"
"1575","0","0","0","32857","32857","32857","0","0","0","188308","188308","188308","0","0","0","188471","188471","188471","0","0","0","188205","188205","188205","0","0","0","188215","188215","188215"
"1576","0","0","0","32861","32861","32861","0","0","0","188312","188312","188312","0","0","0","188475","188475","188475","0","0","0","188209","188209","188209","0","0","0","188219","188219","188219"
"1577","0","0","0","32865","32865","32865","0","0","0","188316","188316","188316","0","0","0","188479","188479","188479","0","0","0","188213","188213","188213","0","0","0","188223","188223","188223"
"1578","0","0","0","32869","32869","32869","0","0","0","188320","188320","188320","0","0","0","188483","188483","188483","0","0","0","188217","188217","188217","0","0","0","188227","188227","188227"
"1579","0","0","0","32873","32873","32873","0","0","0","188324","188324","188324","0","0","0","188487","188487","188487","0","0","0","188221","188221","188221","0","0","0","188231","188231","188231"
"1580","0","0","0","32877","32877","32877","0","0","0","188328","188328","188328","0","0","0","188491","188491","188491","0","0","0","188225","188225","188225","0","0","0","188235","188235","188235"
"1581","0","0","0","32881","32881","32881","0","0","0","188332","188332","188332","0","0","0","188495","188495","188495","0","0","0","188229","188229","188229","0","0","0","188239","188239","188239"
"1582","0","0","0","32885","32885","32885","0","0","0","188336","188336","188336","0","0","0","188499","188499","188499","0","0","0","188233","188233","188233","0","0","0","188243","188243","188243"
"1583","0","0","0","32889","32889","32889","0","0","0","188340","188340","188340","0","0","0","188503","188503","188503","0","0","0","188237","188237","188237","0","0","0","188247","188247","188247"
"1584","0","0","0","33045","33045","33045","0","0","0","189375","189375","189375","0","0","0","189540","189540","189540","0","0","0","189278","189278","189278","0","0","0","189283","189283","189283"
"1585","0","0","0","33049","33049","33049","0","0","0","189379","189379","189379","0","0","0","189544","189544","189544","0","0","0","189282","189282","189282","0","0","0","189287","189287","189287"
"1586","0","0","0","33053","33053","33053","0","0","0","189383","189383","189383","0","0","0","189548","189548","189548","0","0","0","189286","189286","189286","0","0","0","189291","189291","189291"
"1587","0","0","0","33057","33057","33057","0","0","0","189387","189387","189387","0","0","0","189552","189552","189552","0","0","0","189290","189290","189290","0","0","0","189295","189295","189295"
"1588","0","0","0","33061","33061","33061","0","0","0","189391","189391","189391","0","0","0","189556","189556","189556","0","0","0","189294","189294","189294","0","0","0","189299","189299","189299"
"1589","0","0","0","33065","33065","33065","0","0","0","189395","189395","189395","0","0","0","189560","189560","189560","0","0","0","189298","189298","189298","0","0","0","189303","189303","189303"
"1590","0","0","0","33069","33069","33069","0","0","0","189399","189399","189399","0","0","0","189564","189564","189564","0","0","0","189302","189302","189302","0","0","0","189307","189307","189307"
"1591","0","0","0","33073","33073","33073","0","0","0","189403","189403","189403","0","0","0","189568","189568","189568","0","0","0","189306","189306","189306","0","0","0","189311","189311","189311"
"1592","0","0","0","33077","33077","33077","0","0","0","189407","189407","189407","0","0","0","189572","189572","189572","0","0","0","189310","189310","189310","0","0","0","189315","189315","189315"
"1593","0","0","0","33234","33234","33234","0","0","0","190443","190443","190443","0","0","0","190608","190608","190608","0","0","0","190351","190351","190351","0","0","0","190351","190351","190351"
"1594","0","0","0","33238","33238","33238","0","0","0","190447","190447","190447","0","0","0","190612","190612","190612","0","0","0","190355","190355","190355","0","0","0","190355","190355","190355"
"1595","0","0","0","33242","33242","33242","0","0","0","190451","190451","190451","0","0","0","190616","190616","190616","0","0","0","190359","190359","190359","0","0","0","190359","190359","190359"
"1596","0","0","0","33246","33246","33246","0","0","0","190455","190455","190455","0","0","0","190620","190620","190620","0","0","0","190363","190363","190363","0","0","0","190363","190363","190363"
"1597","0","0","0","33250","33250","33250","0","0","0","190459","190459","190459","0","0","0","190624","190624","190624","0","0","0","190367","190367","190367","0","0","0","190367","190367","190367"
"1598","0","0","0","33254","33254","33254","0","0","0","190463","190463","190463","0","0","0","190628","190628","190628","0","0","0","190371","190371","190371","0","0","0","190371","190371","190371"
"1599","0","0","0","33258","33258","33258","0","0","0","190467","190467","190467","0","0","0","190632","190632","190632","0","0","0","190375","190375","190375","0","0","0","190375","190375","190375"
"1600","0","0","0","33262","33262","33262","0","0","0","190471","190471","190471","0","0","0","190636","190636","190636","0","0","0","190379","190379","190379","0","0","0","190379","190379","190379"
"1601","0","0","0","33266","33266","33266","0","0","0","190475","190475","190475","0","0","0","190640","190640","190640","0","0","0","190383","190383","190383","0","0","0","190383","190383","190383"
"1602","0","0","0","33418","33418","33418","0","0","0","191512","191512","191512","0","0","0","191676","191676","191676","0","0","0","191424","191424","191424","0","0","0","191430","191430","191430"
"1603","0","0","0","33422","33422","33422","0","0","0","191516","191516","191516","0","0","0","191680","191680","191680","0","0","0","191428","191428","191428","0","0","0","191434","191434","191434"
"1604","0","0","0","33426","33426","33426","0","0","0","191520","191520","191520","0","0","0","191684","191684","191684","0","0","0","191432","191432","191432","0","0","0","191438","191438","191438"
"1605","2","2","2","33432","33432","33432","0","0","0","191524","191524","191524","0","0","0","191688","191688","191688","0","0","0","191436","191436","191436","0","0","0","191442","191442","191442"
"1606","0","0","0","33436","33436","33436","0","0","0","191528","191528","191528","0","0","0","191692","191692","191692","0","0","0","191440","191440","191440","0","0","0","191446","191446","191446"
"1607","0","0","0","33440","33440","33440","0","0","0","191532","191532","191532","0","0","0","191696","191696","191696","0","0","0","191444","191444","191444","0","0","0","191450","191450","191450"
"1608","0","0","0","33444","33444","33444","0","0","0","191536","191536","191536","0","0","0","191700","191700","191700","0","0","0","191448","191448","191448","0","0","0","191454","191454","191454"
"1609","0","0","0","33448","33448","33448","0","0","0","191540","191540","191540","0","0","0","191704","191704","191704","0","0","0","191452","191452","191452","0","0","0","191458","191458","191458"
"1610","0","0","0","33452","33452","33452","0","0","0","191544","191544","191544","0","0","0","191708","191708","191708","0","0","0","191456","191456","191456","0","0","0","191462","191462","191462"
"1611","0","0","0","33605","33605","33605","0","0","0","192586","192586","192586","0","0","0","192745","192745","192745","0","0","0","192492","192492","192492","0","0","0","192498","192498","192498"
"1612","0","0","0","33609","33609","33609","0","0","0","192590","192590","192590","0","0","0","192749","192749","192749","0","0","0","192496","192496","192496","0","0","0","192502","192502","192502"
"1613","0","0","0","33613","33613","33613","0","0","0","192594","192594","192594","0","0","0","192753","192753","192753","0","0","0","192500","192500","192500","0","0","0","192506","192506","192506"
"1614","0","0","0","33617","33617","33617","0","0","0","192598","192598","192598","0","0","0","192757","192757","192757","0","0","0","192504","192504","192504","0","0","0","192510","192510","192510"
"1615","0","0","0","33621","33621","33621","0","0","0","192602","192602","192602","0","0","0","192761","192761","192761","0","0","0","192508","192508","192508","0","0","0","192514","192514","192514"
"1616","0","0","0","33625","33625","33625","0","0","0","192606","192606","192606","0","0","0","192765","192765","192765","0","0","0","192512","192512","192512","0","0","0","192518","192518","192518"
"1617","0","0","0","33629","33629","33629","0","0","0","192610","192610","192610","0","0","0","192769","192769","192769","0","0","0","192516","192516","192516","0","0","0","192522","192522","192522"
"1618","0","0","0","33633","33633","33633","0","0","0","192614","192614","192614","0","0","0","192773","192773","192773","0","0","0","192520","192520","192520","0","0","0","192526","192526","192526"
"1619","0","0","0","33637","33637","33637","0","0","0","192618","192618","192618","0","0","0","192777","192777","192777","0","0","0","192524","192524","192524","0","0","0","192530","192530","192530"
"1620","0","0","0","33797","33797","33797","0","0","0","193663","193663","193663","0","0","0","193818","193818","193818","0","0","0","193560","193560","193560","0","0","0","193567","193567","193567"
"1621","0","0","0","33801","33801","33801","0","0","0","193667","193667","193667","0","0","0","193822","193822","193822","0","0","0","193564","193564","193564","0","0","0","193571","193571","193571"
"1622","0","0","0","33805","33805","33805","0","0","0","193671","193671","193671","0","0","0","193826","193826","193826","0","0","0","193568","193568","193568","0","0","0","193575","193575","193575"
"1623","0","0","0","33809","33809","33809","0","0","0","193675","193675","193675","0","0","0","193830","193830","193830","0","0","0","193572","193572","193572","0","0","0","193579","193579","193579"
"1624","0","0","0","33813","33813","33813","0","0","0","193679","193679","193679","0","0","0","193834","193834","193834","0","0","0","193576","193576","193576","0","0","0","193583","193583","193583"
"1625","0","0","0","33817","33817","33817","0","0","0","193683","193683","193683","0","0","0","193838","193838","193838","0","0","0","193580","193580","193580","0","0","0","193587","193587","193587"
"1626","0","0","0","33821","33821","33821","0","0","0","193687","193687","193687","0","0","0","193842","193842","193842","0","0","0","193584","193584","193584","0","0","0","193591","193591","193591"
"1627","0","0","0","33825","33825","33825","0","0","0","193691","193691","193691","0","0","0","193846","193846","193846","0","0","0","193588","193588","193588","0","0","0","193595","193595","193595"
"1628","0","0","0","33829","33829","33829","0","0","0","193695","193695","193695","0","0","0","193850","193850","193850","0","0","0","193592","193592","193592","0","0","0","193599","193599","193599"
"1629","0","0","0","33985","33985","33985","0","0","0","194737","194737","194737","0","0","0","194886","194886","194886","0","0","0","194629","194629","194629","0","0","0","194635","194635","194635"
"1630","0","0","0","33989","33989","33989","0","0","0","194741","194741","194741","0","0","0","194890","194890","194890","0","0","0","194633","194633","194633","0","0","0","194639","194639","194639"
"1631","0","0","0","33993","33993","33993","0","0","0","194745","194745","194745","0","0","0","194894","194894","194894","0","0","0","194637","194637","194637","0","0","0","194643","194643","194643"
"1632","0","0","0","33997","33997","33997","2","2","2","194751","194751","194751","0","0","0","194898","194898","194898","0","0","0","194641","194641","194641","0","0","0","194647","194647","194647"
"1633","0","0","0","34001","34001","34001","0","0","0","194755","194755","194755","0","0","0","194902","194902","194902","0","0","0","194645","194645","194645","0","0","0","194651","194651","194651"
"1634","0","0","0","34005","34005","34005","0","0","0","194759","194759","194759","0","0","0","194906","194906","194906","0","0","0","194649","194649","194649","0","0","0","194655","194655","194655"
"1635","0","0","0","34009","34009","34009","0","0","0","194763","194763","194763","0","0","0","194910","194910","194910","0","0","0","194653","194653","194653","0","0","0","194659","194659","194659"
"1636","0","0","0","34013","34013","34013","0","0","0","194767","194767","194767","0","0","0","194914","194914","194914","0","0","0","194657","194657","194657","0","0","0","194663","194663","194663"
"1637","0","0","0","34017","34017","34017","0","0","0","194771","194771","194771","0","0","0","194918","194918","194918","0","0","0","194661","194661","194661","0","0","0","194667","194667","194667"
"1638","0","0","0","34172","34172","34172","0","0","0","195807","195807","195807","0","0","0","195954","195954","195954","0","0","0","195697","195697","195697","0","0","0","195703","195703","195703"
"1639","0","0","0","34176","34176","34176","0","0","0","195811","195811","195811","0","0","0","195958","195958","195958","0","0","0","195701","195701","195701","0","0","0","195707","195707","195707"
"1640","0","0","0","34180","34180","34180","0","0","0","195815","195815","195815","0","0","0","195962","195962","195962","0","0","0","195705","195705","195705","0","0","0","195711","195711","195711"
"1641","0","0","0","34184","34184","34184","0","0","0","195819","195819","195819","0","0","0","195966","195966","195966","0","0","0","195709","195709","195709","0","0","0","195715","195715","195715"
"1642","0","0","0","34188","34188","34188","0","0","0","195823","195823","195823","0","0","0","195970","195970","195970","0","0","0","195713","195713","195713","0","0","0","195719","195719","195719"
"1643","0","0","0","34192","34192","34192","0","0","0","195827","195827","195827","0","0","0","195974","195974","195974","0","0","0","195717","195717","195717","0","0","0","195723","195723","195723"
"1644","0","0","0","34196","34196","34196","0","0","0","195831","195831","195831","0","0","0","195978","195978","195978","0","0","0","195721","195721","195721","0","0","0","195727","195727","195727"
"1645","0","0","0","34200","34200","34200","0","0","0","195835","195835","195835","0","0","0","195982","195982","195982","0","0","0","195725","195725","195725","0","0","0","195731","195731","195731"
"1646","0","0","0","34204","34204","34204","0","0","0","195839","195839","195839","0","0","0","195986","195986","195986","0","0","0","195729","195729","195729","0","0","0","195735","195735","195735"
"1647","0","0","0","34357","34357","34357","0","0","0","196880","196880","196880","0","0","0","197022","197022","197022","0","0","0","196767","196767","196767","0","0","0","196777","196777","196777"
"1648","0","0","0","34361","34361","34361","0","0","0","196884","196884","196884","0","0","0","197026","197026","197026","0","0","0","196771","196771","196771","0","0","0","196781","196781","196781"
"1649","0","0","0","34365","34365","34365","0","0","0","196888","196888","196888","0","0","0","197030","197030","197030","0","0","0","196775","196775","196775","0","0","0","196785","196785","196785"
"1650","0","0","0","34369","34369","34369","0","0","0","196892","196892","196892","0","0","0","197034","197034","197034","0","0","0","196779","196779","196779","0","0","0","196789","196789","196789"
"1651","0","0","0","34373","34373","34373","0","0","0","196896","196896","196896","0","0","0","197038","197038","197038","0","0","0","196783","196783","196783","0","0","0","196793","196793","196793"
"1652","0","0","0","34377","34377","34377","0","0","0","196900","196900","196900","0","0","0","197042","197042","197042","0","0","0","196787","196787","196787","0","0","0","196797","196797","196797"
"1653","0","0","0","34381","34381","34381","0","0","0","196904","196904","196904","0","0","0","197046","197046","197046","0","0","0","196791","196791","196791","0","0","0","196801","196801","196801"
"1654","0","0","0","34385","34385","34385","0","0","0","196908","196908","196908","0","0","0","197050","197050","197050","0","0","0","196795","196795","196795","0","0","0","196805","196805","196805"
"1655","0","0","0","34389","34389","34389","0","0","0","196912","196912","196912","0","0","0","197054","197054","197054","0","0","0","196799","196799","196799","0","0","0","196809","196809","196809"
"1656","0","0","0","34543","34543","34543","0","0","0","197948","197948","197948","0","0","0","198091","198091","198091","0","0","0","197835","197835","197835","0","0","0","197845","197845","197845"
"1657","0","0","0","34547","34547","34547","0","0","0","197952","197952","197952","0","0","0","198095","198095","198095","0","0","0","197839","197839","197839","0","0","0","197849","197849","197849"
"1658","0","0","0","34551","34551","34551","0","0","0","197956","197956","197956","0","0","0","198099","198099","198099","0","0","0","197843","197843","197843","0","0","0","197853","197853","197853"
"1659","0","0","0","34555","34555","34555","0","0","0","197960","197960","197960","0","0","0","198103","198103","198103","0","0","0","197847","197847","197847","0","0","0","197857","197857","197857"
"1660","0","0","0","34559","34559","34559","0","0","0","197964","197964","197964","0","0","0","198107","198107","198107","0","0","0","197851","197851","197851","0","0","0","197861","197861","197861"
"1661","0","0","0","34563","34563","34563","0","0","0","197968","197968","197968","0","0","0","198111","198111","198111","0","0","0","197855","197855","197855","0","0","0","197865","197865","197865"
"1662","0","0","0","34567","34567","34567","0","0","0","197972","197972","197972","0","0","0","198115","198115","198115","0","0","0","197859","197859","197859","0","0","0","197869","197869","197869"
"1663","0","0","0","34571","34571","34571","0","0","0","197976","197976","197976","0","0","0","198119","198119","198119","0","0","0","197863","197863","197863","0","0","0","197873","197873","197873"
"1664","0","0","0","34575","34575","34575","0","0","0","197980","197980","197980","0","0","0","198123","198123","198123","0","0","0","197867","197867","197867","0","0","0","197877","197877","197877"
"1665","0","0","0","34730","34730","34730","0","0","0","199017","199017","199017","0","0","0","199159","199159","199159","0","0","0","198903","198903","198903","0","0","0","198923","198923","198923"
"1666","0","0","0","34734","34734","34734","0","0","0","199021","199021","199021","0","0","0","199163","199163","199163","0","0","0","198907","198907","198907","0","0","0","198927","198927","198927"
"1667","0","0","0","34738","34738","34738","0","0","0","199025","199025","199025","0","0","0","199167","199167","199167","0","0","0","198911","198911","198911","0","0","0","198931","198931","198931"
"1668","0","0","0","34742","34742","34742","0","0","0","199029","199029","199029","0","0","0","199171","199171","199171","0","0","0","198915","198915","198915","0","0","0","198935","198935","198935"
"1669","0","0","0","34746","34746","34746","0","0","0","199033","199033","199033","0","0","0","199175","199175","199175","0","0","0","198919","198919","198919","0","0","0","198939","198939","198939"
"1670","0","0","0","34750","34750","34750","0","0","0","199037","199037","199037","0","0","0","199179","199179","199179","0","0","0","198923","198923","198923","0","0","0","198943","198943","198943"
"1671","0","0","0","34754","34754","34754","0","0","0","199041","199041","199041","0","0","0","199183","199183","199183","0","0","0","198927","198927","198927","0","0","0","198947","198947","198947"
"1672","0","0","0","34758","34758","34758","0","0","0","199045","199045","199045","0","0","0","199187","199187","199187","0","0","0","198931","198931","198931","0","0","0","198951","198951","198951"
"1673","0","0","0","34762","34762","34762","0","0","0","199049","199049","199049","0","0","0","199191","199191","199191","0","0","0","198935","198935","198935","0","0","0","198955","198955","198955"
"1674","0","0","0","34918","34918","34918","0","0","0","200085","200085","200085","0","0","0","200227","200227","200227","0","0","0","199972","199972","199972","0","0","0","199997","199997","199997"
"1675","0","0","0","34922","34922","34922","0","0","0","200089","200089","200089","0","0","0","200231","200231","200231","0","0","0","199976","199976","199976","0","0","0","200001","200001","200001"
"1676","0","0","0","34926","34926","34926","0","0","0","200093","200093","200093","0","0","0","200235","200235","200235","0","0","0","199980","199980","199980","0","0","0","200005","200005","200005"
"1677","0","0","0","34930","34930","34930","0","0","0","200097","200097","200097","0","0","0","200239","200239","200239","0","0","0","199984","199984","199984","0","0","0","200009","200009","200009"
"1678","0","0","0","34934","34934","34934","0","0","0","200101","200101","200101","0","0","0","200243","200243","200243","0","0","0","199988","199988","199988","2","2","2","200013","200013","200013"
"1679","0","0","0","34938","34938","34938","0","0","0","200105","200105","200105","0","0","0","200247","200247","200247","0","0","0","199992","199992","199992","0","0","0","200017","200017","200017"
"1680","0","0","0","34942","34942","34942","0","0","0","200109","200109","200109","0","0","0","200251","200251","200251","0","0","0","199996","199996","199996","0","0","0","200021","200021","200021"
"1681","0","0","0","34946","34946","34946","0","0","0","200113","200113","200113","0","0","0","200255","200255","200255","0","0","0","200000","200000","200000","0","0","0","200025","200025","200025"
"1682","0","0","0","34950","34950","34950","0","0","0","200117","200117","200117","0","0","0","200259","200259","200259","0","0","0","200004","200004","200004","0","0","0","200029","200029","200029"
"1683","0","0","0","35103","35103","35103","0","0","0","201159","201159","201159","0","0","0","201295","201295","201295","0","0","0","201050","201050","201050","0","0","0","201064","201064","201064"
"1684","1","1","1","35108","35108","35108","0","0","0","201163","201163","201163","0","0","0","201299","201299","201299","0","0","0","201054","201054","201054","0","0","0","201068","201068","201068"
"1685","0","0","0","35112","35112","35112","0","0","0","201167","201167","201167","0","0","0","201303","201303","201303","0","0","0","201058","201058","201058","0","0","0","201072","201072","201072"
"1686","0","0","0","35116","35116","35116","0","0","0","201171","201171","201171","0","0","0","201307","201307","201307","0","0","0","201062","201062","201062","0","0","0","201076","201076","201076"
"1687","0","0","0","35120","35120","35120","0","0","0","201175","201175","201175","0","0","0","201311","201311","201311","0","0","0","201066","201066","201066","0","0","0","201080","201080","201080"
"1688","0","0","0","35124","35124","35124","0","0","0","201179","201179","201179","0","0","0","201315","201315","201315","0","0","0","201070","201070","201070","0","0","0","201084","201084","201084"
"1689","0","0","0","35128","35128","35128","0","0","0","201183","201183","201183","0","0","0","201319","201319","201319","0","0","0","201074","201074","201074","0","0","0","201088","201088","201088"
"1690","0","0","0","35132","35132","35132","0","0","0","201187","201187","201187","0","0","0","201323","201323","201323","0","0","0","201078","201078","201078","0","0","0","201092","201092","201092"
"1691","0","0","0","35136","35136","35136","0","0","0","201191","201191","201191","0","0","0","201327","201327","201327","0","0","0","201082","201082","201082","0","0","0","201096","201096","201096"
"1692","0","0","0","35295","35295","35295","0","0","0","202227","202227","202227","0","0","0","202363","202363","202363","0","0","0","202118","202118","202118","0","0","0","202132","202132","202132"
"1693","0","0","0","35299","35299","35299","0","0","0","202231","202231","202231","0","0","0","202367","202367","202367","0","0","0","202122","202122","202122","0","0","0","202136","202136","202136"
"1694","0","0","0","35303","35303","35303","0","0","0","202235","202235","202235","0","0","0","202371","202371","202371","0","0","0","202126","202126","202126","0","0","0","202140","202140","202140"
"1695","0","0","0","35307","35307","35307","0","0","0","202239","202239","202239","0","0","0","202375","202375","202375","0","0","0","202130","202130","202130","0","0","0","202144","202144","202144"
"1696","0","0","0","35311","35311","35311","0","0","0","202243","202243","202243","0","0","0","202379","202379","202379","0","0","0","202134","202134","202134","0","0","0","202148","202148","202148"
"1697","0","0","0","35315","35315","35315","0","0","0","202247","202247","202247","0","0","0","202383","202383","202383","0","0","0","202138","202138","202138","0","0","0","202152","202152","202152"
"1698","0","0","0","35319","35319","35319","0","0","0","202251","202251","202251","0","0","0","202387","202387","202387","0","0","0","202142","202142","202142","0","0","0","202156","202156","202156"
"1699","0","0","0","35323","35323","35323","0","0","0","202255","202255","202255","0","0","0","202391","202391","202391","0","0","0","202146","202146","202146","0","0","0","202160","202160","202160"
"1700","0","0","0","35327","35327","35327","0","0","0","202259","202259","202259","0","0","0","202395","202395","202395","0","0","0","202150","202150","202150","0","0","0","202164","202164","202164"
"1701","0","0","0","35484","35484","35484","0","0","0","203305","203305","203305","0","0","0","203430","203430","203430","0","0","0","203187","203187","203187","0","0","0","203201","203201","203201"
"1702","0","0","0","35488","35488","35488","0","0","0","203309","203309","203309","0","0","0","203434","203434","203434","0","0","0","203191","203191","203191","0","0","0","203205","203205","203205"
"1703","0","0","0","35492","35492","35492","0","0","0","203313","203313","203313","0","0","0","203438","203438","203438","0","0","0","203195","203195","203195","0","0","0","203209","203209","203209"
"1704","0","0","0","35496","35496","35496","0","0","0","203317","203317","203317","0","0","0","203442","203442","203442","0","0","0","203199","203199","203199","5","5","5","203213","203213","203213"
"1705","0","0","0","35500","35500","35500","0","0","0","203321","203321","203321","0","0","0","203446","203446","203446","0","0","0","203203","203203","203203","0","0","0","203217","203217","203217"
"1706","0","0","0","35504","35504","35504","0","0","0","203325","203325","203325","0","0","0","203450","203450","203450","0","0","0","203207","203207","203207","0","0","0","203221","203221","203221"
"1707","0","0","0","35508","35508","35508","0","0","0","203329","203329","203329","0","0","0","203454","203454","203454","0","0","0","203211","203211","203211","0","0","0","203225","203225","203225"
"1708","0","0","0","35512","35512","35512","0","0","0","203333","203333","203333","0","0","0","203458","203458","203458","0","0","0","203215","203215","203215","0","0","0","203229","203229","203229"
"1709","0","0","0","35516","35516","35516","0","0","0","203337","203337","203337","0","0","0","203462","203462","203462","0","0","0","203219","203219","203219","0","0","0","203233","203233","203233"
"1710","0","0","0","35669","35669","35669","0","0","0","204374","204374","204374","0","0","0","204498","204498","204498","0","0","0","204255","204255","204255","0","0","0","204274","204274","204274"
"1711","0","0","0","35673","35673","35673","0","0","0","204378","204378","204378","0","0","0","204502","204502","204502","0","0","0","204259","204259","204259","0","0","0","204278","204278","204278"
"1712","0","0","0","35677","35677","35677","0","0","0","204382","204382","204382","0","0","0","204506","204506","204506","0","0","0","204263","204263","204263","0","0","0","204282","204282","204282"
"1713","0","0","0","35681","35681","35681","0","0","0","204386","204386","204386","0","0","0","204510","204510","204510","0","0","0","204267","204267","204267","0","0","0","204286","204286","204286"
"1714","0","0","0","35685","35685","35685","0","0","0","204390","204390","204390","0","0","0","204514","204514","204514","0","0","0","204271","204271","204271","0","0","0","204290","204290","204290"
"1715","0","0","0","35689","35689","35689","0","0","0","204394","204394","204394","0","0","0","204518","204518","204518","0","0","0","204275","204275","204275","0","0","0","204294","204294","204294"
"1716","0","0","0","35693","35693","35693","0","0","0","204398","204398","204398","0","0","0","204522","204522","204522","0","0","0","204279","204279","204279","0","0","0","204298","204298","204298"
"1717","0","0","0","35697","35697","35697","0","0","0","204402","204402","204402","0","0","0","204526","204526","204526","0","0","0","204283","204283","204283","0","0","0","204302","204302","204302"
"1718","0","0","0","35701","35701","35701","0","0","0","204406","204406","204406","0","0","0","204530","204530","204530","0","0","0","204287","204287","204287","0","0","0","204306","204306","204306"
"1719","0","0","0","35856","35856","35856","0","0","0","205447","205447","205447","0","0","0","205565","205565","205565","0","0","0","205323","205323","205323","0","0","0","205347","205347","205347"
"1720","0","0","0","35860","35860","35860","0","0","0","205451","205451","205451","0","0","0","205569","205569","205569","0","0","0","205327","205327","205327","0","0","0","205351","205351","205351"
"1721","1","1","1","35865","35865","35865","0","0","0","205455","205455","205455","0","0","0","205573","205573","205573","0","0","0","205331","205331","205331","0","0","0","205355","205355","205355"
"1722","0","0","0","35869","35869","35869","0","0","0","205459","205459","205459","0","0","0","205577","205577","205577","0","0","0","205335","205335","205335","0","0","0","205359","205359","205359"
"1723","0","0","0","35873","35873","35873","0","0","0","205463","205463","205463","0","0","0","205581","205581","205581","0","0","0","205339","205339","205339","0","0","0","205363","205363","205363"
"1724","0","0","0","35877","35877","35877","0","0","0","205467","205467","205467","0","0","0","205585","205585","205585","0","0","0","205343","205343","205343","0","0","0","205367","205367","205367"
"1725","0","0","0","35881","35881","35881","0","0","0","205471","205471","205471","0","0","0","205589","205589","205589","0","0","0","205347","205347","205347","0","0","0","205371","205371","205371"
"1726","0","0","0","35885","35885","35885","0","0","0","205475","205475","205475","0","0","0","205593","205593","205593","0","0","0","205351","205351","205351","0","0","0","205375","205375","205375"
"1727","0","0","0","35889","35889","35889","0","0","0","205479","205479","205479","0","0","0","205597","205597","205597","0","0","0","205355","205355","205355","0","0","0","205379","205379","205379"
"1728","0","0","0","36045","36045","36045","0","0","0","206525","206525","206525","0","0","0","206638","206638","206638","0","0","0","206390","206390","206390","0","0","0","206416","206416","206416"
"1729","0","0","0","36049","36049","36049","0","0","0","206529","206529","206529","0","0","0","206642","206642","206642","0","0","0","206394","206394","206394","0","0","0","206420","206420","206420"
"1730","0","0","0","36053","36053","36053","0","0","0","206533","206533","206533","0","0","0","206646","206646","206646","0","0","0","206398","206398","206398","0","0","0","206424","206424","206424"
"1731","0","0","0","36057","36057","36057","0","0","0","206537","206537","206537","0","0","0","206650","206650","206650","0","0","0","206402","206402","206402","0","0","0","206428","206428","206428"
"1732","0","0","0","36061","36061","36061","0","0","0","206541","206541","206541","0","0","0","206654","206654","206654","0","0","0","206406","206406","206406","0","0","0","206432","206432","206432"
"1733","0","0","0","36065","36065","36065","0","0","0","206545","206545","206545","0","0","0","206658","206658","206658","0","0","0","206410","206410","206410","0","0","0","206436","206436","206436"
"1734","0","0","0","36069","36069","36069","0","0","0","206549","206549","206549","0","0","0","206662","206662","206662","0","0","0","206414","206414","206414","0","0","0","206440","206440","206440"
"1735","0","0","0","36073","36073","36073","0","0","0","206553","206553","206553","0","0","0","206666","206666","206666","0","0","0","206418","206418","206418","0","0","0","206444","206444","206444"
"1736","0","0","0","36077","36077","36077","0","0","0","206557","206557","206557","0","0","0","206670","206670","206670","0","0","0","206422","206422","206422","0","0","0","206448","206448","206448"
"1737","0","0","0","36234","36234","36234","0","0","0","207594","207594","207594","0","0","0","207706","207706","207706","0","0","0","207458","207458","207458","0","0","0","207484","207484","207484"
"1738","0","0","0","36238","36238","36238","0","0","0","207598","207598","207598","0","0","0","207710","207710","207710","0","0","0","207462","207462","207462","0","0","0","207488","207488","207488"
"1739","0","0","0","36242","36242","36242","0","0","0","207602","207602","207602","0","0","0","207714","207714","207714","0","0","0","207466","207466","207466","0","0","0","207492","207492","207492"
"1740","0","0","0","36246","36246","36246","6","6","6","207612","207612","207612","0","0","0","207718","207718","207718","0","0","0","207470","207470","207470","0","0","0","207496","207496","207496"
"1741","0","0","0","36250","36250","36250","0","0","0","207616","207616","207616","0","0","0","207722","207722","207722","0","0","0","207474","207474","207474","0","0","0","207500","207500","207500"
"1742","0","0","0","36254","36254","36254","0","0","0","207620","207620","207620","0","0","0","207726","207726","207726","0","0","0","207478","207478","207478","0","0","0","207504","207504","207504"
"1743","0","0","0","36258","36258","36258","0","0","0","207624","207624","207624","0","0","0","207730","207730","207730","0","0","0","207482","207482","207482","0","0","0","207508","207508","207508"
"1744","0","0","0","36262","36262","36262","0","0","0","207628","207628","207628","0","0","0","207734","207734","207734","0","0","0","207486","207486","207486","0","0","0","207512","207512","207512"
"1745","0","0","0","36266","36266","36266","0","0","0","207632","207632","207632","0","0","0","207738","207738","207738","0","0","0","207490","207490","207490","0","0","0","207516","207516","207516"
"1746","0","0","0","36418","36418","36418","0","0","0","208667","208667","208667","0","0","0","208779","208779","208779","0","0","0","208526","208526","208526","0","0","0","208552","208552","208552"
"1747","0","0","0","36422","36422","36422","0","0","0","208671","208671","208671","0","0","0","208783","208783","208783","0","0","0","208530","208530","208530","0","0","0","208556","208556","208556"
"1748","0","0","0","36426","36426","36426","0","0","0","208675","208675","208675","0","0","0","208787","208787","208787","0","0","0","208534","208534","208534","0","0","0","208560","208560","208560"
"1749","0","0","0","36430","36430","36430","0","0","0","208679","208679","208679","0","0","0","208791","208791","208791","0","0","0","208538","208538","208538","0","0","0","208564","208564","208564"
"1750","0","0","0","36434","36434","36434","0","0","0","208683","208683","208683","0","0","0","208795","208795","208795","0","0","0","208542","208542","208542","0","0","0","208568","208568","208568"
"1751","0","0","0","36438","36438","36438","0","0","0","208687","208687","208687","0","0","0","208799","208799","208799","0","0","0","208546","208546","208546","0","0","0","208572","208572","208572"
"1752","0","0","0","36442","36442","36442","0","0","0","208691","208691","208691","0","0","0","208803","208803","208803","0","0","0","208550","208550","208550","0","0","0","208576","208576","208576"
"1753","0","0","0","36446","36446","36446","0","0","0","208695","208695","208695","0","0","0","208807","208807","208807","0","0","0","208554","208554","208554","0","0","0","208580","208580","208580"
"1754","0","0","0","36450","36450","36450","0","0","0","208699","208699","208699","0","0","0","208811","208811","208811","0","0","0","208558","208558","208558","0","0","0","208584","208584","208584"
"1755","0","0","0","36601","36601","36601","0","0","0","209735","209735","209735","0","0","0","209847","209847","209847","0","0","0","209595","209595","209595","0","0","0","209620","209620","209620"
"1756","0","0","0","36605","36605","36605","0","0","0","209739","209739","209739","0","0","0","209851","209851","209851","0","0","0","209599","209599","209599","0","0","0","209624","209624","209624"
"1757","0","0","0","36609","36609","36609","0","0","0","209743","209743","209743","0","0","0","209855","209855","209855","0","0","0","209603","209603","209603","0","0","0","209628","209628","209628"
"1758","0","0","0","36613","36613","36613","0","0","0","209747","209747","209747","0","0","0","209859","209859","209859","2","2","2","209609","209609","209609","0","0","0","209632","209632","209632"
"1759","0","0","0","36617","36617","36617","0","0","0","209751","209751","209751","0","0","0","209863","209863","209863","0","0","0","209613","209613","209613","0","0","0","209636","209636","209636"
"1760","0","0","0","36621","36621","36621","0","0","0","209755","209755","209755","0","0","0","209867","209867","209867","0","0","0","209617","209617","209617","0","0","0","209640","209640","209640"
"1761","0","0","0","36625","36625","36625","0","0","0","209759","209759","209759","0","0","0","209871","209871","209871","0","0","0","209621","209621","209621","0","0","0","209644","209644","209644"
"1762","0","0","0","36629","36629","36629","0","0","0","209763","209763","209763","0","0","0","209875","209875","209875","0","0","0","209625","209625","209625","0","0","0","209648","209648","209648"
"1763","0","0","0","36633","36633","36633","0","0","0","209767","209767","209767","0","0","0","209879","209879","209879","0","0","0","209629","209629","209629","0","0","0","209652","209652","209652"
"1764","0","0","0","36791","36791","36791","0","0","0","210803","210803","210803","0","0","0","210916","210916","210916","0","0","0","210665","210665","210665","0","0","0","210689","210689","210689"
"1765","0","0","0","36795","36795","36795","0","0","0","210807","210807","210807","0","0","0","210920","210920","210920","0","0","0","210669","210669","210669","0","0","0","210693","210693","210693"
"1766","0","0","0","36799","36799","36799","0","0","0","210811","210811","210811","0","0","0","210924","210924","210924","0","0","0","210673","210673","210673","0","0","0","210697","210697","210697"
"1767","0","0","0","36803","36803","36803","0","0","0","210815","210815","210815","0","0","0","210928","210928","210928","0","0","0","210677","210677","210677","0","0","0","210701","210701","210701"
"1768","0","0","0","36807","36807","36807","0","0","0","210819","210819","210819","0","0","0","210932","210932","210932","0","0","0","210681","210681","210681","0","0","0","210705","210705","210705"
"1769","0","0","0","36811","36811","36811","0","0","0","210823","210823","210823","0","0","0","210936","210936","210936","0","0","0","210685","210685","210685","0","0","0","210709","210709","210709"
"1770","0","0","0","36815","36815","36815","0","0","0","210827","210827","210827","0","0","0","210940","210940","210940","0","0","0","210689","210689","210689","0","0","0","210713","210713","210713"
"1771","0","0","0","36819","36819","36819","0","0","0","210831","210831","210831","0","0","0","210944","210944","210944","0","0","0","210693","210693","210693","0","0","0","210717","210717","210717"
"1772","0","0","0","36823","36823","36823","0","0","0","210835","210835","210835","0","0","0","210948","210948","210948","0","0","0","210697","210697","210697","0","0","0","210721","210721","210721"
"1773","0","0","0","36979","36979","36979","0","0","0","211877","211877","211877","0","0","0","211984","211984","211984","0","0","0","211733","211733","211733","0","0","0","211767","211767","211767"
"1774","0","0","0","36983","36983","36983","0","0","0","211881","211881","211881","0","0","0","211988","211988","211988","0","0","0","211737","211737","211737","0","0","0","211771","211771","211771"
"1775","0","0","0","36987","36987","36987","0","0","0","211885","211885","211885","0","0","0","211992","211992","211992","0","0","0","211741","211741","211741","0","0","0","211775","211775","211775"
"1776","0","0","0","36991","36991","36991","1","1","1","211890","211890","211890","0","0","0","211996","211996","211996","0","0","0","211745","211745","211745","0","0","0","211779","211779","211779"
"1777","0","0","0","36995","36995","36995","0","0","0","211894","211894","211894","0","0","0","212000","212000","212000","0","0","0","211749","211749","211749","0","0","0","211783","211783","211783"
"1778","0","0","0","36999","36999","36999","0","0","0","211898","211898","211898","0","0","0","212004","212004","212004","0","0","0","211753","211753","211753","0","0","0","211787","211787","211787"
"1779","0","0","0","37003","37003","37003","0","0","0","211902","211902","211902","0","0","0","212008","212008","212008","0","0","0","211757","211757","211757","0","0","0","211791","211791","211791"
"1780","0","0","0","37007","37007","37007","0","0","0","211906","211906","211906","0","0","0","212012","212012","212012","0","0","0","211761","211761","211761","0","0","0","211795","211795","211795"
"1781","0","0","0","37011","37011","37011","0","0","0","211910","211910","211910","0","0","0","212016","212016","212016","0","0","0","211765","211765","211765","0","0","0","211799","211799","211799"
"1782","0","0","0","37166","37166","37166","0","0","0","212946","212946","212946","0","0","0","213052","213052","213052","0","0","0","212808","212808","212808","0","0","0","212835","212835","212835"
"1783","0","0","0","37170","37170","37170","0","0","0","212950","212950","212950","0","0","0","213056","213056","213056","0","0","0","212812","212812","212812","0","0","0","212839","212839","212839"
"1784","0","0","0","37174","37174","37174","0","0","0","212954","212954","212954","0","0","0","213060","213060","213060","0","0","0","212816","212816","212816","0","0","0","212843","212843","212843"
"1785","0","0","0","37178","37178","37178","0","0","0","212958","212958","212958","0","0","0","213064","213064","213064","0","0","0","212820","212820","212820","0","0","0","212847","212847","212847"
"1786","0","0","0","37182","37182","37182","0","0","0","212962","212962","212962","0","0","0","213068","213068","213068","0","0","0","212824","212824","212824","0","0","0","212851","212851","212851"
"1787","0","0","0","37186","37186","37186","0","0","0","212966","212966","212966","0","0","0","213072","213072","213072","0","0","0","212828","212828","212828","0","0","0","212855","212855","212855"
"1788","0","0","0","37190","37190","37190","0","0","0","212970","212970","212970","0","0","0","213076","213076","213076","0","0","0","212832","212832","212832","0","0","0","212859","212859","212859"
"1789","0","0","0","37194","37194","37194","0","0","0","212974","212974","212974","0","0","0","213080","213080","213080","0","0","0","212836","212836","212836","0","0","0","212863","212863","212863"
"1790","0","0","0","37198","37198","37198","0","0","0","212978","212978","212978","0","0","0","213084","213084","213084","0","0","0","212840","212840","212840","0","0","0","212867","212867","212867"
"1791","0","0","0","37354","37354","37354","0","0","0","214019","214019","214019","0","0","0","214121","214121","214121","0","0","0","213881","213881","213881","0","0","0","213913","213913","213913"
"1792","0","0","0","37358","37358","37358","0","0","0","214023","214023","214023","0","0","0","214125","214125","214125","0","0","0","213885","213885","213885","0","0","0","213917","213917","213917"
"1793","0","0","0","37362","37362","37362","0","0","0","214027","214027","214027","0","0","0","214129","214129","214129","0","0","0","213889","213889","213889","0","0","0","213921","213921","213921"
"1794","0","0","0","37366","37366","37366","0","0","0","214031","214031","214031","0","0","0","214133","214133","214133","0","0","0","213893","213893","213893","0","0","0","213925","213925","213925"
"1795","0","0","0","37370","37370","37370","0","0","0","214035","214035","214035","0","0","0","214137","214137","214137","0","0","0","213897","213897","213897","0","0","0","213929","213929","213929"
"1796","0","0","0","37374","37374","37374","0","0","0","214039","214039","214039","0","0","0","214141","214141","214141","0","0","0","213901","213901","213901","0","0","0","213933","213933","213933"
"1797","0","0","0","37378","37378","37378","0","0","0","214043","214043","214043","0","0","0","214145","214145","214145","0","0","0","213905","213905","213905","0","0","0","213937","213937","213937"
"1798","0","0","0","37382","37382","37382","0","0","0","214047","214047","214047","0","0","0","214149","214149","214149","0","0","0","213909","213909","213909","0","0","0","213941","213941","213941"
"1799","0","0","0","37386","37386","37386","0","0","0","214051","214051","214051","0","0","0","214153","214153","214153","0","0","0","213913","213913","213913","0","0","0","213945","213945","213945"
"1800","0","0","0","37542","37542","37542","0","0","0","215088","215088","215088","0","0","0","215189","215189","215189","0","0","0","214949","214949","214949","0","0","0","214981","214981","214981"
"1801","0","0","0","37546","37546","37546","0","0","0","215092","215092","215092","0","0","0","215193","215193","215193","0","0","0","214953","214953","214953","0","0","0","214985","214985","214985"
"1802","0","0","0","37550","37550","37550","0","0","0","215096","215096","215096","0","0","0","215197","215197","215197","0","0","0","214957","214957","214957","0","0","0","214989","214989","214989"
"1803","0","0","0","37554","37554","37554","0","0","0","215100","215100","215100","0","0","0","215201","215201","215201","0","0","0","214961","214961","214961","0","0","0","214993","214993","214993"
"1804","0","0","0","37558","37558","37558","0","0","0","215104","215104","215104","0","0","0","215205","215205","215205","0","0","0","214965","214965","214965","0","0","0","214997","214997","214997"
"1805","0","0","0","37562","37562","37562","0","0","0","215108","215108","215108","0","0","0","215209","215209","215209","0","0","0","214969","214969","214969","0","0","0","215001","215001","215001"
"1806","0","0","0","37566","37566","37566","0","0","0","215112","215112","215112","0","0","0","215213","215213","215213","0","0","0","214973","214973","214973","0","0","0","215005","215005","215005"
"1807","0","0","0","37570","37570","37570","0","0","0","215116","215116","215116","0","0","0","215217","215217","215217","0","0","0","214977","214977","214977","0","0","0","215009","215009","215009"
"1808","0","0","0","37574","37574","37574","0","0","0","215120","215120","215120","0","0","0","215221","215221","215221","0","0","0","214981","214981","214981","0","0","0","215013","215013","215013"
"1809","0","0","0","37728","37728","37728","0","0","0","216156","216156","216156","0","0","0","216257","216257","216257","0","0","0","216017","216017","216017","0","0","0","216050","216050","216050"
"1810","0","0","0","37732","37732","37732","0","0","0","216160","216160","216160","0","0","0","216261","216261","216261","0","0","0","216021","216021","216021","0","0","0","216054","216054","216054"
"1811","0","0","0","37736","37736","37736","0","0","0","216164","216164","216164","0","0","0","216265","216265","216265","0","0","0","216025","216025","216025","0","0","0","216058","216058","216058"
"1812","0","0","0","37740","37740","37740","0","0","0","216168","216168","216168","0","0","0","216269","216269","216269","0","0","0","216029","216029","216029","0","0","0","216062","216062","216062"
"1813","0","0","0","37744","37744","37744","0","0","0","216172","216172","216172","0","0","0","216273","216273","216273","0","0","0","216033","216033","216033","0","0","0","216066","216066","216066"
"1814","0","0","0","37748","37748","37748","0","0","0","216176","216176","216176","0","0","0","216277","216277","216277","0","0","0","216037","216037","216037","0","0","0","216070","216070","216070"
"1815","0","0","0","37752","37752","37752","0","0","0","216180","216180","216180","0","0","0","216281","216281","216281","0","0","0","216041","216041","216041","0","0","0","216074","216074","216074"
"1816","0","0","0","37756","37756","37756","0","0","0","216184","216184","216184","0","0","0","216285","216285","216285","0","0","0","216045","216045","216045","0","0","0","216078","216078","216078"
"1817","0","0","0","37760","37760","37760","0","0","0","216188","216188","216188","0","0","0","216289","216289","216289","0","0","0","216049","216049","216049","0","0","0","216082","216082","216082"
"1818","0","0","0","37917","37917","37917","0","0","0","217224","217224","217224","0","0","0","217325","217325","217325","0","0","0","217085","217085","217085","0","0","0","217118","217118","217118"
"1819","0","0","0","37921","37921","37921","0","0","0","217228","217228","217228","0","0","0","217329","217329","217329","0","0","0","217089","217089","217089","0","0","0","217122","217122","217122"
"1820","0","0","0","37925","37925","37925","0","0","0","217232","217232","217232","0","0","0","217333","217333","217333","0","0","0","217093","217093","217093","0","0","0","217126","217126","217126"
"1821","0","0","0","37929","37929","37929","0","0","0","217236","217236","217236","0","0","0","217337","217337","217337","0","0","0","217097","217097","217097","0","0","0","217130","217130","217130"
"1822","0","0","0","37933","37933","37933","0","0","0","217240","217240","217240","0","0","0","217341","217341","217341","0","0","0","217101","217101","217101","0","0","0","217134","217134","217134"
"1823","0","0","0","37937","37937","37937","0","0","0","217244","217244","217244","0","0","0","217345","217345","217345","0","0","0","217105","217105","217105","0","0","0","217138","217138","217138"
"1824","0","0","0","37941","37941","37941","0","0","0","217248","217248","217248","0","0","0","217349","217349","217349","0","0","0","217109","217109","217109","0","0","0","217142","217142","217142"
"1825","0","0","0","37945","37945","37945","0","0","0","217252","217252","217252","0","0","0","217353","217353","217353","0","0","0","217113","217113","217113","0","0","0","217146","217146","217146"
"1826","0","0","0","37949","37949","37949","0","0","0","217256","217256","217256","0","0","0","217357","217357","217357","0","0","0","217117","217117","217117","0","0","0","217150","217150","217150"
"1827","0","0","0","38102","38102","38102","0","0","0","218297","218297","218297","0","0","0","218398","218398","218398","0","0","0","218158","218158","218158","0","0","0","218186","218186","218186"
"1828","0","0","0","38106","38106","38106","0","0","0","218301","218301","218301","0","0","0","218402","218402","218402","0","0","0","218162","218162","218162","0","0","0","218190","218190","218190"
"1829","0","0","0","38110","38110","38110","0","0","0","218305","218305","218305","0","0","0","218406","218406","218406","0","0","0","218166","218166","218166","0","0","0","218194","218194","218194"
"1830","0","0","0","38114","38114","38114","0","0","0","218309","218309","218309","0","0","0","218410","218410","218410","1","1","1","218171","218171","218171","0","0","0","218198","218198","218198"
"1831","0","0","0","38118","38118","38118","0","0","0","218313","218313","218313","0","0","0","218414","218414","218414","0","0","0","218175","218175","218175","0","0","0","218202","218202","218202"
"1832","0","0","0","38122","38122","38122","0","0","0","218317","218317","218317","0","0","0","218418","218418","218418","0","0","0","218179","218179","218179","0","0","0","218206","218206","218206"
"1833","0","0","0","38126","38126","38126","0","0","0","218321","218321","218321","0","0","0","218422","218422","218422","0","0","0","218183","218183","218183","0","0","0","218210","218210","218210"
"1834","0","0","0","38130","38130","38130","0","0","0","218325","218325","218325","0","0","0","218426","218426","218426","0","0","0","218187","218187","218187","0","0","0","218214","218214","218214"
"1835","0","0","0","38134","38134","38134","0","0","0","218329","218329","218329","0","0","0","218430","218430","218430","0","0","0","218191","218191","218191","0","0","0","218218","218218","218218"
"1836","0","0","0","38286","38286","38286","0","0","0","219366","219366","219366","0","0","0","219467","219467","219467","0","0","0","219232","219232","219232","0","0","0","219254","219254","219254"
"1837","0","0","0","38290","38290","38290","0","0","0","219370","219370","219370","0","0","0","219471","219471","219471","0","0","0","219236","219236","219236","0","0","0","219258","219258","219258"
"1838","0","0","0","38294","38294","38294","0","0","0","219374","219374","219374","0","0","0","219475","219475","219475","0","0","0","219240","219240","219240","0","0","0","219262","219262","219262"
"1839","0","0","0","38298","38298","38298","0","0","0","219378","219378","219378","0","0","0","219479","219479","219479","3","3","3","219247","219247","219247","0","0","0","219266","219266","219266"
"1840","0","0","0","38302","38302","38302","0","0","0","219382","219382","219382","0","0","0","219483","219483","219483","0","0","0","219251","219251","219251","0","0","0","219270","219270","219270"
"1841","0","0","0","38306","38306","38306","0","0","0","219386","219386","219386","0","0","0","219487","219487","219487","0","0","0","219255","219255","219255","0","0","0","219274","219274","219274"
"1842","0","0","0","38310","38310","38310","0","0","0","219390","219390","219390","0","0","0","219491","219491","219491","0","0","0","219259","219259","219259","0","0","0","219278","219278","219278"
"1843","0","0","0","38314","38314","38314","0","0","0","219394","219394","219394","0","0","0","219495","219495","219495","0","0","0","219263","219263","219263","0","0","0","219282","219282","219282"
"1844","0","0","0","38318","38318","38318","0","0","0","219398","219398","219398","0","0","0","219499","219499","219499","0","0","0","219267","219267","219267","0","0","0","219286","219286","219286"
"1845","0","0","0","38473","38473","38473","0","0","0","220449","220449","220449","0","0","0","220535","220535","220535","0","0","0","220303","220303","220303","0","0","0","220327","220327","220327"
"1846","0","0","0","38477","38477","38477","0","0","0","220453","220453","220453","0","0","0","220539","220539","220539","0","0","0","220307","220307","220307","0","0","0","220331","220331","220331"
"1847","0","0","0","38481","38481","38481","0","0","0","220457","220457","220457","0","0","0","220543","220543","220543","0","0","0","220311","220311","220311","0","0","0","220335","220335","220335"
"1848","0","0","0","38485","38485","38485","0","0","0","220461","220461","220461","0","0","0","220547","220547","220547","0","0","0","220315","220315","220315","0","0","0","220339","220339","220339"
"1849","0","0","0","38489","38489","38489","0","0","0","220465","220465","220465","0","0","0","220551","220551","220551","0","0","0","220319","220319","220319","0","0","0","220343","220343","220343"
"1850","0","0","0","38493","38493","38493","0","0","0","220469","220469","220469","0","0","0","220555","220555","220555","0","0","0","220323","220323","220323","0","0","0","220347","220347","220347"
"1851","0","0","0","38497","38497","38497","0","0","0","220473","220473","220473","0","0","0","220559","220559","220559","0","0","0","220327","220327","220327","0","0","0","220351","220351","220351"
"1852","0","0","0","38501","38501","38501","0","0","0","220477","220477","220477","0","0","0","220563","220563","220563","0","0","0","220331","220331","220331","0","0","0","220355","220355","220355"
"1853","0","0","0","38505","38505","38505","0","0","0","220481","220481","220481","0","0","0","220567","220567","220567","0","0","0","220335","220335","220335","0","0","0","220359","220359","220359"
"1854","0","0","0","38661","38661","38661","0","0","0","221517","221517","221517","0","0","0","221603","221603","221603","0","0","0","221372","221372","221372","0","0","0","221396","221396","221396"
"1855","0","0","0","38665","38665","38665","0","0","0","221521","221521","221521","0","0","0","221607","221607","221607","0","0","0","221376","221376","221376","0","0","0","221400","221400","221400"
"1856","0","0","0","38669","38669","38669","0","0","0","221525","221525","221525","0","0","0","221611","221611","221611","0","0","0","221380","221380","221380","0","0","0","221404","221404","221404"
"1857","0","0","0","38673","38673","38673","0","0","0","221529","221529","221529","0","0","0","221615","221615","221615","0","0","0","221384","221384","221384","0","0","0","221408","221408","221408"
"1858","0","0","0","38677","38677","38677","0","0","0","221533","221533","221533","0","0","0","221619","221619","221619","0","0","0","221388","221388","221388","0","0","0","221412","221412","221412"
"1859","0","0","0","38681","38681","38681","0","0","0","221537","221537","221537","0","0","0","221623","221623","221623","0","0","0","221392","221392","221392","0","0","0","221416","221416","221416"
"1860","0","0","0","38685","38685","38685","0","0","0","221541","221541","221541","0","0","0","221627","221627","221627","0","0","0","221396","221396","221396","0","0","0","221420","221420","221420"
"1861","0","0","0","38689","38689","38689","0","0","0","221545","221545","221545","0","0","0","221631","221631","221631","0","0","0","221400","221400","221400","0","0","0","221424","221424","221424"
"1862","0","0","0","38693","38693","38693","0","0","0","221549","221549","221549","0","0","0","221635","221635","221635","0","0","0","221404","221404","221404","0","0","0","221428","221428","221428"
"1863","0","0","0","38844","38844","38844","0","0","0","222585","222585","222585","0","0","0","222676","222676","222676","0","0","0","222440","222440","222440","0","0","0","222464","222464","222464"
"1864","0","0","0","38848","38848","38848","0","0","0","222589","222589","222589","0","0","0","222680","222680","222680","0","0","0","222444","222444","222444","0","0","0","222468","222468","222468"
"1865","0","0","0","38852","38852","38852","0","0","0","222593","222593","222593","0","0","0","222684","222684","222684","0","0","0","222448","222448","222448","0","0","0","222472","222472","222472"
"1866","0","0","0","38856","38856","38856","0","0","0","222597","222597","222597","0","0","0","222688","222688","222688","0","0","0","222452","222452","222452","0","0","0","222476","222476","222476"
"1867","0","0","0","38860","38860","38860","0","0","0","222601","222601","222601","0","0","0","222692","222692","222692","0","0","0","222456","222456","222456","0","0","0","222480","222480","222480"
"1868","0","0","0","38864","38864","38864","0","0","0","222605","222605","222605","0","0","0","222696","222696","222696","0","0","0","222460","222460","222460","0","0","0","222484","222484","222484"
"1869","0","0","0","38868","38868","38868","0","0","0","222609","222609","222609","0","0","0","222700","222700","222700","0","0","0","222464","222464","222464","0","0","0","222488","222488","222488"
"1870","0","0","0","38872","38872","38872","0","0","0","222613","222613","222613","0","0","0","222704","222704","222704","0","0","0","222468","222468","222468","0","0","0","222492","222492","222492"
"1871","0","0","0","38876","38876","38876","0","0","0","222617","222617","222617","0","0","0","222708","222708","222708","0","0","0","222472","222472","222472","0","0","0","222496","222496","222496"
"1872","0","0","0","39031","39031","39031","0","0","0","223653","223653","223653","0","0","0","223749","223749","223749","0","0","0","223513","223513","223513","0","0","0","223533","223533","223533"
"1873","0","0","0","39035","39035","39035","0","0","0","223657","223657","223657","0","0","0","223753","223753","223753","0","0","0","223517","223517","223517","0","0","0","223537","223537","223537"
"1874","0","0","0","39039","39039","39039","0","0","0","223661","223661","223661","0","0","0","223757","223757","223757","0","0","0","223521","223521","223521","0","0","0","223541","223541","223541"
"1875","0","0","0","39043","39043","39043","0","0","0","223665","223665","223665","0","0","0","223761","223761","223761","0","0","0","223525","223525","223525","0","0","0","223545","223545","223545"
"1876","0","0","0","39047","39047","39047","0","0","0","223669","223669","223669","0","0","0","223765","223765","223765","0","0","0","223529","223529","223529","0","0","0","223549","223549","223549"
"1877","0","0","0","39051","39051","39051","0","0","0","223673","223673","223673","0","0","0","223769","223769","223769","0","0","0","223533","223533","223533","0","0","0","223553","223553","223553"
"1878","0","0","0","39055","39055","39055","0","0","0","223677","223677","223677","0","0","0","223773","223773","223773","0","0","0","223537","223537","223537","0","0","0","223557","223557","223557"
"1879","0","0","0","39059","39059","39059","0","0","0","223681","223681","223681","0","0","0","223777","223777","223777","0","0","0","223541","223541","223541","0","0","0","223561","223561","223561"
"1880","0","0","0","39063","39063","39063","0","0","0","223685","223685","223685","0","0","0","223781","223781","223781","0","0","0","223545","223545","223545","0","0","0","223565","223565","223565"
"1881","0","0","0","39219","39219","39219","0","0","0","224722","224722","224722","0","0","0","224817","224817","224817","0","0","0","224582","224582","224582","0","0","0","224606","224606","224606"
"1882","0","0","0","39223","39223","39223","0","0","0","224726","224726","224726","0","0","0","224821","224821","224821","0","0","0","224586","224586","224586","0","0","0","224610","224610","224610"
"1883","0","0","0","39227","39227","39227","0","0","0","224730","224730","224730","0","0","0","224825","224825","224825","0","0","0","224590","224590","224590","0","0","0","224614","224614","224614"
"1884","0","0","0","39231","39231","39231","0","0","0","224734","224734","224734","0","0","0","224829","224829","224829","0","0","0","224594","224594","224594","0","0","0","224618","224618","224618"
"1885","0","0","0","39235","39235","39235","1","1","1","224739","224739","224739","0","0","0","224833","224833","224833","0","0","0","224598","224598","224598","0","0","0","224622","224622","224622"
"1886","0","0","0","39239","39239","39239","0","0","0","224743","224743","224743","0","0","0","224837","224837","224837","0","0","0","224602","224602","224602","0","0","0","224626","224626","224626"
"1887","0","0","0","39243","39243","39243","0","0","0","224747","224747","224747","0","0","0","224841","224841","224841","0","0","0","224606","224606","224606","0","0","0","224630","224630","224630"
"1888","0","0","0","39247","39247","39247","0","0","0","224751","224751","224751","0","0","0","224845","224845","224845","0","0","0","224610","224610","224610","0","0","0","224634","224634","224634"
"1889","0","0","0","39251","39251","39251","0","0","0","224755","224755","224755","0","0","0","224849","224849","224849","0","0","0","224614","224614","224614","0","0","0","224638","224638","224638"
"1890","0","0","0","39405","39405","39405","0","0","0","225796","225796","225796","0","0","0","225885","225885","225885","0","0","0","225650","225650","225650","0","0","0","225679","225679","225679"
"1891","0","0","0","39409","39409","39409","0","0","0","225800","225800","225800","0","0","0","225889","225889","225889","0","0","0","225654","225654","225654","0","0","0","225683","225683","225683"
"1892","0","0","0","39413","39413","39413","0","0","0","225804","225804","225804","0","0","0","225893","225893","225893","0","0","0","225658","225658","225658","0","0","0","225687","225687","225687"
"1893","0","0","0","39417","39417","39417","0","0","0","225808","225808","225808","0","0","0","225897","225897","225897","0","0","0","225662","225662","225662","0","0","0","225691","225691","225691"
"1894","0","0","0","39421","39421","39421","0","0","0","225812","225812","225812","0","0","0","225901","225901","225901","0","0","0","225666","225666","225666","0","0","0","225695","225695","225695"
"1895","0","0","0","39425","39425","39425","0","0","0","225816","225816","225816","0","0","0","225905","225905","225905","0","0","0","225670","225670","225670","0","0","0","225699","225699","225699"
"1896","0","0","0","39429","39429","39429","0","0","0","225820","225820","225820","0","0","0","225909","225909","225909","0","0","0","225674","225674","225674","0","0","0","225703","225703","225703"
"1897","0","0","0","39433","39433","39433","0","0","0","225824","225824","225824","0","0","0","225913","225913","225913","0","0","0","225678","225678","225678","0","0","0","225707","225707","225707"
"1898","0","0","0","39437","39437","39437","0","0","0","225828","225828","225828","0","0","0","225917","225917","225917","0","0","0","225682","225682","225682","0","0","0","225711","225711","225711"
"1899","0","0","0","39590","39590","39590","0","0","0","226869","226869","226869","0","0","0","226953","226953","226953","0","0","0","226718","226718","226718","0","0","0","226747","226747","226747"
"1900","0","0","0","39594","39594","39594","0","0","0","226873","226873","226873","0","0","0","226957","226957","226957","0","0","0","226722","226722","226722","0","0","0","226751","226751","226751"
"1901","0","0","0","39598","39598","39598","0","0","0","226877","226877","226877","0","0","0","226961","226961","226961","0","0","0","226726","226726","226726","0","0","0","226755","226755","226755"
"1902","0","0","0","39602","39602","39602","0","0","0","226881","226881","226881","0","0","0","226965","226965","226965","0","0","0","226730","226730","226730","0","0","0","226759","226759","226759"
"1903","0","0","0","39606","39606","39606","0","0","0","226885","226885","226885","0","0","0","226969","226969","226969","0","0","0","226734","226734","226734","0","0","0","226763","226763","226763"
"1904","0","0","0","39610","39610","39610","0","0","0","226889","226889","226889","0","0","0","226973","226973","226973","0","0","0","226738","226738","226738","0","0","0","226767","226767","226767"
"1905","0","0","0","39614","39614","39614","0","0","0","226893","226893","226893","0","0","0","226977","226977","226977","0","0","0","226742","226742","226742","0","0","0","226771","226771","226771"
"1906","0","0","0","39618","39618","39618","0","0","0","226897","226897","226897","0","0","0","226981","226981","226981","0","0","0","226746","226746","226746","0","0","0","226775","226775","226775"
"1907","0","0","0","39622","39622","39622","0","0","0","226901","226901","226901","0","0","0","226985","226985","226985","0","0","0","226750","226750","226750","0","0","0","226779","226779","226779"
"1908","0","0","0","39778","39778","39778","0","0","0","227936","227936","227936","0","0","0","228021","228021","228021","0","0","0","227791","227791","227791","0","0","0","227816","227816","227816"
"1909","0","0","0","39782","39782","39782","0","0","0","227940","227940","227940","0","0","0","228025","228025","228025","0","0","0","227795","227795","227795","0","0","0","227820","227820","227820"
"1910","0","0","0","39786","39786","39786","0","0","0","227944","227944","227944","0","0","0","228029","228029","228029","0","0","0","227799","227799","227799","0","0","0","227824","227824","227824"
"1911","0","0","0","39790","39790","39790","0","0","0","227948","227948","227948","0","0","0","228033","228033","228033","0","0","0","227803","227803","227803","0","0","0","227828","227828","227828"
"1912","0","0","0","39794","39794","39794","0","0","0","227952","227952","227952","0","0","0","228037","228037","228037","0","0","0","227807","227807","227807","0","0","0","227832","227832","227832"
"1913","0","0","0","39798","39798","39798","0","0","0","227956","227956","227956","0","0","0","228041","228041","228041","0","0","0","227811","227811","227811","0","0","0","227836","227836","227836"
"1914","0","0","0","39802","39802","39802","0","0","0","227960","227960","227960","0","0","0","228045","228045","228045","0","0","0","227815","227815","227815","0","0","0","227840","227840","227840"
"1915","0","0","0","39806","39806","39806","0","0","0","227964","227964","227964","0","0","0","228049","228049","228049","0","0","0","227819","227819","227819","0","0","0","227844","227844","227844"
"1916","0","0","0","39810","39810","39810","0","0","0","227968","227968","227968","0","0","0","228053","228053","228053","0","0","0","227823","227823","227823","0","0","0","227848","227848","227848"
"1917","0","0","0","39961","39961","39961","0","0","0","229004","229004","229004","0","0","0","229090","229090","229090","0","0","0","228859","228859","228859","0","0","0","228884","228884","228884"
"1918","0","0","0","39965","39965","39965","0","0","0","229008","229008","229008","0","0","0","229094","229094","229094","0","0","0","228863","228863","228863","0","0","0","228888","228888","228888"
"1919","0","0","0","39969","39969","39969","0","0","0","229012","229012","229012","0","0","0","229098","229098","229098","0","0","0","228867","228867","228867","0","0","0","228892","228892","228892"
"1920","0","0","0","39973","39973","39973","0","0","0","229016","229016","229016","0","0","0","229102","229102","229102","0","0","0","228871","228871","228871","0","0","0","228896","228896","228896"
"1921","0","0","0","39977","39977","39977","0","0","0","229020","229020","229020","0","0","0","229106","229106","229106","0","0","0","228875","228875","228875","0","0","0","228900","228900","228900"
"1922","0","0","0","39981","39981","39981","0","0","0","229024","229024","229024","0","0","0","229110","229110","229110","0","0","0","228879","228879","228879","0","0","0","228904","228904","228904"
"1923","0","0","0","39985","39985","39985","0","0","0","229028","229028","229028","0","0","0","229114","229114","229114","0","0","0","228883","228883","228883","0","0","0","228908","228908","228908"
"1924","0","0","0","39989","39989","39989","0","0","0","229032","229032","229032","0","0","0","229118","229118","229118","0","0","0","228887","228887","228887","0","0","0","228912","228912","228912"
"1925","0","0","0","39993","39993","39993","0","0","0","229036","229036","229036","0","0","0","229122","229122","229122","0","0","0","228891","228891","228891","0","0","0","228916","228916","228916"
"1926","0","0","0","40151","40151","40151","0","0","0","230072","230072","230072","","","","","","","0","0","0","229927","229927","229927","0","0","0","229952","229952","229952"
"1927","0","0","0","40155","40155","40155","0","0","0","230076","230076","230076","","","","","","","0","0","0","229931","229931","229931","0","0","0","229956","229956","229956"
"1928","0","0","0","40159","40159","40159","0","0","0","230080","230080","230080","","","","","","","0","0","0","229935","229935","229935","0","0","0","229960","229960","229960"
"1929","0","0","0","40163","40163","40163","0","0","0","230084","230084","230084","","","","","","","0","0","0","229939","229939","229939","0","0","0","229964","229964","229964"
"1930","0","0","0","40167","40167","40167","0","0","0","230088","230088","230088","","","","","","","0","0","0","229943","229943","229943","0","0","0","229968","229968","229968"
"1931","0","0","0","40171","40171","40171","0","0","0","230092","230092","230092","","","","","","","0","0","0","229947","229947","229947","0","0","0","229972","229972","229972"
"1932","0","0","0","40175","40175","40175","0","0","0","230096","230096","230096","","","","","","","0","0","0","229951","229951","229951","0","0","0","229976","229976","229976"
"1933","0","0","0","40179","40179","40179","0","0","0","230100","230100","230100","","","","","","","0","0","0","229955","229955","229955","0","0","0","229980","229980","229980"
"1934","0","0","0","40183","40183","40183","0","0","0","230104","230104","230104","","","","","","","0","0","0","229959","229959","229959","0","0","0","229984","229984","229984"
"1935","0","0","0","40341","40341","40341","0","0","0","231141","231141","231141","","","","","","","0","0","0","231005","231005","231005","0","0","0","231025","231025","231025"
"1936","0","0","0","40345","40345","40345","0","0","0","231145","231145","231145","","","","","","","0","0","0","231009","231009","231009","0","0","0","231029","231029","231029"
"1937","0","0","0","40349","40349","40349","0","0","0","231149","231149","231149","","","","","","","0","0","0","231013","231013","231013","0","0","0","231033","231033","231033"
"1938","0","0","0","40353","40353","40353","0","0","0","231153","231153","231153","","","","","","","0","0","0","231017","231017","231017","0","0","0","231037","231037","231037"
"1939","0","0","0","40357","40357","40357","0","0","0","231157","231157","231157","","","","","","","0","0","0","231021","231021","231021","0","0","0","231041","231041","231041"
"1940","0","0","0","40361","40361","40361","0","0","0","231161","231161","231161","","","","","","","0","0","0","231025","231025","231025","0","0","0","231045","231045","231045"
"1941","0","0","0","40365","40365","40365","0","0","0","231165","231165","231165","","","","","","","0","0","0","231029","231029","231029","0","0","0","231049","231049","231049"
"1942","0","0","0","40369","40369","40369","0","0","0","231169","231169","231169","","","","","","","0","0","0","231033","231033","231033","0","0","0","231053","231053","231053"
"1943","0","0","0","40373","40373","40373","0","0","0","231173","231173","231173","","","","","","","0","0","0","231037","231037","231037","0","0","0","231057","231057","231057"
"1944","0","0","0","40527","40527","40527","0","0","0","232218","232218","232218","","","","","","","0","0","0","232073","232073","232073","0","0","0","232094","232094","232094"
"1945","0","0","0","40531","40531","40531","0","0","0","232222","232222","232222","","","","","","","0","0","0","232077","232077","232077","0","0","0","232098","232098","232098"
"1946","0","0","0","40535","40535","40535","0","0","0","232226","232226","232226","","","","","","","0","0","0","232081","232081","232081","0","0","0","232102","232102","232102"
"1947","0","0","0","40539","40539","40539","0","0","0","232230","232230","232230","","","","","","","0","0","0","232085","232085","232085","0","0","0","232106","232106","232106"
"1948","0","0","0","40543","40543","40543","0","0","0","232234","232234","232234","","","","","","","0","0","0","232089","232089","232089","0","0","0","232110","232110","232110"
"1949","0","0","0","40547","40547","40547","0","0","0","232238","232238","232238","","","","","","","0","0","0","232093","232093","232093","0","0","0","232114","232114","232114"
"1950","0","0","0","40551","40551","40551","0","0","0","232242","232242","232242","","","","","","","0","0","0","232097","232097","232097","0","0","0","232118","232118","232118"
"1951","0","0","0","40555","40555","40555","0","0","0","232246","232246","232246","","","","","","","0","0","0","232101","232101","232101","0","0","0","232122","232122","232122"
"1952","0","0","0","40559","40559","40559","0","0","0","232250","232250","232250","","","","","","","0","0","0","232105","232105","232105","0","0","0","232126","232126","232126"
"1953","0","0","0","40711","40711","40711","0","0","0","233291","233291","233291","","","","","","","0","0","0","233142","233142","233142","0","0","0","233163","233163","233163"
"1954","0","0","0","40715","40715","40715","0","0","0","233295","233295","233295","","","","","","","0","0","0","233146","233146","233146","0","0","0","233167","233167","233167"
"1955","0","0","0","40719","40719","40719","0","0","0","233299","233299","233299","","","","","","","0","0","0","233150","233150","233150","0","0","0","233171","233171","233171"
"1956","0","0","0","40723","40723","40723","0","0","0","233303","233303","233303","","","","","","","0","0","0","233154","233154","233154","0","0","0","233175","233175","233175"
"1957","0","0","0","40727","40727","40727","0","0","0","233307","233307","233307","","","","","","","0","0","0","233158","233158","233158","0","0","0","233179","233179","233179"
"1958","0","0","0","40731","40731","40731","0","0","0","233311","233311","233311","","","","","","","0","0","0","233162","233162","233162","0","0","0","233183","233183","233183"
"1959","0","0","0","40735","40735","40735","0","0","0","233315","233315","233315","","","","","","","0","0","0","233166","233166","233166","0","0","0","233187","233187","233187"
"1960","0","0","0","40739","40739","40739","0","0","0","233319","233319","233319","","","","","","","0","0","0","233170","233170","233170","0","0","0","233191","233191","233191"
"1961","0","0","0","40743","40743","40743","0","0","0","233323","233323","233323","","","","","","","0","0","0","233174","233174","233174","0","0","0","233195","233195","233195"
"1962","0","0","0","40898","40898","40898","","","","","","","","","","","","","0","0","0","234209","234209","234209","0","0","0","234242","234242","234242"
"1963","0","0","0","40902","40902","40902","","","","","","","","","","","","","0","0","0","234213","234213","234213","0","0","0","234246","234246","234246"
"1964","0","0","0","40906","40906","40906","","","","","","","","","","","","","0","0","0","234217","234217","234217","0","0","0","234250","234250","234250"
"1965","0","0","0","40910","40910","40910","","","","","","","","","","","","","0","0","0","234221","234221","234221","0","0","0","234254","234254","234254"
"1966","0","0","0","40914","40914","40914","","","","","","","","","","","","","0","0","0","234225","234225","234225","0","0","0","234258","234258","234258"
"1967","0","0","0","40918","40918","40918","","","","","","","","","","","","","0","0","0","234229","234229","234229","0","0","0","234262","234262","234262"
"1968","0","0","0","40922","40922","40922","","","","","","","","","","","","","0","0","0","234233","234233","234233","0","0","0","234266","234266","234266"
"1969","0","0","0","40926","40926","40926","","","","","","","","","","","","","0","0","0","234237","234237","234237","0","0","0","234270","234270","234270"
"1970","0","0","0","40930","40930","40930","","","","","","","","","","","","","0","0","0","234241","234241","234241","0","0","0","234274","234274","234274"
"1971","0","0","0","41085","41085","41085","","","","","","","","","","","","","0","0","0","235277","235277","235277","0","0","0","235310","235310","235310"
"1972","0","0","0","41089","41089","41089","","","","","","","","","","","","","0","0","0","235281","235281","235281","0","0","0","235314","235314","235314"
"1973","0","0","0","41093","41093","41093","","","","","","","","","","","","","0","0","0","235285","235285","235285","0","0","0","235318","235318","235318"
"1974","0","0","0","41097","41097","41097","","","","","","","","","","","","","0","0","0","235289","235289","235289","1","1","1","235322","235322","235322"
"1975","0","0","0","41101","41101","41101","","","","","","","","","","","","","0","0","0","235293","235293","235293","0","0","0","235326","235326","235326"
"1976","0","0","0","41105","41105","41105","","","","","","","","","","","","","0","0","0","235297","235297","235297","0","0","0","235330","235330","235330"
"1977","0","0","0","41109","41109","41109","","","","","","","","","","","","","0","0","0","235301","235301","235301","0","0","0","235334","235334","235334"
"1978","0","0","0","41113","41113","41113","","","","","","","","","","","","","0","0","0","235305","235305","235305","0","0","0","235338","235338","235338"
"1979","0","0","0","41117","41117","41117","","","","","","","","","","","","","0","0","0","235309","235309","235309","0","0","0","235342","235342","235342"
"1980","0","0","0","41272","41272","41272","","","","","","","","","","","","","","","","","","","0","0","0","236378","236378","236378"
"1981","0","0","0","41276","41276","41276","","","","","","","","","","","","","","","","","","","0","0","0","236382","236382","236382"
"1982","0","0","0","41280","41280","41280","","","","","","","","","","","","","","","","","","","0","0","0","236386","236386","236386"
"1983","0","0","0","41284","41284","41284","","","","","","","","","","","","","","","","","","","0","0","0","236390","236390","236390"
"1984","0","0","0","41288","41288","41288","","","","","","","","","","","","","","","","","","","0","0","0","236394","236394","236394"
"1985","0","0","0","41292","41292","41292","","","","","","","","","","","","","","","","","","","0","0","0","236398","236398","236398"
"1986","0","0","0","41296","41296","41296","","","","","","","","","","","","","","","","","","","0","0","0","236402","236402","236402"
"1987","0","0","0","41300","41300","41300","","","","","","","","","","","","","","","","","","","0","0","0","236406","236406","236406"
"1988","0","0","0","41304","41304","41304","","","","","","","","","","","","","","","","","","","0","0","0","236410","236410","236410"
"1989","0","0","0","41460","41460","41460","","","","","","","","","","","","","","","","","","","0","0","0","237447","237447","237447"
"1990","0","0","0","41464","41464","41464","","","","","","","","","","","","","","","","","","","0","0","0","237451","237451","237451"
"1991","0","0","0","41468","41468","41468","","","","","","","","","","","","","","","","","","","0","0","0","237455","237455","237455"
"1992","0","0","0","41472","41472","41472","","","","","","","","","","","","","","","","","","","0","0","0","237459","237459","237459"
"1993","0","0","0","41476","41476","41476","","","","","","","","","","","","","","","","","","","0","0","0","237463","237463","237463"
"1994","0","0","0","41480","41480","41480","","","","","","","","","","","","","","","","","","","0","0","0","237467","237467","237467"
"1995","0","0","0","41484","41484","41484","","","","","","","","","","","","","","","","","","","0","0","0","237471","237471","237471"
"1996","0","0","0","41488","41488","41488","","","","","","","","","","","","","","","","","","","0","0","0","237475","237475","237475"
"1997","0","0","0","41492","41492","41492","","","","","","","","","","","","","","","","","","","0","0","0","237479","237479","237479"
"1998","0","0","0","41645","41645","41645","","","","","","","","","","","","","","","","","","","0","0","0","238515","238515","238515"
"1999","0","0","0","41649","41649","41649","","","","","","","","","","","","","","","","","","","0","0","0","238519","238519","238519"
"2000","0","0","0","41653","41653","41653","","","","","","","","","","","","","","","","","","","0","0","0","238523","238523","238523"
"2001","0","0","0","41657","41657","41657","","","","","","","","","","","","","","","","","","","0","0","0","238527","238527","238527"
"2002","0","0","0","41661","41661","41661","","","","","","","","","","","","","","","","","","","0","0","0","238531","238531","238531"
"2003","0","0","0","41665","41665","41665","","","","","","","","","","","","","","","","","","","0","0","0","238535","238535","238535"
"2004","0","0","0","41669","41669","41669","","","","","","","","","","","","","","","","","","","0","0","0","238539","238539","238539"
"2005","0","0","0","41673","41673","41673","","","","","","","","","","","","","","","","","","","0","0","0","238543","238543","238543"
"2006","0","0","0","41677","41677","41677","","","","","","","","","","","","","","","","","","","0","0","0","238547","238547","238547"
"2007","0","0","0","41831","41831","41831","","","","","","","","","","","","","","","","","","","0","0","0","239583","239583","239583"
"2008","0","0","0","41835","41835","41835","","","","","","","","","","","","","","","","","","","0","0","0","239587","239587","239587"
"2009","0","0","0","41839","41839","41839","","","","","","","","","","","","","","","","","","","0","0","0","239591","239591","239591"
"2010","0","0","0","41843","41843","41843","","","","","","","","","","","","","","","","","","","0","0","0","239595","239595","239595"
"2011","0","0","0","41847","41847","41847","","","","","","","","","","","","","","","","","","","0","0","0","239599","239599","239599"
"2012","0","0","0","41851","41851","41851","","","","","","","","","","","","","","","","","","","0","0","0","239603","239603","239603"
"2013","0","0","0","41855","41855","41855","","","","","","","","","","","","","","","","","","","0","0","0","239607","239607","239607"
"2014","0","0","0","41859","41859","41859","","","","","","","","","","","","","","","","","","","0","0","0","239611","239611","239611"
"2015","0","0","0","41863","41863","41863","","","","","","","","","","","","","","","","","","","0","0","0","239615","239615","239615"
"2016","0","0","0","42017","42017","42017","","","","","","","","","","","","","","","","","","","0","0","0","240651","240651","240651"
"2017","0","0","0","42021","42021","42021","","","","","","","","","","","","","","","","","","","0","0","0","240655","240655","240655"
"2018","0","0","0","42025","42025","42025","","","","","","","","","","","","","","","","","","","0","0","0","240659","240659","240659"
"2019","0","0","0","42029","42029","42029","","","","","","","","","","","","","","","","","","","0","0","0","240663","240663","240663"
"2020","0","0","0","42033","42033","42033","","","","","","","","","","","","","","","","","","","0","0","0","240667","240667","240667"
"2021","0","0","0","42037","42037","42037","","","","","","","","","","","","","","","","","","","0","0","0","240671","240671","240671"
"2022","0","0","0","42041","42041","42041","","","","","","","","","","","","","","","","","","","0","0","0","240675","240675","240675"
"2023","0","0","0","42045","42045","42045","","","","","","","","","","","","","","","","","","","0","0","0","240679","240679","240679"
"2024","0","0","0","42049","42049","42049","","","","","","","","","","","","","","","","","","","0","0","0","240683","240683","240683"
"2025","0","0","0","42203","42203","42203","","","","","","","","","","","","","","","","","","","0","0","0","241720","241720","241720"
"2026","0","0","0","42207","42207","42207","","","","","","","","","","","","","","","","","","","0","0","0","241724","241724","241724"
"2027","0","0","0","42211","42211","42211","","","","","","","","","","","","","","","","","","","0","0","0","241728","241728","241728"
"2028","0","0","0","42215","42215","42215","","","","","","","","","","","","","","","","","","","0","0","0","241732","241732","241732"
"2029","0","0","0","42219","42219","42219","","","","","","","","","","","","","","","","","","","0","0","0","241736","241736","241736"
"2030","0","0","0","42223","42223","42223","","","","","","","","","","","","","","","","","","","0","0","0","241740","241740","241740"
"2031","0","0","0","42227","42227","42227","","","","","","","","","","","","","","","","","","","0","0","0","241744","241744","241744"
"2032","0","0","0","42231","42231","42231","","","","","","","","","","","","","","","","","","","0","0","0","241748","241748","241748"
"2033","0","0","0","42235","42235","42235","","","","","","","","","","","","","","","","","","","0","0","0","241752","241752","241752"
"2034","0","0","0","42391","42391","42391","","","","","","","","","","","","","","","","","","","0","0","0","242787","242787","242787"
"2035","0","0","0","42395","42395","42395","","","","","","","","","","","","","","","","","","","0","0","0","242791","242791","242791"
"2036","0","0","0","42399","42399","42399","","","","","","","","","","","","","","","","","","","0","0","0","242795","242795","242795"
"2037","0","0","0","42403","42403","42403","","","","","","","","","","","","","","","","","","","0","0","0","242799","242799","242799"
"2038","0","0","0","42407","42407","42407","","","","","","","","","","","","","","","","","","","0","0","0","242803","242803","242803"
"2039","0","0","0","42411","42411","42411","","","","","","","","","","","","","","","","","","","0","0","0","242807","242807","242807"
"2040","0","0","0","42415","42415","42415","","","","","","","","","","","","","","","","","","","0","0","0","242811","242811","242811"
"2041","0","0","0","42419","42419","42419","","","","","","","","","","","","","","","","","","","0","0","0","242815","242815","242815"
"2042","0","0","0","42423","42423","42423","","","","","","","","","","","","","","","","","","","0","0","0","242819","242819","242819"
"2043","0","0","0","42578","42578","42578","","","","","","","","","","","","","","","","","","","0","0","0","243856","243856","243856"
"2044","0","0","0","42582","42582","42582","","","","","","","","","","","","","","","","","","","0","0","0","243860","243860","243860"
"2045","0","0","0","42586","42586","42586","","","","","","","","","","","","","","","","","","","0","0","0","243864","243864","243864"
"2046","0","0","0","42590","42590","42590","","","","","","","","","","","","","","","","","","","0","0","0","243868","243868","243868"
"2047","0","0","0","42594","42594","42594","","","","","","","","","","","","","","","","","","","0","0","0","243872","243872","243872"
"2048","0","0","0","42598","42598","42598","","","","","","","","","","","","","","","","","","","0","0","0","243876","243876","243876"
"2049","0","0","0","42602","42602","42602","","","","","","","","","","","","","","","","","","","0","0","0","243880","243880","243880"
"2050","0","0","0","42606","42606","42606","","","","","","","","","","","","","","","","","","","0","0","0","243884","243884","243884"
"2051","0","0","0","42610","42610","42610","","","","","","","","","","","","","","","","","","","0","0","0","243888","243888","243888"
"2052","0","0","0","42764","42764","42764","","","","","","","","","","","","","","","","","","","0","0","0","244923","244923","244923"
"2053","0","0","0","42768","42768","42768","","","","","","","","","","","","","","","","","","","0","0","0","244927","244927","244927"
"2054","0","0","0","42772","42772","42772","","","","","","","","","","","","","","","","","","","0","0","0","244931","244931","244931"
"2055","0","0","0","42776","42776","42776","","","","","","","","","","","","","","","","","","","0","0","0","244935","244935","244935"
"2056","0","0","0","42780","42780","42780","","","","","","","","","","","","","","","","","","","0","0","0","244939","244939","244939"
"2057","0","0","0","42784","42784","42784","","","","","","","","","","","","","","","","","","","0","0","0","244943","244943","244943"
"2058","0","0","0","42788","42788","42788","","","","","","","","","","","","","","","","","","","0","0","0","244947","244947","244947"
"2059","0","0","0","42792","42792","42792","","","","","","","","","","","","","","","","","","","0","0","0","244951","244951","244951"
"2060","0","0","0","42796","42796","42796","","","","","","","","","","","","","","","","","","","0","0","0","244955","244955","244955"
"2061","0","0","0","42951","42951","42951","","","","","","","","","","","","","","","","","","","0","0","0","245996","245996","245996"
"2062","0","0","0","42955","42955","42955","","","","","","","","","","","","","","","","","","","0","0","0","246000","246000","246000"
"2063","0","0","0","42959","42959","42959","","","","","","","","","","","","","","","","","","","0","0","0","246004","246004","246004"
"2064","0","0","0","42963","42963","42963","","","","","","","","","","","","","","","","","","","0","0","0","246008","246008","246008"
"2065","0","0","0","42967","42967","42967","","","","","","","","","","","","","","","","","","","0","0","0","246012","246012","246012"
"2066","0","0","0","42971","42971","42971","","","","","","","","","","","","","","","","","","","0","0","0","246016","246016","246016"
"2067","0","0","0","42975","42975","42975","","","","","","","","","","","","","","","","","","","0","0","0","246020","246020","246020"
"2068","0","0","0","42979","42979","42979","","","","","","","","","","","","","","","","","","","0","0","0","246024","246024","246024"
"2069","0","0","0","42983","42983","42983","","","","","","","","","","","","","","","","","","","0","0","0","246028","246028","246028"
"2070","0","0","0","43140","43140","43140","","","","","","","","","","","","","","","","","","","","","","","",""
"2071","0","0","0","43144","43144","43144","","","","","","","","","","","","","","","","","","","","","","","",""
"2072","0","0","0","43148","43148","43148","","","","","","","","","","","","","","","","","","","","","","","",""
"2073","0","0","0","43152","43152","43152","","","","","","","","","","","","","","","","","","","","","","","",""
"2074","0","0","0","43156","43156","43156","","","","","","","","","","","","","","","","","","","","","","","",""
"2075","0","0","0","43160","43160","43160","","","","","","","","","","","","","","","","","","","","","","","",""
"2076","0","0","0","43164","43164","43164","","","","","","","","","","","","","","","","","","","","","","","",""
"2077","0","0","0","43168","43168","43168","","","","","","","","","","","","","","","","","","","","","","","",""
"2078","0","0","0","43172","43172","43172","","","","","","","","","","","","","","","","","","","","","","","",""
"2079","0","0","0","43333","43333","43333","","","","","","","","","","","","","","","","","","","","","","","",""
"2080","0","0","0","43337","43337","43337","","","","","","","","","","","","","","","","","","","","","","","",""
"2081","0","0","0","43341","43341","43341","","","","","","","","","","","","","","","","","","","","","","","",""
"2082","0","0","0","43345","43345","43345","","","","","","","","","","","","","","","","","","","","","","","",""
"2083","0","0","0","43349","43349","43349","","","","","","","","","","","","","","","","","","","","","","","",""
"2084","0","0","0","43353","43353","43353","","","","","","","","","","","","","","","","","","","","","","","",""
"2085","0","0","0","43357","43357","43357","","","","","","","","","","","","","","","","","","","","","","","",""
"2086","0","0","0","43361","43361","43361","","","","","","","","","","","","","","","","","","","","","","","",""
"2087","0","0","0","43365","43365","43365","","","","","","","","","","","","","","","","","","","","","","","",""
"2088","0","0","0","43519","43519","43519","","","","","","","","","","","","","","","","","","","","","","","",""
"2089","0","0","0","43523","43523","43523","","","","","","","","","","","","","","","","","","","","","","","",""
"2090","0","0","0","43527","43527","43527","","","","","","","","","","","","","","","","","","","","","","","",""
"2091","0","0","0","43531","43531","43531","","","","","","","","","","","","","","","","","","","","","","","",""
"2092","0","0","0","43535","43535","43535","","","","","","","","","","","","","","","","","","","","","","","",""
"2093","0","0","0","43539","43539","43539","","","","","","","","","","","","","","","","","","","","","","","",""
"2094","0","0","0","43543","43543","43543","","","","","","","","","","","","","","","","","","","","","","","",""
"2095","0","0","0","43547","43547","43547","","","","","","","","","","","","","","","","","","","","","","","",""
"2096","0","0","0","43551","43551","43551","","","","","","","","","","","","","","","","","","","","","","","",""
"2097","0","0","0","43706","43706","43706","","","","","","","","","","","","","","","","","","","","","","","",""
"2098","0","0","0","43710","43710","43710","","","","","","","","","","","","","","","","","","","","","","","",""
"2099","0","0","0","43714","43714","43714","","","","","","","","","","","","","","","","","","","","","","","",""
"2100","0","0","0","43718","43718","43718","","","","","","","","","","","","","","","","","","","","","","","",""
"2101","0","0","0","43722","43722","43722","","","","","","","","","","","","","","","","","","","","","","","",""
"2102","0","0","0","43726","43726","43726","","","","","","","","","","","","","","","","","","","","","","","",""
"2103","0","0","0","43730","43730","43730","","","","","","","","","","","","","","","","","","","","","","","",""
"2104","0","0","0","43734","43734","43734","","","","","","","","","","","","","","","","","","","","","","","",""
"2105","0","0","0","43738","43738","43738","","","","","","","","","","","","","","","","","","","","","","","",""
"2106","0","0","0","43895","43895","43895","","","","","","","","","","","","","","","","","","","","","","","",""
"2107","0","0","0","43899","43899","43899","","","","","","","","","","","","","","","","","","","","","","","",""
"2108","0","0","0","43903","43903","43903","","","","","","","","","","","","","","","","","","","","","","","",""
"2109","0","0","0","43907","43907","43907","","","","","","","","","","","","","","","","","","","","","","","",""
"2110","0","0","0","43911","43911","43911","","","","","","","","","","","","","","","","","","","","","","","",""
"2111","0","0","0","43915","43915","43915","","","","","","","","","","","","","","","","","","","","","","","",""
"2112","0","0","0","43919","43919","43919","","","","","","","","","","","","","","","","","","","","","","","",""
"2113","0","0","0","43923","43923","43923","","","","","","","","","","","","","","","","","","","","","","","",""
"2114","0","0","0","43927","43927","43927","","","","","","","","","","","","","","","","","","","","","","","",""
"2115","0","0","0","44083","44083","44083","","","","","","","","","","","","","","","","","","","","","","","",""
"2116","0","0","0","44087","44087","44087","","","","","","","","","","","","","","","","","","","","","","","",""
"2117","0","0","0","44091","44091","44091","","","","","","","","","","","","","","","","","","","","","","","",""
"2118","0","0","0","44095","44095","44095","","","","","","","","","","","","","","","","","","","","","","","",""
"2119","0","0","0","44099","44099","44099","","","","","","","","","","","","","","","","","","","","","","","",""
"2120","0","0","0","44103","44103","44103","","","","","","","","","","","","","","","","","","","","","","","",""
"2121","0","0","0","44107","44107","44107","","","","","","","","","","","","","","","","","","","","","","","",""
"2122","0","0","0","44111","44111","44111","","","","","","","","","","","","","","","","","","","","","","","",""
"2123","0","0","0","44115","44115","44115","","","","","","","","","","","","","","","","","","","","","","","",""
"2124","0","0","0","44270","44270","44270","","","","","","","","","","","","","","","","","","","","","","","",""
"2125","0","0","0","44274","44274","44274","","","","","","","","","","","","","","","","","","","","","","","",""
"2126","0","0","0","44278","44278","44278","","","","","","","","","","","","","","","","","","","","","","","",""
"2127","0","0","0","44282","44282","44282","","","","","","","","","","","","","","","","","","","","","","","",""
"2128","0","0","0","44286","44286","44286","","","","","","","","","","","","","","","","","","","","","","","",""
"2129","0","0","0","44290","44290","44290","","","","","","","","","","","","","","","","","","","","","","","",""
"2130","0","0","0","44294","44294","44294","","","","","","","","","","","","","","","","","","","","","","","",""
"2131","0","0","0","44298","44298","44298","","","","","","","","","","","","","","","","","","","","","","","",""
"2132","0","0","0","44302","44302","44302","","","","","","","","","","","","","","","","","","","","","","","",""
"2133","0","0","0","44459","44459","44459","","","","","","","","","","","","","","","","","","","","","","","",""
"2134","0","0","0","44463","44463","44463","","","","","","","","","","","","","","","","","","","","","","","",""
"2135","0","0","0","44467","44467","44467","","","","","","","","","","","","","","","","","","","","","","","",""
"2136","0","0","0","44471","44471","44471","","","","","","","","","","","","","","","","","","","","","","","",""
"2137","0","0","0","44475","44475","44475","","","","","","","","","","","","","","","","","","","","","","","",""
"2138","0","0","0","44479","44479","44479","","","","","","","","","","","","","","","","","","","","","","","",""
"2139","0","0","0","44483","44483","44483","","","","","","","","","","","","","","","","","","","","","","","",""
"2140","0","0","0","44487","44487","44487","","","","","","","","","","","","","","","","","","","","","","","",""
"2141","0","0","0","44491","44491","44491","","","","","","","","","","","","","","","","","","","","","","","",""
"2142","0","0","0","44644","44644","44644","","","","","","","","","","","","","","","","","","","","","","","",""
"2143","0","0","0","44648","44648","44648","","","","","","","","","","","","","","","","","","","","","","","",""
"2144","0","0","0","44652","44652","44652","","","","","","","","","","","","","","","","","","","","","","","",""
"2145","0","0","0","44656","44656","44656","","","","","","","","","","","","","","","","","","","","","","","",""
"2146","0","0","0","44660","44660","44660","","","","","","","","","","","","","","","","","","","","","","","",""
"2147","0","0","0","44664","44664","44664","","","","","","","","","","","","","","","","","","","","","","","",""
"2148","0","0","0","44668","44668","44668","","","","","","","","","","","","","","","","","","","","","","","",""
"2149","0","0","0","44672","44672","44672","","","","","","","","","","","","","","","","","","","","","","","",""
"2150","0","0","0","44676","44676","44676","","","","","","","","","","","","","","","","","","","","","","","",""
"2151","0","0","0","44826","44826","44826","","","","","","","","","","","","","","","","","","","","","","","",""
"2152","0","0","0","44830","44830","44830","","","","","","","","","","","","","","","","","","","","","","","",""
"2153","0","0","0","44834","44834","44834","","","","","","","","","","","","","","","","","","","","","","","",""
"2154","0","0","0","44838","44838","44838","","","","","","","","","","","","","","","","","","","","","","","",""
"2155","0","0","0","44842","44842","44842","","","","","","","","","","","","","","","","","","","","","","","",""
"2156","0","0","0","44846","44846","44846","","","","","","","","","","","","","","","","","","","","","","","",""
"2157","0","0","0","44850","44850","44850","","","","","","","","","","","","","","","","","","","","","","","",""
"2158","0","0","0","44854","44854","44854","","","","","","","","","","","","","","","","","","","","","","","",""
"2159","0","0","0","44858","44858","44858","","","","","","","","","","","","","","","","","","","","","","","",""
"2160","0","0","0","45010","45010","45010","","","","","","","","","","","","","","","","","","","","","","","",""
"2161","0","0","0","45014","45014","45014","","","","","","","","","","","","","","","","","","","","","","","",""
"2162","0","0","0","45018","45018","45018","","","","","","","","","","","","","","","","","","","","","","","",""
"2163","0","0","0","45022","45022","45022","","","","","","","","","","","","","","","","","","","","","","","",""
"2164","0","0","0","45026","45026","45026","","","","","","","","","","","","","","","","","","","","","","","",""
"2165","0","0","0","45030","45030","45030","","","","","","","","","","","","","","","","","","","","","","","",""
"2166","0","0","0","45034","45034","45034","","","","","","","","","","","","","","","","","","","","","","","",""
"2167","0","0","0","45038","45038","45038","","","","","","","","","","","","","","","","","","","","","","","",""
"2168","0","0","0","45042","45042","45042","","","","","","","","","","","","","","","","","","","","","","","",""
"2169","0","0","0","45195","45195","45195","","","","","","","","","","","","","","","","","","","","","","","",""
"2170","0","0","0","45199","45199","45199","","","","","","","","","","","","","","","","","","","","","","","",""
"2171","0","0","0","45203","45203","45203","","","","","","","","","","","","","","","","","","","","","","","",""
"2172","0","0","0","45207","45207","45207","","","","","","","","","","","","","","","","","","","","","","","",""
"2173","0","0","0","45211","45211","45211","","","","","","","","","","","","","","","","","","","","","","","",""
"2174","0","0","0","45215","45215","45215","","","","","","","","","","","","","","","","","","","","","","","",""
"2175","0","0","0","45219","45219","45219","","","","","","","","","","","","","","","","","","","","","","","",""
"2176","0","0","0","45223","45223","45223","","","","","","","","","","","","","","","","","","","","","","","",""
"2177","0","0","0","45227","45227","45227","","","","","","","","","","","","","","","","","","","","","","","",""
"2178","0","0","0","45380","45380","45380","","","","","","","","","","","","","","","","","","","","","","","",""
"2179","0","0","0","45384","45384","45384","","","","","","","","","","","","","","","","","","","","","","","",""
"2180","0","0","0","45388","45388","45388","","","","","","","","","","","","","","","","","","","","","","","",""
"2181","0","0","0","45392","45392","45392","","","","","","","","","","","","","","","","","","","","","","","",""
"2182","0","0","0","45396","45396","45396","","","","","","","","","","","","","","","","","","","","","","","",""
"2183","0","0","0","45400","45400","45400","","","","","","","","","","","","","","","","","","","","","","","",""
"2184","0","0","0","45404","45404","45404","","","","","","","","","","","","","","","","","","","","","","","",""
"2185","0","0","0","45408","45408","45408","","","","","","","","","","","","","","","","","","","","","","","",""
"2186","0","0","0","45412","45412","45412","","","","","","","","","","","","","","","","","","","","","","","",""
"2187","0","0","0","45567","45567","45567","","","","","","","","","","","","","","","","","","","","","","","",""
"2188","0","0","0","45571","45571","45571","","","","","","","","","","","","","","","","","","","","","","","",""
"2189","0","0","0","45575","45575","45575","","","","","","","","","","","","","","","","","","","","","","","",""
"2190","0","0","0","45579","45579","45579","","","","","","","","","","","","","","","","","","","","","","","",""
"2191","0","0","0","45583","45583","45583","","","","","","","","","","","","","","","","","","","","","","","",""
"2192","0","0","0","45587","45587","45587","","","","","","","","","","","","","","","","","","","","","","","",""
"2193","0","0","0","45591","45591","45591","","","","","","","","","","","","","","","","","","","","","","","",""
"2194","0","0","0","45595","45595","45595","","","","","","","","","","","","","","","","","","","","","","","",""
"2195","0","0","0","45599","45599","45599","","","","","","","","","","","","","","","","","","","","","","","",""
"2196","0","0","0","45750","45750","45750","","","","","","","","","","","","","","","","","","","","","","","",""
"2197","0","0","0","45754","45754","45754","","","","","","","","","","","","","","","","","","","","","","","",""
"2198","0","0","0","45758","45758","45758","","","","","","","","","","","","","","","","","","","","","","","",""
"2199","0","0","0","45762","45762","45762","","","","","","","","","","","","","","","","","","","","","","","",""
"2200","0","0","0","45766","45766","45766","","","","","","","","","","","","","","","","","","","","","","","",""
"2201","0","0","0","45770","45770","45770","","","","","","","","","","","","","","","","","","","","","","","",""
"2202","0","0","0","45774","45774","45774","","","","","","","","","","","","","","","","","","","","","","","",""
"2203","0","0","0","45778","45778","45778","","","","","","","","","","","","","","","","","","","","","","","",""
"2204","0","0","0","45782","45782","45782","","","","","","","","","","","","","","","","","","","","","","","",""
"2205","0","0","0","45940","45940","45940","","","","","","","","","","","","","","","","","","","","","","","",""
"2206","0","0","0","45944","45944","45944","","","","","","","","","","","","","","","","","","","","","","","",""
"2207","0","0","0","45948","45948","45948","","","","","","","","","","","","","","","","","","","","","","","",""
"2208","0","0","0","45952","45952","45952","","","","","","","","","","","","","","","","","","","","","","","",""
"2209","0","0","0","45956","45956","45956","","","","","","","","","","","","","","","","","","","","","","","",""
"2210","0","0","0","45960","45960","45960","","","","","","","","","","","","","","","","","","","","","","","",""
"2211","0","0","0","45964","45964","45964","","","","","","","","","","","","","","","","","","","","","","","",""
"2212","0","0","0","45968","45968","45968","","","","","","","","","","","","","","","","","","","","","","","",""
"2213","0","0","0","45972","45972","45972","","","","","","","","","","","","","","","","","","","","","","","",""
"2214","0","0","0","46127","46127","46127","","","","","","","","","","","","","","","","","","","","","","","",""
"2215","0","0","0","46131","46131","46131","","","","","","","","","","","","","","","","","","","","","","","",""
"2216","0","0","0","46135","46135","46135","","","","","","","","","","","","","","","","","","","","","","","",""
"2217","0","0","0","46139","46139","46139","","","","","","","","","","","","","","","","","","","","","","","",""
"2218","0","0","0","46143","46143","46143","","","","","","","","","","","","","","","","","","","","","","","",""
"2219","0","0","0","46147","46147","46147","","","","","","","","","","","","","","","","","","","","","","","",""
"2220","0","0","0","46151","46151","46151","","","","","","","","","","","","","","","","","","","","","","","",""
"2221","0","0","0","46155","46155","46155","","","","","","","","","","","","","","","","","","","","","","","",""
"2222","0","0","0","46159","46159","46159","","","","","","","","","","","","","","","","","","","","","","","",""
"2223","0","0","0","46314","46314","46314","","","","","","","","","","","","","","","","","","","","","","","",""
"2224","0","0","0","46318","46318","46318","","","","","","","","","","","","","","","","","","","","","","","",""
"2225","0","0","0","46322","46322","46322","","","","","","","","","","","","","","","","","","","","","","","",""
"2226","0","0","0","46326","46326","46326","","","","","","","","","","","","","","","","","","","","","","","",""
"2227","0","0","0","46330","46330","46330","","","","","","","","","","","","","","","","","","","","","","","",""
"2228","0","0","0","46334","46334","46334","","","","","","","","","","","","","","","","","","","","","","","",""
"2229","0","0","0","46338","46338","46338","","","","","","","","","","","","","","","","","","","","","","","",""
"2230","0","0","0","46342","46342","46342","","","","","","","","","","","","","","","","","","","","","","","",""
"2231","0","0","0","46346","46346","46346","","","","","","","","","","","","","","","","","","","","","","","",""
"2232","0","0","0","46497","46497","46497","","","","","","","","","","","","","","","","","","","","","","","",""
"2233","0","0","0","46501","46501","46501","","","","","","","","","","","","","","","","","","","","","","","",""
"2234","0","0","0","46505","46505","46505","","","","","","","","","","","","","","","","","","","","","","","",""
"2235","0","0","0","46509","46509","46509","","","","","","","","","","","","","","","","","","","","","","","",""
"2236","0","0","0","46513","46513","46513","","","","","","","","","","","","","","","","","","","","","","","",""
"2237","0","0","0","46517","46517","46517","","","","","","","","","","","","","","","","","","","","","","","",""
"2238","0","0","0","46521","46521","46521","","","","","","","","","","","","","","","","","","","","","","","",""
"2239","0","0","0","46525","46525","46525","","","","","","","","","","","","","","","","","","","","","","","",""
"2240","0","0","0","46529","46529","46529","","","","","","","","","","","","","","","","","","","","","","","",""
"2241","0","0","0","46688","46688","46688","","","","","","","","","","","","","","","","","","","","","","","",""
"2242","0","0","0","46692","46692","46692","","","","","","","","","","","","","","","","","","","","","","","",""
"2243","0","0","0","46696","46696","46696","","","","","","","","","","","","","","","","","","","","","","","",""
"2244","0","0","0","46700","46700","46700","","","","","","","","","","","","","","","","","","","","","","","",""
"2245","0","0","0","46704","46704","46704","","","","","","","","","","","","","","","","","","","","","","","",""
"2246","0","0","0","46708","46708","46708","","","","","","","","","","","","","","","","","","","","","","","",""
"2247","0","0","0","46712","46712","46712","","","","","","","","","","","","","","","","","","","","","","","",""
"2248","0","0","0","46716","46716","46716","","","","","","","","","","","","","","","","","","","","","","","",""
"2249","0","0","0","46720","46720","46720","","","","","","","","","","","","","","","","","","","","","","","",""
"2250","0","0","0","46877","46877","46877","","","","","","","","","","","","","","","","","","","","","","","",""
"2251","0","0","0","46881","46881","46881","","","","","","","","","","","","","","","","","","","","","","","",""
"2252","0","0","0","46885","46885","46885","","","","","","","","","","","","","","","","","","","","","","","",""
"2253","0","0","0","46889","46889","46889","","","","","","","","","","","","","","","","","","","","","","","",""
"2254","0","0","0","46893","46893","46893","","","","","","","","","","","","","","","","","","","","","","","",""
"2255","0","0","0","46897","46897","46897","","","","","","","","","","","","","","","","","","","","","","","",""
"2256","0","0","0","46901","46901","46901","","","","","","","","","","","","","","","","","","","","","","","",""
"2257","0","0","0","46905","46905","46905","","","","","","","","","","","","","","","","","","","","","","","",""
"2258","0","0","0","46909","46909","46909","","","","","","","","","","","","","","","","","","","","","","","",""
"2259","0","0","0","47062","47062","47062","","","","","","","","","","","","","","","","","","","","","","","",""
"2260","0","0","0","47066","47066","47066","","","","","","","","","","","","","","","","","","","","","","","",""
"2261","0","0","0","47070","47070","47070","","","","","","","","","","","","","","","","","","","","","","","",""
"2262","0","0","0","47074","47074","47074","","","","","","","","","","","","","","","","","","","","","","","",""
"2263","0","0","0","47078","47078","47078","","","","","","","","","","","","","","","","","","","","","","","",""
"2264","0","0","0","47082","47082","47082","","","","","","","","","","","","","","","","","","","","","","","",""
"2265","0","0","0","47086","47086","47086","","","","","","","","","","","","","","","","","","","","","","","",""
"2266","0","0","0","47090","47090","47090","","","","","","","","","","","","","","","","","","","","","","","",""
"2267","0","0","0","47094","47094","47094","","","","","","","","","","","","","","","","","","","","","","","",""
"2268","0","0","0","47248","47248","47248","","","","","","","","","","","","","","","","","","","","","","","",""
"2269","0","0","0","47252","47252","47252","","","","","","","","","","","","","","","","","","","","","","","",""
"2270","0","0","0","47256","47256","47256","","","","","","","","","","","","","","","","","","","","","","","",""
"2271","0","0","0","47260","47260","47260","","","","","","","","","","","","","","","","","","","","","","","",""
"2272","0","0","0","47264","47264","47264","","","","","","","","","","","","","","","","","","","","","","","",""
"2273","0","0","0","47268","47268","47268","","","","","","","","","","","","","","","","","","","","","","","",""
"2274","0","0","0","47272","47272","47272","","","","","","","","","","","","","","","","","","","","","","","",""
"2275","0","0","0","47276","47276","47276","","","","","","","","","","","","","","","","","","","","","","","",""
"2276","0","0","0","47280","47280","47280","","","","","","","","","","","","","","","","","","","","","","","",""
"2277","0","0","0","47433","47433","47433","","","","","","","","","","","","","","","","","","","","","","","",""
"2278","0","0","0","47437","47437","47437","","","","","","","","","","","","","","","","","","","","","","","",""
"2279","0","0","0","47441","47441","47441","","","","","","","","","","","","","","","","","","","","","","","",""
"2280","0","0","0","47445","47445","47445","","","","","","","","","","","","","","","","","","","","","","","",""
"2281","0","0","0","47449","47449","47449","","","","","","","","","","","","","","","","","","","","","","","",""
"2282","0","0","0","47453","47453","47453","","","","","","","","","","","","","","","","","","","","","","","",""
"2283","0","0","0","47457","47457","47457","","","","","","","","","","","","","","","","","","","","","","","",""
"2284","0","0","0","47461","47461","47461","","","","","","","","","","","","","","","","","","","","","","","",""
"2285","0","0","0","47465","47465","47465","","","","","","","","","","","","","","","","","","","","","","","",""
"2286","0","0","0","47617","47617","47617","","","","","","","","","","","","","","","","","","","","","","","",""
"2287","0","0","0","47621","47621","47621","","","","","","","","","","","","","","","","","","","","","","","",""
"2288","0","0","0","47625","47625","47625","","","","","","","","","","","","","","","","","","","","","","","",""
"2289","0","0","0","47629","47629","47629","","","","","","","","","","","","","","","","","","","","","","","",""
"2290","0","0","0","47633","47633","47633","","","","","","","","","","","","","","","","","","","","","","","",""
"2291","0","0","0","47637","47637","47637","","","","","","","","","","","","","","","","","","","","","","","",""
"2292","0","0","0","47641","47641","47641","","","","","","","","","","","","","","","","","","","","","","","",""
"2293","0","0","0","47645","47645","47645","","","","","","","","","","","","","","","","","","","","","","","",""
"2294","0","0","0","47649","47649","47649","","","","","","","","","","","","","","","","","","","","","","","",""
"2295","0","0","0","47804","47804","47804","","","","","","","","","","","","","","","","","","","","","","","",""
"2296","0","0","0","47808","47808","47808","","","","","","","","","","","","","","","","","","","","","","","",""
"2297","0","0","0","47812","47812","47812","","","","","","","","","","","","","","","","","","","","","","","",""
"2298","0","0","0","47816","47816","47816","","","","","","","","","","","","","","","","","","","","","","","",""
"2299","0","0","0","47820","47820","47820","","","","","","","","","","","","","","","","","","","","","","","",""
"2300","0","0","0","47824","47824","47824","","","","","","","","","","","","","","","","","","","","","","","",""
"2301","0","0","0","47828","47828","47828","","","","","","","","","","","","","","","","","","","","","","","",""
"2302","0","0","0","47832","47832","47832","","","","","","","","","","","","","","","","","","","","","","","",""
"2303","0","0","0","47836","47836","47836","","","","","","","","","","","","","","","","","","","","","","","",""
"2304","0","0","0","47986","47986","47986","","","","","","","","","","","","","","","","","","","","","","","",""
"2305","0","0","0","47990","47990","47990","","","","","","","","","","","","","","","","","","","","","","","",""
"2306","0","0","0","47994","47994","47994","","","","","","","","","","","","","","","","","","","","","","","",""
"2307","0","0","0","47998","47998","47998","","","","","","","","","","","","","","","","","","","","","","","",""
"2308","0","0","0","48002","48002","48002","","","","","","","","","","","","","","","","","","","","","","","",""
"2309","0","0","0","48006","48006","48006","","","","","","","","","","","","","","","","","","","","","","","",""
"2310","0","0","0","48010","48010","48010","","","","","","","","","","","","","","","","","","","","","","","",""
"2311","0","0","0","48014","48014","48014","","","","","","","","","","","","","","","","","","","","","","","",""
"2312","0","0","0","48018","48018","48018","","","","","","","","","","","","","","","","","","","","","","","",""
"2313","0","0","0","48171","48171","48171","","","","","","","","","","","","","","","","","","","","","","","",""
"2314","0","0","0","48175","48175","48175","","","","","","","","","","","","","","","","","","","","","","","",""
"2315","0","0","0","48179","48179","48179","","","","","","","","","","","","","","","","","","","","","","","",""
"2316","0","0","0","48183","48183","48183","","","","","","","","","","","","","","","","","","","","","","","",""
"2317","0","0","0","48187","48187","48187","","","","","","","","","","","","","","","","","","","","","","","",""
"2318","0","0","0","48191","48191","48191","","","","","","","","","","","","","","","","","","","","","","","",""
"2319","0","0","0","48195","48195","48195","","","","","","","","","","","","","","","","","","","","","","","",""
"2320","0","0","0","48199","48199","48199","","","","","","","","","","","","","","","","","","","","","","","",""
"2321","0","0","0","48203","48203","48203","","","","","","","","","","","","","","","","","","","","","","","",""
"2322","0","0","0","48360","48360","48360","","","","","","","","","","","","","","","","","","","","","","","",""
"2323","0","0","0","48364","48364","48364","","","","","","","","","","","","","","","","","","","","","","","",""
"2324","0","0","0","48368","48368","48368","","","","","","","","","","","","","","","","","","","","","","","",""
"2325","0","0","0","48372","48372","48372","","","","","","","","","","","","","","","","","","","","","","","",""
"2326","0","0","0","48376","48376","48376","","","","","","","","","","","","","","","","","","","","","","","",""
"2327","0","0","0","48380","48380","48380","","","","","","","","","","","","","","","","","","","","","","","",""
"2328","0","0","0","48384","48384","48384","","","","","","","","","","","","","","","","","","","","","","","",""
"2329","0","0","0","48388","48388","48388","","","","","","","","","","","","","","","","","","","","","","","",""
"2330","0","0","0","48392","48392","48392","","","","","","","","","","","","","","","","","","","","","","","",""
"2331","0","0","0","48547","48547","48547","","","","","","","","","","","","","","","","","","","","","","","",""
"2332","0","0","0","48551","48551","48551","","","","","","","","","","","","","","","","","","","","","","","",""
"2333","0","0","0","48555","48555","48555","","","","","","","","","","","","","","","","","","","","","","","",""
"2334","0","0","0","48559","48559","48559","","","","","","","","","","","","","","","","","","","","","","","",""
"2335","0","0","0","48563","48563","48563","","","","","","","","","","","","","","","","","","","","","","","",""
"2336","0","0","0","48567","48567","48567","","","","","","","","","","","","","","","","","","","","","","","",""
"2337","0","0","0","48571","48571","48571","","","","","","","","","","","","","","","","","","","","","","","",""
"2338","0","0","0","48575","48575","48575","","","","","","","","","","","","","","","","","","","","","","","",""
"2339","0","0","0","48579","48579","48579","","","","","","","","","","","","","","","","","","","","","","","",""
"2340","0","0","0","48731","48731","48731","","","","","","","","","","","","","","","","","","","","","","","",""
"2341","0","0","0","48735","48735","48735","","","","","","","","","","","","","","","","","","","","","","","",""
"2342","0","0","0","48739","48739","48739","","","","","","","","","","","","","","","","","","","","","","","",""
"2343","0","0","0","48743","48743","48743","","","","","","","","","","","","","","","","","","","","","","","",""
"2344","0","0","0","48747","48747","48747","","","","","","","","","","","","","","","","","","","","","","","",""
"2345","0","0","0","48751","48751","48751","","","","","","","","","","","","","","","","","","","","","","","",""
"2346","0","0","0","48755","48755","48755","","","","","","","","","","","","","","","","","","","","","","","",""
"2347","0","0","0","48759","48759","48759","","","","","","","","","","","","","","","","","","","","","","","",""
"2348","0","0","0","48763","48763","48763","","","","","","","","","","","","","","","","","","","","","","","",""
"2349","0","0","0","48917","48917","48917","","","","","","","","","","","","","","","","","","","","","","","",""
"2350","0","0","0","48921","48921","48921","","","","","","","","","","","","","","","","","","","","","","","",""
"2351","0","0","0","48925","48925","48925","","","","","","","","","","","","","","","","","","","","","","","",""
"2352","0","0","0","48929","48929","48929","","","","","","","","","","","","","","","","","","","","","","","",""
"2353","0","0","0","48933","48933","48933","","","","","","","","","","","","","","","","","","","","","","","",""
"2354","0","0","0","48937","48937","48937","","","","","","","","","","","","","","","","","","","","","","","",""
"2355","0","0","0","48941","48941","48941","","","","","","","","","","","","","","","","","","","","","","","",""
"2356","0","0","0","48945","48945","48945","","","","","","","","","","","","","","","","","","","","","","","",""
"2357","0","0","0","48949","48949","48949","","","","","","","","","","","","","","","","","","","","","","","",""
"2358","0","0","0","49104","49104","49104","","","","","","","","","","","","","","","","","","","","","","","",""
"2359","0","0","0","49108","49108","49108","","","","","","","","","","","","","","","","","","","","","","","",""
"2360","0","0","0","49112","49112","49112","","","","","","","","","","","","","","","","","","","","","","","",""
"2361","0","0","0","49116","49116","49116","","","","","","","","","","","","","","","","","","","","","","","",""
"2362","0","0","0","49120","49120","49120","","","","","","","","","","","","","","","","","","","","","","","",""
"2363","0","0","0","49124","49124","49124","","","","","","","","","","","","","","","","","","","","","","","",""
"2364","0","0","0","49128","49128","49128","","","","","","","","","","","","","","","","","","","","","","","",""
"2365","0","0","0","49132","49132","49132","","","","","","","","","","","","","","","","","","","","","","","",""
"2366","0","0","0","49136","49136","49136","","","","","","","","","","","","","","","","","","","","","","","",""
"2367","0","0","0","49289","49289","49289","","","","","","","","","","","","","","","","","","","","","","","",""
"2368","0","0","0","49293","49293","49293","","","","","","","","","","","","","","","","","","","","","","","",""
"2369","0","0","0","49297","49297","49297","","","","","","","","","","","","","","","","","","","","","","","",""
"2370","0","0","0","49301","49301","49301","","","","","","","","","","","","","","","","","","","","","","","",""
"2371","0","0","0","49305","49305","49305","","","","","","","","","","","","","","","","","","","","","","","",""
"2372","0","0","0","49309","49309","49309","","","","","","","","","","","","","","","","","","","","","","","",""
"2373","0","0","0","49313","49313","49313","","","","","","","","","","","","","","","","","","","","","","","",""
"2374","0","0","0","49317","49317","49317","","","","","","","","","","","","","","","","","","","","","","","",""
"2375","0","0","0","49321","49321","49321","","","","","","","","","","","","","","","","","","","","","","","",""
"2376","0","0","0","49476","49476","49476","","","","","","","","","","","","","","","","","","","","","","","",""
"2377","0","0","0","49480","49480","49480","","","","","","","","","","","","","","","","","","","","","","","",""
"2378","0","0","0","49484","49484","49484","","","","","","","","","","","","","","","","","","","","","","","",""
"2379","0","0","0","49488","49488","49488","","","","","","","","","","","","","","","","","","","","","","","",""
"2380","0","0","0","49492","49492","49492","","","","","","","","","","","","","","","","","","","","","","","",""
"2381","0","0","0","49496","49496","49496","","","","","","","","","","","","","","","","","","","","","","","",""
"2382","0","0","0","49500","49500","49500","","","","","","","","","","","","","","","","","","","","","","","",""
"2383","0","0","0","49504","49504","49504","","","","","","","","","","","","","","","","","","","","","","","",""
"2384","0","0","0","49508","49508","49508","","","","","","","","","","","","","","","","","","","","","","","",""
"2385","0","0","0","49662","49662","49662","","","","","","","","","","","","","","","","","","","","","","","",""
"2386","0","0","0","49666","49666","49666","","","","","","","","","","","","","","","","","","","","","","","",""
"2387","0","0","0","49670","49670","49670","","","","","","","","","","","","","","","","","","","","","","","",""
"2388","0","0","0","49674","49674","49674","","","","","","","","","","","","","","","","","","","","","","","",""
"2389","0","0","0","49678","49678","49678","","","","","","","","","","","","","","","","","","","","","","","",""
"2390","0","0","0","49682","49682","49682","","","","","","","","","","","","","","","","","","","","","","","",""
"2391","0","0","0","49686","49686","49686","","","","","","","","","","","","","","","","","","","","","","","",""
"2392","0","0","0","49690","49690","49690","","","","","","","","","","","","","","","","","","","","","","","",""
"2393","0","0","0","49694","49694","49694","","","","","","","","","","","","","","","","","","","","","","","",""
"2394","0","0","0","49849","49849","49849","","","","","","","","","","","","","","","","","","","","","","","",""
"2395","0","0","0","49853","49853","49853","","","","","","","","","","","","","","","","","","","","","","","",""
"2396","0","0","0","49857","49857","49857","","","","","","","","","","","","","","","","","","","","","","","",""
"2397","0","0","0","49861","49861","49861","","","","","","","","","","","","","","","","","","","","","","","",""
"2398","0","0","0","49865","49865","49865","","","","","","","","","","","","","","","","","","","","","","","",""
"2399","0","0","0","49869","49869","49869","","","","","","","","","","","","","","","","","","","","","","","",""
"2400","0","0","0","49873","49873","49873","","","","","","","","","","","","","","","","","","","","","","","",""
"2401","0","0","0","49877","49877","49877","","","","","","","","","","","","","","","","","","","","","","","",""
"2402","0","0","0","49881","49881","49881","","","","","","","","","","","","","","","","","","","","","","","",""
"2403","0","0","0","50036","50036","50036","","","","","","","","","","","","","","","","","","","","","","","",""
"2404","0","0","0","50040","50040","50040","","","","","","","","","","","","","","","","","","","","","","","",""
"2405","0","0","0","50044","50044","50044","","","","","","","","","","","","","","","","","","","","","","","",""
"2406","0","0","0","50048","50048","50048","","","","","","","","","","","","","","","","","","","","","","","",""
"2407","0","0","0","50052","50052","50052","","","","","","","","","","","","","","","","","","","","","","","",""
"2408","0","0","0","50056","50056","50056","","","","","","","","","","","","","","","","","","","","","","","",""
"2409","0","0","0","50060","50060","50060","","","","","","","","","","","","","","","","","","","","","","","",""
"2410","0","0","0","50064","50064","50064","","","","","","","","","","","","","","","","","","","","","","","",""
"2411","0","0","0","50068","50068","50068","","","","","","","","","","","","","","","","","","","","","","","",""
"2412","0","0","0","50226","50226","50226","","","","","","","","","","","","","","","","","","","","","","","",""
"2413","0","0","0","50230","50230","50230","","","","","","","","","","","","","","","","","","","","","","","",""
"2414","0","0","0","50234","50234","50234","","","","","","","","","","","","","","","","","","","","","","","",""
"2415","0","0","0","50238","50238","50238","","","","","","","","","","","","","","","","","","","","","","","",""
"2416","0","0","0","50242","50242","50242","","","","","","","","","","","","","","","","","","","","","","","",""
"2417","0","0","0","50246","50246","50246","","","","","","","","","","","","","","","","","","","","","","","",""
"2418","0","0","0","50250","50250","50250","","","","","","","","","","","","","","","","","","","","","","","",""
"2419","0","0","0","50254","50254","50254","","","","","","","","","","","","","","","","","","","","","","","",""
"2420","0","0","0","50258","50258","50258","","","","","","","","","","","","","","","","","","","","","","","",""
"2421","0","0","0","50415","50415","50415","","","","","","","","","","","","","","","","","","","","","","","",""
"2422","0","0","0","50419","50419","50419","","","","","","","","","","","","","","","","","","","","","","","",""
"2423","0","0","0","50423","50423","50423","","","","","","","","","","","","","","","","","","","","","","","",""
"2424","0","0","0","50427","50427","50427","","","","","","","","","","","","","","","","","","","","","","","",""
"2425","0","0","0","50431","50431","50431","","","","","","","","","","","","","","","","","","","","","","","",""
"2426","0","0","0","50435","50435","50435","","","","","","","","","","","","","","","","","","","","","","","",""
"2427","0","0","0","50439","50439","50439","","","","","","","","","","","","","","","","","","","","","","","",""
"2428","0","0","0","50443","50443","50443","","","","","","","","","","","","","","","","","","","","","","","",""
"2429","0","0","0","50447","50447","50447","","","","","","","","","","","","","","","","","","","","","","","",""
"2430","0","0","0","50601","50601","50601","","","","","","","","","","","","","","","","","","","","","","","",""
"2431","0","0","0","50605","50605","50605","","","","","","","","","","","","","","","","","","","","","","","",""
"2432","0","0","0","50609","50609","50609","","","","","","","","","","","","","","","","","","","","","","","",""
"2433","0","0","0","50613","50613","50613","","","","","","","","","","","","","","","","","","","","","","","",""
"2434","0","0","0","50617","50617","50617","","","","","","","","","","","","","","","","","","","","","","","",""
"2435","0","0","0","50621","50621","50621","","","","","","","","","","","","","","","","","","","","","","","",""
"2436","0","0","0","50625","50625","50625","","","","","","","","","","","","","","","","","","","","","","","",""
"2437","0","0","0","50629","50629","50629","","","","","","","","","","","","","","","","","","","","","","","",""
"2438","0","0","0","50633","50633","50633","","","","","","","","","","","","","","","","","","","","","","","",""
"2439","2","2","2","50788","50788","50788","","","","","","","","","","","","","","","","","","","","","","","",""
"2440","0","0","0","50792","50792","50792","","","","","","","","","","","","","","","","","","","","","","","",""
"2441","0","0","0","50796","50796","50796","","","","","","","","","","","","","","","","","","","","","","","",""
"2442","0","0","0","50800","50800","50800","","","","","","","","","","","","","","","","","","","","","","","",""
"2443","0","0","0","50804","50804","50804","","","","","","","","","","","","","","","","","","","","","","","",""
"2444","0","0","0","50808","50808","50808","","","","","","","","","","","","","","","","","","","","","","","",""
"2445","0","0","0","50812","50812","50812","","","","","","","","","","","","","","","","","","","","","","","",""
"2446","0","0","0","50816","50816","50816","","","","","","","","","","","","","","","","","","","","","","","",""
"2447","0","0","0","50820","50820","50820","","","","","","","","","","","","","","","","","","","","","","","",""
"2448","0","0","0","50977","50977","50977","","","","","","","","","","","","","","","","","","","","","","","",""
"2449","0","0","0","50981","50981","50981","","","","","","","","","","","","","","","","","","","","","","","",""
"2450","0","0","0","50985","50985","50985","","","","","","","","","","","","","","","","","","","","","","","",""
"2451","0","0","0","50989","50989","50989","","","","","","","","","","","","","","","","","","","","","","","",""
"2452","0","0","0","50993","50993","50993","","","","","","","","","","","","","","","","","","","","","","","",""
"2453","0","0","0","50997","50997","50997","","","","","","","","","","","","","","","","","","","","","","","",""
"2454","0","0","0","51001","51001","51001","","","","","","","","","","","","","","","","","","","","","","","",""
"2455","0","0","0","51005","51005","51005","","","","","","","","","","","","","","","","","","","","","","","",""
"2456","0","0","0","51009","51009","51009","","","","","","","","","","","","","","","","","","","","","","","",""
"2457","0","0","0","51164","51164","51164","","","","","","","","","","","","","","","","","","","","","","","",""
"2458","0","0","0","51168","51168","51168","","","","","","","","","","","","","","","","","","","","","","","",""
"2459","0","0","0","51172","51172","51172","","","","","","","","","","","","","","","","","","","","","","","",""
"2460","0","0","0","51176","51176","51176","","","","","","","","","","","","","","","","","","","","","","","",""
"2461","0","0","0","51180","51180","51180","","","","","","","","","","","","","","","","","","","","","","","",""
"2462","0","0","0","51184","51184","51184","","","","","","","","","","","","","","","","","","","","","","","",""
"2463","0","0","0","51188","51188","51188","","","","","","","","","","","","","","","","","","","","","","","",""
"2464","0","0","0","51192","51192","51192","","","","","","","","","","","","","","","","","","","","","","","",""
"2465","0","0","0","51196","51196","51196","","","","","","","","","","","","","","","","","","","","","","","",""
"2466","0","0","0","51348","51348","51348","","","","","","","","","","","","","","","","","","","","","","","",""
"2467","0","0","0","51352","51352","51352","","","","","","","","","","","","","","","","","","","","","","","",""
"2468","0","0","0","51356","51356","51356","","","","","","","","","","","","","","","","","","","","","","","",""
"2469","0","0","0","51360","51360","51360","","","","","","","","","","","","","","","","","","","","","","","",""
"2470","0","0","0","51364","51364","51364","","","","","","","","","","","","","","","","","","","","","","","",""
"2471","0","0","0","51368","51368","51368","","","","","","","","","","","","","","","","","","","","","","","",""
"2472","0","0","0","51372","51372","51372","","","","","","","","","","","","","","","","","","","","","","","",""
"2473","0","0","0","51376","51376","51376","","","","","","","","","","","","","","","","","","","","","","","",""
"2474","0","0","0","51380","51380","51380","","","","","","","","","","","","","","","","","","","","","","","",""
"2475","0","0","0","51535","51535","51535","","","","","","","","","","","","","","","","","","","","","","","",""
"2476","0","0","0","51539","51539","51539","","","","","","","","","","","","","","","","","","","","","","","",""
"2477","0","0","0","51543","51543","51543","","","","","","","","","","","","","","","","","","","","","","","",""
"2478","0","0","0","51547","51547","51547","","","","","","","","","","","","","","","","","","","","","","","",""
"2479","0","0","0","51551","51551","51551","","","","","","","","","","","","","","","","","","","","","","","",""
"2480","0","0","0","51555","51555","51555","","","","","","","","","","","","","","","","","","","","","","","",""
"2481","0","0","0","51559","51559","51559","","","","","","","","","","","","","","","","","","","","","","","",""
"2482","0","0","0","51563","51563","51563","","","","","","","","","","","","","","","","","","","","","","","",""
"2483","0","0","0","51567","51567","51567","","","","","","","","","","","","","","","","","","","","","","","",""
"2484","0","0","0","51724","51724","51724","","","","","","","","","","","","","","","","","","","","","","","",""
"2485","0","0","0","51728","51728","51728","","","","","","","","","","","","","","","","","","","","","","","",""
"2486","0","0","0","51732","51732","51732","","","","","","","","","","","","","","","","","","","","","","","",""
"2487","0","0","0","51736","51736","51736","","","","","","","","","","","","","","","","","","","","","","","",""
"2488","0","0","0","51740","51740","51740","","","","","","","","","","","","","","","","","","","","","","","",""
"2489","0","0","0","51744","51744","51744","","","","","","","","","","","","","","","","","","","","","","","",""
"2490","0","0","0","51748","51748","51748","","","","","","","","","","","","","","","","","","","","","","","",""
"2491","0","0","0","51752","51752","51752","","","","","","","","","","","","","","","","","","","","","","","",""
"2492","0","0","0","51756","51756","51756","","","","","","","","","","","","","","","","","","","","","","","",""
"2493","0","0","0","51911","51911","51911","","","","","","","","","","","","","","","","","","","","","","","",""
"2494","0","0","0","51915","51915","51915","","","","","","","","","","","","","","","","","","","","","","","",""
"2495","0","0","0","51919","51919","51919","","","","","","","","","","","","","","","","","","","","","","","",""
"2496","0","0","0","51923","51923","51923","","","","","","","","","","","","","","","","","","","","","","","",""
"2497","0","0","0","51927","51927","51927","","","","","","","","","","","","","","","","","","","","","","","",""
"2498","0","0","0","51931","51931","51931","","","","","","","","","","","","","","","","","","","","","","","",""
"2499","0","0","0","51935","51935","51935","","","","","","","","","","","","","","","","","","","","","","","",""
"2500","0","0","0","51939","51939","51939","","","","","","","","","","","","","","","","","","","","","","","",""
"2501","0","0","0","51943","51943","51943","","","","","","","","","","","","","","","","","","","","","","","",""
"2502","0","0","0","52095","52095","52095","","","","","","","","","","","","","","","","","","","","","","","",""
"2503","0","0","0","52099","52099","52099","","","","","","","","","","","","","","","","","","","","","","","",""
"2504","0","0","0","52103","52103","52103","","","","","","","","","","","","","","","","","","","","","","","",""
"2505","0","0","0","52107","52107","52107","","","","","","","","","","","","","","","","","","","","","","","",""
"2506","0","0","0","52111","52111","52111","","","","","","","","","","","","","","","","","","","","","","","",""
"2507","0","0","0","52115","52115","52115","","","","","","","","","","","","","","","","","","","","","","","",""
"2508","0","0","0","52119","52119","52119","","","","","","","","","","","","","","","","","","","","","","","",""
"2509","0","0","0","52123","52123","52123","","","","","","","","","","","","","","","","","","","","","","","",""
"2510","0","0","0","52127","52127","52127","","","","","","","","","","","","","","","","","","","","","","","",""
"2511","0","0","0","52281","52281","52281","","","","","","","","","","","","","","","","","","","","","","","",""
"2512","0","0","0","52285","52285","52285","","","","","","","","","","","","","","","","","","","","","","","",""
"2513","0","0","0","52289","52289","52289","","","","","","","","","","","","","","","","","","","","","","","",""
"2514","0","0","0","52293","52293","52293","","","","","","","","","","","","","","","","","","","","","","","",""
"2515","0","0","0","52297","52297","52297","","","","","","","","","","","","","","","","","","","","","","","",""
"2516","0","0","0","52301","52301","52301","","","","","","","","","","","","","","","","","","","","","","","",""
"2517","0","0","0","52305","52305","52305","","","","","","","","","","","","","","","","","","","","","","","",""
"2518","0","0","0","52309","52309","52309","","","","","","","","","","","","","","","","","","","","","","","",""
"2519","0","0","0","52313","52313","52313","","","","","","","","","","","","","","","","","","","","","","","",""
"2520","0","0","0","52469","52469","52469","","","","","","","","","","","","","","","","","","","","","","","",""
"2521","0","0","0","52473","52473","52473","","","","","","","","","","","","","","","","","","","","","","","",""
"2522","0","0","0","52477","52477","52477","","","","","","","","","","","","","","","","","","","","","","","",""
"2523","0","0","0","52481","52481","52481","","","","","","","","","","","","","","","","","","","","","","","",""
"2524","0","0","0","52485","52485","52485","","","","","","","","","","","","","","","","","","","","","","","",""
"2525","0","0","0","52489","52489","52489","","","","","","","","","","","","","","","","","","","","","","","",""
"2526","0","0","0","52493","52493","52493","","","","","","","","","","","","","","","","","","","","","","","",""
"2527","0","0","0","52497","52497","52497","","","","","","","","","","","","","","","","","","","","","","","",""
"2528","0","0","0","52501","52501","52501","","","","","","","","","","","","","","","","","","","","","","","",""
"2529","0","0","0","52658","52658","52658","","","","","","","","","","","","","","","","","","","","","","","",""
"2530","0","0","0","52662","52662","52662","","","","","","","","","","","","","","","","","","","","","","","",""
"2531","0","0","0","52666","52666","52666","","","","","","","","","","","","","","","","","","","","","","","",""
"2532","0","0","0","52670","52670","52670","","","","","","","","","","","","","","","","","","","","","","","",""
"2533","0","0","0","52674","52674","52674","","","","","","","","","","","","","","","","","","","","","","","",""
"2534","0","0","0","52678","52678","52678","","","","","","","","","","","","","","","","","","","","","","","",""
"2535","0","0","0","52682","52682","52682","","","","","","","","","","","","","","","","","","","","","","","",""
"2536","0","0","0","52686","52686","52686","","","","","","","","","","","","","","","","","","","","","","","",""
"2537","0","0","0","52690","52690","52690","","","","","","","","","","","","","","","","","","","","","","","",""
"2538","0","0","0","52846","52846","52846","","","","","","","","","","","","","","","","","","","","","","","",""
"2539","0","0","0","52850","52850","52850","","","","","","","","","","","","","","","","","","","","","","","",""
"2540","0","0","0","52854","52854","52854","","","","","","","","","","","","","","","","","","","","","","","",""
"2541","0","0","0","52858","52858","52858","","","","","","","","","","","","","","","","","","","","","","","",""
"2542","0","0","0","52862","52862","52862","","","","","","","","","","","","","","","","","","","","","","","",""
"2543","0","0","0","52866","52866","52866","","","","","","","","","","","","","","","","","","","","","","","",""
"2544","0","0","0","52870","52870","52870","","","","","","","","","","","","","","","","","","","","","","","",""
"2545","0","0","0","52874","52874","52874","","","","","","","","","","","","","","","","","","","","","","","",""
"2546","0","0","0","52878","52878","52878","","","","","","","","","","","","","","","","","","","","","","","",""
"2547","0","0","0","53034","53034","53034","","","","","","","","","","","","","","","","","","","","","","","",""
"2548","0","0","0","53038","53038","53038","","","","","","","","","","","","","","","","","","","","","","","",""
"2549","0","0","0","53042","53042","53042","","","","","","","","","","","","","","","","","","","","","","","",""
"2550","0","0","0","53046","53046","53046","","","","","","","","","","","","","","","","","","","","","","","",""
"2551","0","0","0","53050","53050","53050","","","","","","","","","","","","","","","","","","","","","","","",""
"2552","0","0","0","53054","53054","53054","","","","","","","","","","","","","","","","","","","","","","","",""
"2553","0","0","0","53058","53058","53058","","","","","","","","","","","","","","","","","","","","","","","",""
"2554","0","0","0","53062","53062","53062","","","","","","","","","","","","","","","","","","","","","","","",""
"2555","0","0","0","53066","53066","53066","","","","","","","","","","","","","","","","","","","","","","","",""
"2556","0","0","0","53220","53220","53220","","","","","","","","","","","","","","","","","","","","","","","",""
"2557","0","0","0","53224","53224","53224","","","","","","","","","","","","","","","","","","","","","","","",""
"2558","0","0","0","53228","53228","53228","","","","","","","","","","","","","","","","","","","","","","","",""
"2559","0","0","0","53232","53232","53232","","","","","","","","","","","","","","","","","","","","","","","",""
"2560","0","0","0","53236","53236","53236","","","","","","","","","","","","","","","","","","","","","","","",""
"2561","0","0","0","53240","53240","53240","","","","","","","","","","","","","","","","","","","","","","","",""
"2562","0","0","0","53244","53244","53244","","","","","","","","","","","","","","","","","","","","","","","",""
"2563","0","0","0","53248","53248","53248","","","","","","","","","","","","","","","","","","","","","","","",""
"2564","0","0","0","53252","53252","53252","","","","","","","","","","","","","","","","","","","","","","","",""
"2565","0","0","0","53404","53404","53404","","","","","","","","","","","","","","","","","","","","","","","",""
"2566","0","0","0","53408","53408","53408","","","","","","","","","","","","","","","","","","","","","","","",""
"2567","0","0","0","53412","53412","53412","","","","","","","","","","","","","","","","","","","","","","","",""
"2568","0","0","0","53416","53416","53416","","","","","","","","","","","","","","","","","","","","","","","",""
"2569","0","0","0","53420","53420","53420","","","","","","","","","","","","","","","","","","","","","","","",""
"2570","0","0","0","53424","53424","53424","","","","","","","","","","","","","","","","","","","","","","","",""
"2571","0","0","0","53428","53428","53428","","","","","","","","","","","","","","","","","","","","","","","",""
"2572","0","0","0","53432","53432","53432","","","","","","","","","","","","","","","","","","","","","","","",""
"2573","0","0","0","53436","53436","53436","","","","","","","","","","","","","","","","","","","","","","","",""
"2574","0","0","0","53592","53592","53592","","","","","","","","","","","","","","","","","","","","","","","",""
"2575","0","0","0","53596","53596","53596","","","","","","","","","","","","","","","","","","","","","","","",""
"2576","0","0","0","53600","53600","53600","","","","","","","","","","","","","","","","","","","","","","","",""
"2577","0","0","0","53604","53604","53604","","","","","","","","","","","","","","","","","","","","","","","",""
"2578","0","0","0","53608","53608","53608","","","","","","","","","","","","","","","","","","","","","","","",""
"2579","0","0","0","53612","53612","53612","","","","","","","","","","","","","","","","","","","","","","","",""
"2580","0","0","0","53616","53616","53616","","","","","","","","","","","","","","","","","","","","","","","",""
"2581","0","0","0","53620","53620","53620","","","","","","","","","","","","","","","","","","","","","","","",""
"2582","0","0","0","53624","53624","53624","","","","","","","","","","","","","","","","","","","","","","","",""