"Evaluate/step_episode","rl_filter_mlp_2025-12-07_21-13-48 - Evaluate/EpProgress","rl_filter_mlp_2025-12-07_21-13-48 - Evaluate/EpProgress__MIN","rl_filter_mlp_2025-12-07_21-13-48 - Evaluate/EpProgress__MAX","rl_filter_mlp_2025-12-07_21-13-48 - _step","rl_filter_mlp_2025-12-07_21-13-48 - _step__MIN","rl_filter_mlp_2025-12-07_21-13-48 - _step__MAX","rl_filter_no_dueling_2025-11-29_18-11-35 - Evaluate/EpProgress","rl_filter_no_dueling_2025-11-29_18-11-35 - Evaluate/EpProgress__MIN","rl_filter_no_dueling_2025-11-29_18-11-35 - Evaluate/EpProgress__MAX","rl_filter_no_dueling_2025-11-29_18-11-35 - _step","rl_filter_no_dueling_2025-11-29_18-11-35 - _step__MIN","rl_filter_no_dueling_2025-11-29_18-11-35 - _step__MAX","rl_filter_selfattn_2025-11-26_16-56-20 - Evaluate/EpProgress","rl_filter_selfattn_2025-11-26_16-56-20 - Evaluate/EpProgress__MIN","rl_filter_selfattn_2025-11-26_16-56-20 - Evaluate/EpProgress__MAX","rl_filter_selfattn_2025-11-26_16-56-20 - _step","rl_filter_selfattn_2025-11-26_16-56-20 - _step__MIN","rl_filter_selfattn_2025-11-26_16-56-20 - _step__MAX","rl_filter_no_noisy_2025-11-25_15-04-29 - Evaluate/EpProgress","rl_filter_no_noisy_2025-11-25_15-04-29 - Evaluate/EpProgress__MIN","rl_filter_no_noisy_2025-11-25_15-04-29 - Evaluate/EpProgress__MAX","rl_filter_no_noisy_2025-11-25_15-04-29 - _step","rl_filter_no_noisy_2025-11-25_15-04-29 - _step__MIN","rl_filter_no_noisy_2025-11-25_15-04-29 - _step__MAX","4070_rl_filter_2025-07-20_12-17-12 - Evaluate/EpProgress","4070_rl_filter_2025-07-20_12-17-12 - Evaluate/EpProgress__MIN","4070_rl_filter_2025-07-20_12-17-12 - Evaluate/EpProgress__MAX","4070_rl_filter_2025-07-20_12-17-12 - _step","4070_rl_filter_2025-07-20_12-17-12 - _step__MIN","4070_rl_filter_2025-07-20_12-17-12 - _step__MAX"
"0","1","1","1","165","165","165","0","0","0","1040","1040","1040","0","0","0","1040","1040","1040","0","0","0","1039","1039","1039","0","0","0","1037","1037","1037"
"1","1","1","1","169","169","169","0","0","0","1044","1044","1044","0","0","0","1044","1044","1044","0","0","0","1042","1042","1042","0","0","0","1040","1040","1040"
"2","1","1","1","173","173","173","0","0","0","1048","1048","1048","0.1","0.1","0.1","1048","1048","1048","0","0","0","1045","1045","1045","0","0","0","1043","1043","1043"
"3","1","1","1","177","177","177","0","0","0","1051","1051","1051","0","0","0","1052","1052","1052","0","0","0","1049","1049","1049","0","0","0","1047","1047","1047"
"4","1","1","1","181","181","181","0","0","0","1054","1054","1054","0","0","0","1056","1056","1056","0","0","0","1053","1053","1053","0","0","0","1051","1051","1051"
"5","1","1","1","185","185","185","0","0","0","1057","1057","1057","0","0","0","1060","1060","1060","0","0","0","1057","1057","1057","0","0","0","1055","1055","1055"
"6","1","1","1","189","189","189","0","0","0","1061","1061","1061","0","0","0","1064","1064","1064","0","0","0","1061","1061","1061","0","0","0","1059","1059","1059"
"7","1","1","1","193","193","193","0","0","0","1065","1065","1065","0","0","0","1068","1068","1068","0","0","0","1065","1065","1065","0","0","0","1063","1063","1063"
"8","1","1","1","197","197","197","0","0","0","1068","1068","1068","0.1","0.1","0.1","1072","1072","1072","0","0","0","1069","1069","1069","0","0","0","1067","1067","1067"
"9","1","1","1","327","327","327","0","0","0","2070","2070","2070","0","0","0","2076","2076","2076","0","0","0","2070","2070","2070","0","0","0","2070","2070","2070"
"10","1","1","1","331","331","331","0","0","0","2074","2074","2074","0","0","0","2080","2080","2080","0","0","0","2073","2073","2073","0","0","0","2073","2073","2073"
"11","1","1","1","335","335","335","0","0","0","2078","2078","2078","0.1","0.1","0.1","2084","2084","2084","0","0","0","2076","2076","2076","0","0","0","2076","2076","2076"
"12","1","1","1","339","339","339","0","0","0","2081","2081","2081","0","0","0","2088","2088","2088","0","0","0","2080","2080","2080","0","0","0","2080","2080","2080"
"13","1","1","1","343","343","343","0","0","0","2084","2084","2084","0","0","0","2092","2092","2092","0","0","0","2084","2084","2084","0","0","0","2084","2084","2084"
"14","1","1","1","347","347","347","0","0","0","2087","2087","2087","0","0","0","2096","2096","2096","0","0","0","2088","2088","2088","0","0","0","2088","2088","2088"
"15","1","1","1","351","351","351","0","0","0","2091","2091","2091","0","0","0","2100","2100","2100","0","0","0","2092","2092","2092","0","0","0","2092","2092","2092"
"16","1","1","1","355","355","355","0","0","0","2094","2094","2094","0","0","0","2104","2104","2104","0","0","0","2096","2096","2096","0","0","0","2096","2096","2096"
"17","1","1","1","359","359","359","0","0","0","2097","2097","2097","0","0","0","2108","2108","2108","0","0","0","2100","2100","2100","0","0","0","2100","2100","2100"
"18","1","1","1","489","489","489","1","1","1","3140","3140","3140","0","0","0","3174","3174","3174","1","1","1","3137","3137","3137","1","1","1","3141","3141","3141"
"19","1","1","1","493","493","493","1","1","1","3144","3144","3144","1","1","1","3178","3178","3178","1","1","1","3141","3141","3141","1","1","1","3145","3145","3145"
"20","1","1","1","497","497","497","1","1","1","3148","3148","3148","0","0","0","3182","3182","3182","1","1","1","3145","3145","3145","1","1","1","3149","3149","3149"
"21","1","1","1","501","501","501","1","1","1","3152","3152","3152","1","1","1","3186","3186","3186","1","1","1","3149","3149","3149","1","1","1","3153","3153","3153"
"22","1","1","1","505","505","505","1","1","1","3156","3156","3156","1","1","1","3190","3190","3190","1","1","1","3153","3153","3153","1","1","1","3157","3157","3157"
"23","1","1","1","509","509","509","1","1","1","3160","3160","3160","0.8","0.8","0.8","3194","3194","3194","1","1","1","3157","3157","3157","0.9","0.9","0.9","3161","3161","3161"
"24","1","1","1","513","513","513","1","1","1","3164","3164","3164","0.2","0.2","0.2","3198","3198","3198","1","1","1","3161","3161","3161","1","1","1","3165","3165","3165"
"25","1","1","1","517","517","517","1","1","1","3168","3168","3168","1","1","1","3202","3202","3202","1","1","1","3165","3165","3165","1","1","1","3169","3169","3169"
"26","1","1","1","521","521","521","1","1","1","3172","3172","3172","0.8","0.8","0.8","3206","3206","3206","1","1","1","3169","3169","3169","1","1","1","3173","3173","3173"
"27","1","1","1","651","651","651","1","1","1","4216","4216","4216","1","1","1","4255","4255","4255","1","1","1","4205","4205","4205","1","1","1","4212","4212","4212"
"28","1","1","1","655","655","655","1","1","1","4220","4220","4220","1","1","1","4259","4259","4259","1","1","1","4209","4209","4209","1","1","1","4216","4216","4216"
"29","1","1","1","659","659","659","1","1","1","4224","4224","4224","1","1","1","4263","4263","4263","1","1","1","4213","4213","4213","1","1","1","4220","4220","4220"
"30","1","1","1","663","663","663","1","1","1","4228","4228","4228","1","1","1","4267","4267","4267","1","1","1","4217","4217","4217","1","1","1","4224","4224","4224"
"31","1","1","1","667","667","667","1","1","1","4232","4232","4232","1","1","1","4271","4271","4271","1","1","1","4221","4221","4221","1","1","1","4228","4228","4228"
"32","1","1","1","671","671","671","1","1","1","4236","4236","4236","1","1","1","4275","4275","4275","1","1","1","4225","4225","4225","1","1","1","4232","4232","4232"
"33","1","1","1","675","675","675","1","1","1","4240","4240","4240","1","1","1","4279","4279","4279","1","1","1","4229","4229","4229","1","1","1","4236","4236","4236"
"34","1","1","1","679","679","679","1","1","1","4244","4244","4244","1","1","1","4283","4283","4283","1","1","1","4233","4233","4233","1","1","1","4240","4240","4240"
"35","1","1","1","683","683","683","1","1","1","4248","4248","4248","1","1","1","4287","4287","4287","1","1","1","4237","4237","4237","1","1","1","4244","4244","4244"
"36","1","1","1","813","813","813","1","1","1","5296","5296","5296","1","1","1","5332","5332","5332","1","1","1","5274","5274","5274","1","1","1","5282","5282","5282"
"37","1","1","1","817","817","817","1","1","1","5300","5300","5300","1","1","1","5336","5336","5336","1","1","1","5278","5278","5278","1","1","1","5286","5286","5286"
"38","1","1","1","821","821","821","1","1","1","5304","5304","5304","1","1","1","5340","5340","5340","1","1","1","5282","5282","5282","1","1","1","5290","5290","5290"
"39","1","1","1","825","825","825","1","1","1","5308","5308","5308","1","1","1","5344","5344","5344","1","1","1","5286","5286","5286","1","1","1","5294","5294","5294"
"40","1","1","1","829","829","829","1","1","1","5312","5312","5312","1","1","1","5348","5348","5348","1","1","1","5290","5290","5290","1","1","1","5298","5298","5298"
"41","1","1","1","833","833","833","1","1","1","5316","5316","5316","0.8","0.8","0.8","5352","5352","5352","1","1","1","5294","5294","5294","1","1","1","5302","5302","5302"
"42","1","1","1","837","837","837","1","1","1","5320","5320","5320","1","1","1","5356","5356","5356","1","1","1","5298","5298","5298","1","1","1","5306","5306","5306"
"43","1","1","1","841","841","841","1","1","1","5324","5324","5324","1","1","1","5360","5360","5360","1","1","1","5302","5302","5302","1","1","1","5310","5310","5310"
"44","1","1","1","845","845","845","1","1","1","5328","5328","5328","1","1","1","5364","5364","5364","1","1","1","5306","5306","5306","1","1","1","5314","5314","5314"
"45","1","1","1","975","975","975","0","0","0","6389","6389","6389","1","1","1","6424","6424","6424","1","1","1","6344","6344","6344","1","1","1","6351","6351","6351"
"46","1","1","1","979","979","979","0.8","0.8","0.8","6393","6393","6393","1","1","1","6428","6428","6428","1","1","1","6348","6348","6348","1","1","1","6355","6355","6355"
"47","1","1","1","983","983","983","1","1","1","6397","6397","6397","1","1","1","6432","6432","6432","1","1","1","6352","6352","6352","1","1","1","6359","6359","6359"
"48","1","1","1","987","987","987","1","1","1","6401","6401","6401","1","1","1","6436","6436","6436","0.8","0.8","0.8","6356","6356","6356","1","1","1","6363","6363","6363"
"49","1","1","1","991","991","991","1","1","1","6405","6405","6405","1","1","1","6440","6440","6440","0.8","0.8","0.8","6360","6360","6360","1","1","1","6367","6367","6367"
"50","1","1","1","995","995","995","1","1","1","6409","6409","6409","1","1","1","6444","6444","6444","0.8","0.8","0.8","6364","6364","6364","1","1","1","6371","6371","6371"
"51","1","1","1","999","999","999","1","1","1","6413","6413","6413","1","1","1","6448","6448","6448","0","0","0","6368","6368","6368","1","1","1","6375","6375","6375"
"52","1","1","1","1003","1003","1003","1","1","1","6417","6417","6417","1","1","1","6452","6452","6452","0","0","0","6372","6372","6372","1","1","1","6379","6379","6379"
"53","1","1","1","1007","1007","1007","1","1","1","6421","6421","6421","1","1","1","6456","6456","6456","0.4","0.4","0.4","6376","6376","6376","1","1","1","6383","6383","6383"
"54","1","1","1","1137","1137","1137","1","1","1","7476","7476","7476","0","0","0","7507","7507","7507","1","1","1","7414","7414","7414","1","1","1","7430","7430","7430"
"55","1","1","1","1141","1141","1141","1","1","1","7480","7480","7480","1","1","1","7511","7511","7511","1","1","1","7418","7418","7418","1","1","1","7434","7434","7434"
"56","1","1","1","1145","1145","1145","1","1","1","7484","7484","7484","1","1","1","7515","7515","7515","1","1","1","7422","7422","7422","1","1","1","7438","7438","7438"
"57","1","1","1","1149","1149","1149","1","1","1","7488","7488","7488","1","1","1","7519","7519","7519","0.6","0.6","0.6","7426","7426","7426","1","1","1","7442","7442","7442"
"58","1","1","1","1153","1153","1153","1","1","1","7492","7492","7492","1","1","1","7523","7523","7523","1","1","1","7430","7430","7430","1","1","1","7446","7446","7446"
"59","1","1","1","1157","1157","1157","1","1","1","7496","7496","7496","1","1","1","7527","7527","7527","0.8","0.8","0.8","7434","7434","7434","1","1","1","7450","7450","7450"
"60","1","1","1","1161","1161","1161","1","1","1","7500","7500","7500","1","1","1","7531","7531","7531","0.8","0.8","0.8","7438","7438","7438","1","1","1","7454","7454","7454"
"61","1","1","1","1165","1165","1165","1","1","1","7504","7504","7504","1","1","1","7535","7535","7535","0.8","0.8","0.8","7442","7442","7442","1","1","1","7458","7458","7458"
"62","1","1","1","1169","1169","1169","1","1","1","7508","7508","7508","1","1","1","7539","7539","7539","0.8","0.8","0.8","7446","7446","7446","1","1","1","7462","7462","7462"
"63","1","1","1","1299","1299","1299","1","1","1","8545","8545","8545","1","1","1","8584","8584","8584","1","1","1","8482","8482","8482","1","1","1","8499","8499","8499"
"64","1","1","1","1303","1303","1303","1","1","1","8549","8549","8549","1","1","1","8588","8588","8588","1","1","1","8486","8486","8486","1","1","1","8503","8503","8503"
"65","1","1","1","1307","1307","1307","1","1","1","8553","8553","8553","1","1","1","8592","8592","8592","1","1","1","8490","8490","8490","1","1","1","8507","8507","8507"
"66","1","1","1","1311","1311","1311","0.8","0.8","0.8","8557","8557","8557","1","1","1","8596","8596","8596","1","1","1","8494","8494","8494","1","1","1","8511","8511","8511"
"67","1","1","1","1315","1315","1315","0.8","0.8","0.8","8561","8561","8561","0.9","0.9","0.9","8602","8602","8602","1","1","1","8498","8498","8498","1","1","1","8515","8515","8515"
"68","1","1","1","1319","1319","1319","0.8","0.8","0.8","8565","8565","8565","1","1","1","8606","8606","8606","1","1","1","8502","8502","8502","1","1","1","8519","8519","8519"
"69","1","1","1","1323","1323","1323","0.2","0.2","0.2","8569","8569","8569","1","1","1","8610","8610","8610","1","1","1","8506","8506","8506","1","1","1","8523","8523","8523"
"70","1","1","1","1327","1327","1327","0.8","0.8","0.8","8573","8573","8573","1","1","1","8614","8614","8614","1","1","1","8510","8510","8510","1","1","1","8527","8527","8527"
"71","1","1","1","1331","1331","1331","0.8","0.8","0.8","8577","8577","8577","1","1","1","8618","8618","8618","1","1","1","8514","8514","8514","1","1","1","8531","8531","8531"
"72","1","1","1","1461","1461","1461","1","1","1","9622","9622","9622","1","1","1","9662","9662","9662","1","1","1","9559","9559","9559","1","1","1","9576","9576","9576"
"73","1","1","1","1465","1465","1465","1","1","1","9626","9626","9626","1","1","1","9666","9666","9666","1","1","1","9563","9563","9563","1","1","1","9580","9580","9580"
"74","1","1","1","1469","1469","1469","1","1","1","9630","9630","9630","1","1","1","9670","9670","9670","1","1","1","9567","9567","9567","1","1","1","9584","9584","9584"
"75","1","1","1","1473","1473","1473","1","1","1","9634","9634","9634","1","1","1","9674","9674","9674","1","1","1","9571","9571","9571","1","1","1","9588","9588","9588"
"76","1","1","1","1477","1477","1477","1","1","1","9638","9638","9638","1","1","1","9678","9678","9678","0.8","0.8","0.8","9575","9575","9575","1","1","1","9592","9592","9592"
"77","1","1","1","1481","1481","1481","1","1","1","9642","9642","9642","1","1","1","9682","9682","9682","0.8","0.8","0.8","9579","9579","9579","1","1","1","9596","9596","9596"
"78","1","1","1","1485","1485","1485","1","1","1","9646","9646","9646","1","1","1","9686","9686","9686","0.8","0.8","0.8","9583","9583","9583","1","1","1","9600","9600","9600"
"79","1","1","1","1489","1489","1489","1","1","1","9650","9650","9650","1","1","1","9690","9690","9690","0.8","0.8","0.8","9587","9587","9587","1","1","1","9604","9604","9604"
"80","1","1","1","1493","1493","1493","1","1","1","9654","9654","9654","1","1","1","9694","9694","9694","0.8","0.8","0.8","9591","9591","9591","1","1","1","9608","9608","9608"
"81","1","1","1","1624","1624","1624","1","1","1","10706","10706","10706","1","1","1","10733","10733","10733","1","1","1","10629","10629","10629","1","1","1","10645","10645","10645"
"82","1","1","1","1628","1628","1628","1","1","1","10710","10710","10710","1","1","1","10737","10737","10737","1","1","1","10633","10633","10633","1","1","1","10649","10649","10649"
"83","1","1","1","1632","1632","1632","1","1","1","10714","10714","10714","1","1","1","10741","10741","10741","1","1","1","10637","10637","10637","1","1","1","10653","10653","10653"
"84","1","1","1","1636","1636","1636","1","1","1","10718","10718","10718","1","1","1","10745","10745","10745","0.8","0.8","0.8","10641","10641","10641","1","1","1","10657","10657","10657"
"85","1","1","1","1640","1640","1640","1","1","1","10722","10722","10722","1","1","1","10749","10749","10749","0.9","0.9","0.9","10645","10645","10645","1","1","1","10661","10661","10661"
"86","1","1","1","1644","1644","1644","1","1","1","10726","10726","10726","1","1","1","10753","10753","10753","1","1","1","10649","10649","10649","1","1","1","10665","10665","10665"
"87","1","1","1","1648","1648","1648","1","1","1","10730","10730","10730","1","1","1","10757","10757","10757","1","1","1","10653","10653","10653","1","1","1","10669","10669","10669"
"88","1","1","1","1652","1652","1652","1","1","1","10734","10734","10734","1","1","1","10761","10761","10761","1","1","1","10657","10657","10657","1","1","1","10673","10673","10673"
"89","1","1","1","1656","1656","1656","1","1","1","10738","10738","10738","1","1","1","10765","10765","10765","1","1","1","10661","10661","10661","1","1","1","10677","10677","10677"
"90","1","1","1","1786","1786","1786","1","1","1","11774","11774","11774","1","1","1","11805","11805","11805","1","1","1","11699","11699","11699","1","1","1","11719","11719","11719"
"91","1","1","1","1790","1790","1790","1","1","1","11778","11778","11778","1","1","1","11809","11809","11809","1","1","1","11703","11703","11703","1","1","1","11723","11723","11723"
"92","1","1","1","1794","1794","1794","1","1","1","11782","11782","11782","1","1","1","11813","11813","11813","1","1","1","11707","11707","11707","1","1","1","11727","11727","11727"
"93","1","1","1","1798","1798","1798","1","1","1","11786","11786","11786","1","1","1","11817","11817","11817","0.2","0.2","0.2","11711","11711","11711","1","1","1","11731","11731","11731"
"94","1","1","1","1802","1802","1802","1","1","1","11790","11790","11790","1","1","1","11821","11821","11821","1","1","1","11715","11715","11715","1","1","1","11735","11735","11735"
"95","1","1","1","1806","1806","1806","1","1","1","11794","11794","11794","1","1","1","11825","11825","11825","1","1","1","11719","11719","11719","1","1","1","11739","11739","11739"
"96","1","1","1","1810","1810","1810","1","1","1","11798","11798","11798","1","1","1","11829","11829","11829","1","1","1","11723","11723","11723","1","1","1","11743","11743","11743"
"97","1","1","1","1814","1814","1814","1","1","1","11802","11802","11802","1","1","1","11833","11833","11833","1","1","1","11727","11727","11727","0.8","0.8","0.8","11747","11747","11747"
"98","1","1","1","1818","1818","1818","1","1","1","11806","11806","11806","1","1","1","11837","11837","11837","1","1","1","11731","11731","11731","0.8","0.8","0.8","11751","11751","11751"
"99","1","1","1","1948","1948","1948","1","1","1","12842","12842","12842","0.1","0.1","0.1","12887","12887","12887","1","1","1","12767","12767","12767","1","1","1","12789","12789","12789"
"100","1","1","1","1952","1952","1952","1","1","1","12846","12846","12846","1","1","1","12891","12891","12891","1","1","1","12771","12771","12771","1","1","1","12793","12793","12793"
"101","1","1","1","1956","1956","1956","1","1","1","12850","12850","12850","1","1","1","12895","12895","12895","1","1","1","12775","12775","12775","1","1","1","12797","12797","12797"
"102","1","1","1","1960","1960","1960","1","1","1","12854","12854","12854","1","1","1","12899","12899","12899","1","1","1","12779","12779","12779","1","1","1","12801","12801","12801"
"103","1","1","1","1964","1964","1964","1","1","1","12858","12858","12858","1","1","1","12903","12903","12903","1","1","1","12783","12783","12783","1","1","1","12805","12805","12805"
"104","1","1","1","1968","1968","1968","1","1","1","12862","12862","12862","1","1","1","12907","12907","12907","1","1","1","12787","12787","12787","1","1","1","12809","12809","12809"
"105","1","1","1","1972","1972","1972","1","1","1","12866","12866","12866","0.9","0.9","0.9","12911","12911","12911","1","1","1","12791","12791","12791","1","1","1","12813","12813","12813"
"106","1","1","1","1976","1976","1976","1","1","1","12870","12870","12870","0.8","0.8","0.8","12915","12915","12915","1","1","1","12795","12795","12795","1","1","1","12817","12817","12817"
"107","1","1","1","1980","1980","1980","1","1","1","12874","12874","12874","0.8","0.8","0.8","12919","12919","12919","1","1","1","12799","12799","12799","1","1","1","12821","12821","12821"
"108","1","1","1","2110","2110","2110","1","1","1","13917","13917","13917","1","1","1","13959","13959","13959","1","1","1","13838","13838","13838","1","1","1","13865","13865","13865"
"109","1","1","1","2114","2114","2114","1","1","1","13921","13921","13921","1","1","1","13963","13963","13963","1","1","1","13842","13842","13842","1","1","1","13869","13869","13869"
"110","1","1","1","2118","2118","2118","1","1","1","13925","13925","13925","1","1","1","13967","13967","13967","1","1","1","13846","13846","13846","1","1","1","13873","13873","13873"
"111","1","1","1","2122","2122","2122","1","1","1","13929","13929","13929","1","1","1","13971","13971","13971","1","1","1","13850","13850","13850","1","1","1","13877","13877","13877"
"112","1","1","1","2127","2127","2127","1","1","1","13933","13933","13933","1","1","1","13975","13975","13975","1","1","1","13854","13854","13854","1","1","1","13881","13881","13881"
"113","1","1","1","2131","2131","2131","1","1","1","13937","13937","13937","1","1","1","13979","13979","13979","1","1","1","13858","13858","13858","1","1","1","13885","13885","13885"
"114","1","1","1","2135","2135","2135","1","1","1","13941","13941","13941","1","1","1","13983","13983","13983","1","1","1","13862","13862","13862","1","1","1","13889","13889","13889"
"115","1","1","1","2139","2139","2139","1","1","1","13945","13945","13945","1","1","1","13987","13987","13987","1","1","1","13866","13866","13866","1","1","1","13893","13893","13893"
"116","1","1","1","2143","2143","2143","1","1","1","13949","13949","13949","1","1","1","13991","13991","13991","1","1","1","13870","13870","13870","1","1","1","13897","13897","13897"
"117","1","1","1","2275","2275","2275","1","1","1","14986","14986","14986","1","1","1","15044","15044","15044","1","1","1","14907","14907","14907","1","1","1","14934","14934","14934"
"118","1","1","1","2279","2279","2279","1","1","1","14990","14990","14990","1","1","1","15048","15048","15048","1","1","1","14911","14911","14911","1","1","1","14938","14938","14938"
"119","1","1","1","2283","2283","2283","1","1","1","14994","14994","14994","1","1","1","15052","15052","15052","1","1","1","14915","14915","14915","0.8","0.8","0.8","14942","14942","14942"
"120","1","1","1","2287","2287","2287","1","1","1","14998","14998","14998","1","1","1","15056","15056","15056","1","1","1","14919","14919","14919","1","1","1","14946","14946","14946"
"121","1","1","1","2291","2291","2291","1","1","1","15002","15002","15002","1","1","1","15060","15060","15060","1","1","1","14923","14923","14923","0.8","0.8","0.8","14950","14950","14950"
"122","1","1","1","2295","2295","2295","1","1","1","15006","15006","15006","1","1","1","15064","15064","15064","1","1","1","14927","14927","14927","0.8","0.8","0.8","14954","14954","14954"
"123","1","1","1","2299","2299","2299","1","1","1","15010","15010","15010","1","1","1","15068","15068","15068","1","1","1","14931","14931","14931","1","1","1","14958","14958","14958"
"124","1","1","1","2303","2303","2303","1","1","1","15014","15014","15014","1","1","1","15072","15072","15072","1","1","1","14935","14935","14935","0.8","0.8","0.8","14962","14962","14962"
"125","1","1","1","2307","2307","2307","1","1","1","15018","15018","15018","1","1","1","15076","15076","15076","1","1","1","14939","14939","14939","0.8","0.8","0.8","14966","14966","14966"
"126","1","1","1","2437","2437","2437","1","1","1","16055","16055","16055","1","1","1","16124","16124","16124","1","1","1","15976","15976","15976","0","0","0","16010","16010","16010"
"127","1","1","1","2441","2441","2441","1","1","1","16059","16059","16059","1","1","1","16128","16128","16128","1","1","1","15980","15980","15980","0","0","0","16014","16014","16014"
"128","1","1","1","2445","2445","2445","1","1","1","16063","16063","16063","1","1","1","16132","16132","16132","1","1","1","15984","15984","15984","0","0","0","16018","16018","16018"
"129","1","1","1","2449","2449","2449","1","1","1","16067","16067","16067","1","1","1","16136","16136","16136","1","1","1","15988","15988","15988","1","1","1","16022","16022","16022"
"130","1","1","1","2453","2453","2453","1","1","1","16071","16071","16071","1","1","1","16140","16140","16140","1","1","1","15992","15992","15992","1","1","1","16026","16026","16026"
"131","1","1","1","2457","2457","2457","1","1","1","16075","16075","16075","1","1","1","16144","16144","16144","1","1","1","15996","15996","15996","1","1","1","16030","16030","16030"
"132","1","1","1","2461","2461","2461","1","1","1","16079","16079","16079","1","1","1","16148","16148","16148","1","1","1","16000","16000","16000","1","1","1","16034","16034","16034"
"133","1","1","1","2465","2465","2465","1","1","1","16083","16083","16083","1","1","1","16152","16152","16152","1","1","1","16004","16004","16004","1","1","1","16038","16038","16038"
"134","1","1","1","2469","2469","2469","1","1","1","16087","16087","16087","0.8","0.8","0.8","16156","16156","16156","1","1","1","16008","16008","16008","1","1","1","16042","16042","16042"
"135","1","1","1","2599","2599","2599","1","1","1","17129","17129","17129","1","1","1","17198","17198","17198","1","1","1","17044","17044","17044","1","1","1","17086","17086","17086"
"136","1","1","1","2603","2603","2603","1","1","1","17133","17133","17133","1","1","1","17202","17202","17202","1","1","1","17048","17048","17048","1","1","1","17090","17090","17090"
"137","1","1","1","2607","2607","2607","1","1","1","17137","17137","17137","1","1","1","17206","17206","17206","1","1","1","17052","17052","17052","1","1","1","17094","17094","17094"
"138","1","1","1","2611","2611","2611","1","1","1","17141","17141","17141","1","1","1","17210","17210","17210","1","1","1","17056","17056","17056","1","1","1","17098","17098","17098"
"139","1","1","1","2615","2615","2615","1","1","1","17145","17145","17145","1","1","1","17214","17214","17214","1","1","1","17060","17060","17060","1","1","1","17102","17102","17102"
"140","1","1","1","2619","2619","2619","1","1","1","17149","17149","17149","1","1","1","17218","17218","17218","1","1","1","17064","17064","17064","1","1","1","17106","17106","17106"
"141","1","1","1","2623","2623","2623","1","1","1","17153","17153","17153","1","1","1","17222","17222","17222","1","1","1","17068","17068","17068","1","1","1","17110","17110","17110"
"142","1","1","1","2627","2627","2627","1","1","1","17157","17157","17157","1","1","1","17226","17226","17226","1","1","1","17072","17072","17072","1","1","1","17114","17114","17114"
"143","1","1","1","2631","2631","2631","1","1","1","17161","17161","17161","1","1","1","17230","17230","17230","1","1","1","17076","17076","17076","1","1","1","17118","17118","17118"
"144","1","1","1","2761","2761","2761","1","1","1","18197","18197","18197","1","1","1","18272","18272","18272","1","1","1","18112","18112","18112","1","1","1","18154","18154","18154"
"145","1","1","1","2765","2765","2765","1","1","1","18201","18201","18201","1","1","1","18276","18276","18276","1","1","1","18116","18116","18116","1","1","1","18158","18158","18158"
"146","1","1","1","2769","2769","2769","1","1","1","18205","18205","18205","1","1","1","18280","18280","18280","1","1","1","18120","18120","18120","1","1","1","18162","18162","18162"
"147","1","1","1","2773","2773","2773","1","1","1","18209","18209","18209","1","1","1","18284","18284","18284","1","1","1","18124","18124","18124","1","1","1","18166","18166","18166"
"148","1","1","1","2777","2777","2777","1","1","1","18213","18213","18213","1","1","1","18288","18288","18288","1","1","1","18128","18128","18128","1","1","1","18170","18170","18170"
"149","1","1","1","2781","2781","2781","1","1","1","18217","18217","18217","1","1","1","18292","18292","18292","1","1","1","18132","18132","18132","1","1","1","18174","18174","18174"
"150","1","1","1","2785","2785","2785","1","1","1","18221","18221","18221","1","1","1","18296","18296","18296","1","1","1","18136","18136","18136","1","1","1","18178","18178","18178"
"151","1","1","1","2789","2789","2789","1","1","1","18225","18225","18225","1","1","1","18300","18300","18300","1","1","1","18140","18140","18140","1","1","1","18182","18182","18182"
"152","1","1","1","2793","2793","2793","1","1","1","18229","18229","18229","1","1","1","18304","18304","18304","1","1","1","18144","18144","18144","1","1","1","18186","18186","18186"
"153","1","1","1","2923","2923","2923","1","1","1","19265","19265","19265","1","1","1","19351","19351","19351","1","1","1","19180","19180","19180","1","1","1","19223","19223","19223"
"154","1","1","1","2927","2927","2927","1","1","1","19269","19269","19269","1","1","1","19355","19355","19355","1","1","1","19184","19184","19184","1","1","1","19227","19227","19227"
"155","1","1","1","2931","2931","2931","1","1","1","19273","19273","19273","1","1","1","19359","19359","19359","1","1","1","19188","19188","19188","1","1","1","19231","19231","19231"
"156","1","1","1","2935","2935","2935","1","1","1","19277","19277","19277","1","1","1","19363","19363","19363","1","1","1","19192","19192","19192","1","1","1","19235","19235","19235"
"157","1","1","1","2939","2939","2939","1","1","1","19281","19281","19281","1","1","1","19367","19367","19367","1","1","1","19196","19196","19196","1","1","1","19239","19239","19239"
"158","1","1","1","2943","2943","2943","1","1","1","19285","19285","19285","1","1","1","19371","19371","19371","1","1","1","19200","19200","19200","1","1","1","19243","19243","19243"
"159","1","1","1","2947","2947","2947","1","1","1","19289","19289","19289","1","1","1","19375","19375","19375","1","1","1","19204","19204","19204","1","1","1","19247","19247","19247"
"160","1","1","1","2951","2951","2951","1","1","1","19293","19293","19293","1","1","1","19379","19379","19379","1","1","1","19208","19208","19208","1","1","1","19251","19251","19251"
"161","1","1","1","2955","2955","2955","1","1","1","19297","19297","19297","1","1","1","19383","19383","19383","1","1","1","19212","19212","19212","1","1","1","19255","19255","19255"
"162","0.6","0.6","0.6","3135","3135","3135","1","1","1","20340","20340","20340","1","1","1","20423","20423","20423","1","1","1","20248","20248","20248","1","1","1","20292","20292","20292"
"163","0.2","0.2","0.2","3139","3139","3139","1","1","1","20344","20344","20344","1","1","1","20427","20427","20427","1","1","1","20252","20252","20252","1","1","1","20296","20296","20296"
"164","0.2","0.2","0.2","3143","3143","3143","1","1","1","20348","20348","20348","1","1","1","20431","20431","20431","1","1","1","20256","20256","20256","1","1","1","20300","20300","20300"
"165","0","0","0","3147","3147","3147","1","1","1","20352","20352","20352","1","1","1","20435","20435","20435","1","1","1","20260","20260","20260","1","1","1","20304","20304","20304"
"166","0.4","0.4","0.4","3151","3151","3151","1","1","1","20356","20356","20356","1","1","1","20439","20439","20439","1","1","1","20264","20264","20264","1","1","1","20308","20308","20308"
"167","0.2","0.2","0.2","3155","3155","3155","1","1","1","20360","20360","20360","1","1","1","20444","20444","20444","1","1","1","20268","20268","20268","1","1","1","20312","20312","20312"
"168","0","0","0","3159","3159","3159","1","1","1","20364","20364","20364","1","1","1","20448","20448","20448","1","1","1","20272","20272","20272","1","1","1","20316","20316","20316"
"169","0.2","0.2","0.2","3163","3163","3163","1","1","1","20368","20368","20368","1","1","1","20452","20452","20452","1","1","1","20276","20276","20276","1","1","1","20320","20320","20320"
"170","0.4","0.4","0.4","3167","3167","3167","1","1","1","20372","20372","20372","1","1","1","20456","20456","20456","1","1","1","20280","20280","20280","1","1","1","20324","20324","20324"
"171","1","1","1","3342","3342","3342","1","1","1","21408","21408","21408","1","1","1","21497","21497","21497","1","1","1","21316","21316","21316","1","1","1","21360","21360","21360"
"172","1","1","1","3346","3346","3346","1","1","1","21412","21412","21412","1","1","1","21501","21501","21501","1","1","1","21320","21320","21320","1","1","1","21364","21364","21364"
"173","1","1","1","3350","3350","3350","1","1","1","21416","21416","21416","1","1","1","21505","21505","21505","1","1","1","21324","21324","21324","1","1","1","21368","21368","21368"
"174","1","1","1","3354","3354","3354","1","1","1","21420","21420","21420","1","1","1","21509","21509","21509","1","1","1","21328","21328","21328","1","1","1","21372","21372","21372"
"175","1","1","1","3360","3360","3360","1","1","1","21424","21424","21424","1","1","1","21513","21513","21513","1","1","1","21332","21332","21332","1","1","1","21376","21376","21376"
"176","1","1","1","3364","3364","3364","1","1","1","21428","21428","21428","1","1","1","21517","21517","21517","1","1","1","21336","21336","21336","1","1","1","21380","21380","21380"
"177","1","1","1","3368","3368","3368","1","1","1","21432","21432","21432","1","1","1","21521","21521","21521","1","1","1","21340","21340","21340","1","1","1","21384","21384","21384"
"178","1","1","1","3372","3372","3372","1","1","1","21436","21436","21436","1","1","1","21525","21525","21525","1","1","1","21344","21344","21344","1","1","1","21388","21388","21388"
"179","1","1","1","3376","3376","3376","1","1","1","21440","21440","21440","1","1","1","21529","21529","21529","1","1","1","21348","21348","21348","1","1","1","21392","21392","21392"
"180","1","1","1","3554","3554","3554","1","1","1","22476","22476","22476","1","1","1","22575","22575","22575","1","1","1","22384","22384","22384","1","1","1","22428","22428","22428"
"181","1","1","1","3558","3558","3558","1","1","1","22480","22480","22480","1","1","1","22579","22579","22579","1","1","1","22388","22388","22388","1","1","1","22432","22432","22432"
"182","1","1","1","3562","3562","3562","1","1","1","22484","22484","22484","1","1","1","22583","22583","22583","1","1","1","22392","22392","22392","1","1","1","22436","22436","22436"
"183","1","1","1","3566","3566","3566","1","1","1","22488","22488","22488","1","1","1","22587","22587","22587","1","1","1","22396","22396","22396","1","1","1","22440","22440","22440"
"184","1","1","1","3570","3570","3570","1","1","1","22492","22492","22492","1","1","1","22591","22591","22591","1","1","1","22400","22400","22400","1","1","1","22444","22444","22444"
"185","1","1","1","3574","3574","3574","1","1","1","22496","22496","22496","1","1","1","22595","22595","22595","1","1","1","22404","22404","22404","1","1","1","22448","22448","22448"
"186","1","1","1","3578","3578","3578","1","1","1","22500","22500","22500","1","1","1","22599","22599","22599","1","1","1","22408","22408","22408","1","1","1","22452","22452","22452"
"187","1","1","1","3582","3582","3582","1","1","1","22504","22504","22504","1","1","1","22603","22603","22603","1","1","1","22412","22412","22412","1","1","1","22456","22456","22456"
"188","1","1","1","3586","3586","3586","1","1","1","22508","22508","22508","1","1","1","22607","22607","22607","1","1","1","22416","22416","22416","1","1","1","22460","22460","22460"
"189","1","1","1","3769","3769","3769","1","1","1","23549","23549","23549","1","1","1","23647","23647","23647","1","1","1","23457","23457","23457","1","1","1","23497","23497","23497"
"190","1","1","1","3773","3773","3773","1","1","1","23553","23553","23553","1","1","1","23651","23651","23651","1","1","1","23461","23461","23461","1","1","1","23501","23501","23501"
"191","1","1","1","3777","3777","3777","1","1","1","23557","23557","23557","1","1","1","23655","23655","23655","1","1","1","23465","23465","23465","1","1","1","23505","23505","23505"
"192","1","1","1","3781","3781","3781","1","1","1","23561","23561","23561","1","1","1","23659","23659","23659","1","1","1","23469","23469","23469","1","1","1","23509","23509","23509"
"193","1","1","1","3785","3785","3785","1","1","1","23565","23565","23565","1","1","1","23663","23663","23663","1","1","1","23473","23473","23473","1","1","1","23513","23513","23513"
"194","1","1","1","3789","3789","3789","1","1","1","23569","23569","23569","1","1","1","23667","23667","23667","1","1","1","23477","23477","23477","1","1","1","23517","23517","23517"
"195","1","1","1","3793","3793","3793","1","1","1","23573","23573","23573","1","1","1","23671","23671","23671","1","1","1","23481","23481","23481","1","1","1","23521","23521","23521"
"196","1","1","1","3797","3797","3797","1","1","1","23577","23577","23577","1","1","1","23675","23675","23675","1","1","1","23485","23485","23485","1","1","1","23525","23525","23525"
"197","1","1","1","3801","3801","3801","1","1","1","23581","23581","23581","1","1","1","23679","23679","23679","1","1","1","23489","23489","23489","1","1","1","23529","23529","23529"
"198","1","1","1","3966","3966","3966","1","1","1","24623","24623","24623","1","1","1","24718","24718","24718","1","1","1","24525","24525","24525","1","1","1","24565","24565","24565"
"199","1","1","1","3970","3970","3970","1","1","1","24627","24627","24627","1","1","1","24722","24722","24722","1","1","1","24529","24529","24529","1","1","1","24569","24569","24569"
"200","1","1","1","3974","3974","3974","1","1","1","24631","24631","24631","1","1","1","24726","24726","24726","1","1","1","24533","24533","24533","1","1","1","24573","24573","24573"
"201","1","1","1","3978","3978","3978","1","1","1","24635","24635","24635","1","1","1","24730","24730","24730","1","1","1","24537","24537","24537","1","1","1","24577","24577","24577"
"202","1","1","1","3982","3982","3982","1","1","1","24639","24639","24639","1","1","1","24734","24734","24734","1","1","1","24541","24541","24541","1","1","1","24581","24581","24581"
"203","1","1","1","3986","3986","3986","1","1","1","24643","24643","24643","1","1","1","24738","24738","24738","1","1","1","24545","24545","24545","1","1","1","24585","24585","24585"
"204","1","1","1","3990","3990","3990","1","1","1","24647","24647","24647","1","1","1","24742","24742","24742","1","1","1","24549","24549","24549","1","1","1","24589","24589","24589"
"205","1","1","1","3994","3994","3994","1","1","1","24651","24651","24651","1","1","1","24746","24746","24746","1","1","1","24553","24553","24553","1","1","1","24593","24593","24593"
"206","1","1","1","3998","3998","3998","1","1","1","24655","24655","24655","1","1","1","24750","24750","24750","1","1","1","24557","24557","24557","1","1","1","24597","24597","24597"
"207","1","1","1","4153","4153","4153","1","1","1","25696","25696","25696","1","1","1","25788","25788","25788","1","1","1","25594","25594","25594","1","1","1","25638","25638","25638"
"208","1","1","1","4157","4157","4157","1","1","1","25700","25700","25700","1","1","1","25792","25792","25792","1","1","1","25598","25598","25598","1","1","1","25642","25642","25642"
"209","1","1","1","4161","4161","4161","1","1","1","25704","25704","25704","1","1","1","25796","25796","25796","1","1","1","25602","25602","25602","1","1","1","25646","25646","25646"
"210","1","1","1","4165","4165","4165","1","1","1","25708","25708","25708","1","1","1","25800","25800","25800","1","1","1","25606","25606","25606","1","1","1","25650","25650","25650"
"211","1","1","1","4169","4169","4169","1","1","1","25712","25712","25712","1","1","1","25804","25804","25804","1","1","1","25610","25610","25610","0.9","0.9","0.9","25654","25654","25654"
"212","1","1","1","4173","4173","4173","1","1","1","25716","25716","25716","1","1","1","25808","25808","25808","1","1","1","25614","25614","25614","1","1","1","25658","25658","25658"
"213","1","1","1","4177","4177","4177","1","1","1","25720","25720","25720","1","1","1","25812","25812","25812","1","1","1","25618","25618","25618","1","1","1","25662","25662","25662"
"214","1","1","1","4181","4181","4181","1","1","1","25724","25724","25724","1","1","1","25816","25816","25816","1","1","1","25622","25622","25622","1","1","1","25666","25666","25666"
"215","1","1","1","4185","4185","4185","1","1","1","25728","25728","25728","1","1","1","25820","25820","25820","1","1","1","25626","25626","25626","1","1","1","25670","25670","25670"
"216","1","1","1","4337","4337","4337","1","1","1","26765","26765","26765","1","1","1","26859","26859","26859","1","1","1","26662","26662","26662","1","1","1","26706","26706","26706"
"217","1","1","1","4341","4341","4341","1","1","1","26769","26769","26769","1","1","1","26863","26863","26863","1","1","1","26666","26666","26666","1","1","1","26710","26710","26710"
"218","1","1","1","4345","4345","4345","1","1","1","26773","26773","26773","1","1","1","26867","26867","26867","1","1","1","26670","26670","26670","1","1","1","26714","26714","26714"
"219","1","1","1","4349","4349","4349","1","1","1","26777","26777","26777","1","1","1","26871","26871","26871","1","1","1","26674","26674","26674","1","1","1","26718","26718","26718"
"220","1","1","1","4353","4353","4353","1","1","1","26781","26781","26781","1","1","1","26875","26875","26875","1","1","1","26678","26678","26678","1","1","1","26722","26722","26722"
"221","1","1","1","4357","4357","4357","1","1","1","26785","26785","26785","1","1","1","26879","26879","26879","1","1","1","26682","26682","26682","1","1","1","26726","26726","26726"
"222","1","1","1","4361","4361","4361","1","1","1","26789","26789","26789","1","1","1","26883","26883","26883","1","1","1","26686","26686","26686","1","1","1","26730","26730","26730"
"223","1","1","1","4365","4365","4365","1","1","1","26793","26793","26793","1","1","1","26887","26887","26887","1","1","1","26690","26690","26690","1","1","1","26734","26734","26734"
"224","1","1","1","4369","4369","4369","1","1","1","26797","26797","26797","1","1","1","26891","26891","26891","1","1","1","26694","26694","26694","1","1","1","26738","26738","26738"
"225","1","1","1","4528","4528","4528","1","1","1","27838","27838","27838","1","1","1","27930","27930","27930","1","1","1","27735","27735","27735","1","1","1","27774","27774","27774"
"226","1","1","1","4532","4532","4532","1","1","1","27842","27842","27842","1","1","1","27934","27934","27934","1","1","1","27739","27739","27739","1","1","1","27778","27778","27778"
"227","1","1","1","4536","4536","4536","1","1","1","27846","27846","27846","1","1","1","27938","27938","27938","1","1","1","27743","27743","27743","1","1","1","27782","27782","27782"
"228","1","1","1","4540","4540","4540","1","1","1","27850","27850","27850","1","1","1","27942","27942","27942","1","1","1","27747","27747","27747","1","1","1","27786","27786","27786"
"229","1","1","1","4544","4544","4544","1","1","1","27854","27854","27854","1","1","1","27946","27946","27946","1","1","1","27751","27751","27751","1","1","1","27790","27790","27790"
"230","1","1","1","4548","4548","4548","1","1","1","27858","27858","27858","1","1","1","27950","27950","27950","1","1","1","27755","27755","27755","1","1","1","27794","27794","27794"
"231","1","1","1","4552","4552","4552","1","1","1","27862","27862","27862","1","1","1","27954","27954","27954","1","1","1","27759","27759","27759","1","1","1","27798","27798","27798"
"232","1","1","1","4556","4556","4556","1","1","1","27866","27866","27866","1","1","1","27958","27958","27958","1","1","1","27763","27763","27763","1","1","1","27802","27802","27802"
"233","1","1","1","4560","4560","4560","1","1","1","27870","27870","27870","1","1","1","27962","27962","27962","1","1","1","27767","27767","27767","1","1","1","27806","27806","27806"
"234","1","1","1","4744","4744","4744","1","1","1","28907","28907","28907","1","1","1","29001","29001","29001","1","1","1","28808","28808","28808","1","1","1","28842","28842","28842"
"235","1","1","1","4748","4748","4748","1","1","1","28911","28911","28911","1","1","1","29005","29005","29005","1","1","1","28812","28812","28812","1","1","1","28846","28846","28846"
"236","1","1","1","4752","4752","4752","1","1","1","28915","28915","28915","1","1","1","29009","29009","29009","1","1","1","28816","28816","28816","1","1","1","28850","28850","28850"
"237","1","1","1","4756","4756","4756","1","1","1","28919","28919","28919","1","1","1","29013","29013","29013","1","1","1","28820","28820","28820","1","1","1","28854","28854","28854"
"238","1","1","1","4760","4760","4760","1","1","1","28923","28923","28923","1","1","1","29017","29017","29017","1","1","1","28824","28824","28824","1","1","1","28858","28858","28858"
"239","1","1","1","4764","4764","4764","1","1","1","28927","28927","28927","1","1","1","29021","29021","29021","1","1","1","28828","28828","28828","1","1","1","28862","28862","28862"
"240","1","1","1","4768","4768","4768","1","1","1","28931","28931","28931","1","1","1","29025","29025","29025","1","1","1","28832","28832","28832","1","1","1","28866","28866","28866"
"241","1","1","1","4772","4772","4772","1","1","1","28935","28935","28935","1","1","1","29029","29029","29029","1","1","1","28836","28836","28836","1","1","1","28870","28870","28870"
"242","1","1","1","4776","4776","4776","1","1","1","28939","28939","28939","1","1","1","29033","29033","29033","1","1","1","28840","28840","28840","1","1","1","28874","28874","28874"
"243","1","1","1","4942","4942","4942","1","1","1","29975","29975","29975","1","1","1","30072","30072","30072","1","1","1","29876","29876","29876","1","1","1","29911","29911","29911"
"244","1","1","1","4946","4946","4946","1","1","1","29979","29979","29979","1","1","1","30076","30076","30076","1","1","1","29880","29880","29880","1","1","1","29915","29915","29915"
"245","1","1","1","4950","4950","4950","1","1","1","29983","29983","29983","1","1","1","30080","30080","30080","1","1","1","29884","29884","29884","1","1","1","29919","29919","29919"
"246","1","1","1","4954","4954","4954","1","1","1","29987","29987","29987","1","1","1","30084","30084","30084","1","1","1","29888","29888","29888","1","1","1","29923","29923","29923"
"247","1","1","1","4958","4958","4958","1","1","1","29991","29991","29991","1","1","1","30088","30088","30088","1","1","1","29892","29892","29892","1","1","1","29927","29927","29927"
"248","1","1","1","4962","4962","4962","1","1","1","29995","29995","29995","1","1","1","30092","30092","30092","1","1","1","29896","29896","29896","1","1","1","29931","29931","29931"
"249","1","1","1","4966","4966","4966","1","1","1","29999","29999","29999","1","1","1","30096","30096","30096","1","1","1","29900","29900","29900","1","1","1","29935","29935","29935"
"250","1","1","1","4970","4970","4970","1","1","1","30003","30003","30003","1","1","1","30100","30100","30100","1","1","1","29904","29904","29904","1","1","1","29939","29939","29939"
"251","1","1","1","4974","4974","4974","1","1","1","30007","30007","30007","1","1","1","30104","30104","30104","1","1","1","29908","29908","29908","1","1","1","29943","29943","29943"
"252","1","1","1","5163","5163","5163","1","1","1","31048","31048","31048","1","1","1","31146","31146","31146","1","1","1","30944","30944","30944","1","1","1","30979","30979","30979"
"253","1","1","1","5167","5167","5167","1","1","1","31052","31052","31052","1","1","1","31150","31150","31150","1","1","1","30948","30948","30948","1","1","1","30983","30983","30983"
"254","1","1","1","5171","5171","5171","1","1","1","31056","31056","31056","1","1","1","31154","31154","31154","1","1","1","30952","30952","30952","1","1","1","30987","30987","30987"
"255","1","1","1","5175","5175","5175","1","1","1","31060","31060","31060","1","1","1","31158","31158","31158","1","1","1","30956","30956","30956","1","1","1","30991","30991","30991"
"256","1","1","1","5179","5179","5179","1","1","1","31064","31064","31064","1","1","1","31162","31162","31162","1","1","1","30960","30960","30960","0.8","0.8","0.8","30995","30995","30995"
"257","1","1","1","5183","5183","5183","1","1","1","31068","31068","31068","1","1","1","31166","31166","31166","1","1","1","30964","30964","30964","1","1","1","30999","30999","30999"
"258","1","1","1","5187","5187","5187","1","1","1","31072","31072","31072","1","1","1","31170","31170","31170","1","1","1","30968","30968","30968","1","1","1","31003","31003","31003"
"259","1","1","1","5191","5191","5191","1","1","1","31076","31076","31076","1","1","1","31174","31174","31174","1","1","1","30972","30972","30972","1","1","1","31007","31007","31007"
"260","1","1","1","5195","5195","5195","1","1","1","31080","31080","31080","1","1","1","31178","31178","31178","1","1","1","30976","30976","30976","1","1","1","31011","31011","31011"
"261","1","1","1","5352","5352","5352","1","1","1","32121","32121","32121","1","1","1","32218","32218","32218","1","1","1","32012","32012","32012","1","1","1","32046","32046","32046"
"262","1","1","1","5356","5356","5356","1","1","1","32125","32125","32125","1","1","1","32222","32222","32222","1","1","1","32016","32016","32016","1","1","1","32050","32050","32050"
"263","1","1","1","5360","5360","5360","1","1","1","32129","32129","32129","1","1","1","32226","32226","32226","1","1","1","32020","32020","32020","1","1","1","32054","32054","32054"
"264","1","1","1","5364","5364","5364","1","1","1","32133","32133","32133","1","1","1","32230","32230","32230","1","1","1","32024","32024","32024","1","1","1","32058","32058","32058"
"265","1","1","1","5368","5368","5368","1","1","1","32137","32137","32137","1","1","1","32234","32234","32234","1","1","1","32028","32028","32028","1","1","1","32062","32062","32062"
"266","1","1","1","5372","5372","5372","1","1","1","32141","32141","32141","1","1","1","32238","32238","32238","1","1","1","32032","32032","32032","1","1","1","32066","32066","32066"
"267","1","1","1","5376","5376","5376","1","1","1","32145","32145","32145","1","1","1","32242","32242","32242","1","1","1","32036","32036","32036","1","1","1","32070","32070","32070"
"268","1","1","1","5380","5380","5380","1","1","1","32149","32149","32149","1","1","1","32246","32246","32246","1","1","1","32040","32040","32040","1","1","1","32074","32074","32074"
"269","1","1","1","5384","5384","5384","1","1","1","32153","32153","32153","1","1","1","32250","32250","32250","1","1","1","32044","32044","32044","1","1","1","32078","32078","32078"
"270","1","1","1","5543","5543","5543","1","1","1","33190","33190","33190","1","1","1","33287","33287","33287","1","1","1","33080","33080","33080","0.6","0.6","0.6","33120","33120","33120"
"271","1","1","1","5547","5547","5547","1","1","1","33194","33194","33194","1","1","1","33291","33291","33291","1","1","1","33084","33084","33084","1","1","1","33124","33124","33124"
"272","1","1","1","5551","5551","5551","1","1","1","33198","33198","33198","1","1","1","33295","33295","33295","1","1","1","33088","33088","33088","1","1","1","33128","33128","33128"
"273","1","1","1","5555","5555","5555","1","1","1","33202","33202","33202","1","1","1","33299","33299","33299","1","1","1","33092","33092","33092","1","1","1","33132","33132","33132"
"274","1","1","1","5559","5559","5559","1","1","1","33206","33206","33206","1","1","1","33303","33303","33303","1","1","1","33096","33096","33096","0.9","0.9","0.9","33136","33136","33136"
"275","1","1","1","5563","5563","5563","1","1","1","33210","33210","33210","1","1","1","33307","33307","33307","1","1","1","33100","33100","33100","1","1","1","33140","33140","33140"
"276","1","1","1","5567","5567","5567","1","1","1","33214","33214","33214","1","1","1","33311","33311","33311","1","1","1","33104","33104","33104","1","1","1","33144","33144","33144"
"277","1","1","1","5571","5571","5571","1","1","1","33218","33218","33218","1","1","1","33315","33315","33315","1","1","1","33108","33108","33108","1","1","1","33148","33148","33148"
"278","1","1","1","5575","5575","5575","1","1","1","33222","33222","33222","1","1","1","33319","33319","33319","1","1","1","33112","33112","33112","1","1","1","33152","33152","33152"
"279","1","1","1","5774","5774","5774","1","1","1","34263","34263","34263","1","1","1","34357","34357","34357","1","1","1","34149","34149","34149","1","1","1","34188","34188","34188"
"280","1","1","1","5778","5778","5778","1","1","1","34267","34267","34267","1","1","1","34361","34361","34361","1","1","1","34153","34153","34153","1","1","1","34192","34192","34192"
"281","1","1","1","5782","5782","5782","1","1","1","34271","34271","34271","1","1","1","34365","34365","34365","1","1","1","34157","34157","34157","1","1","1","34196","34196","34196"
"282","1","1","1","5786","5786","5786","1","1","1","34275","34275","34275","1","1","1","34369","34369","34369","1","1","1","34161","34161","34161","1","1","1","34200","34200","34200"
"283","1","1","1","5790","5790","5790","1","1","1","34279","34279","34279","1","1","1","34373","34373","34373","0.9","0.9","0.9","34165","34165","34165","1","1","1","34204","34204","34204"
"284","1","1","1","5794","5794","5794","1","1","1","34283","34283","34283","1","1","1","34377","34377","34377","1","1","1","34169","34169","34169","1","1","1","34208","34208","34208"
"285","1","1","1","5798","5798","5798","1","1","1","34287","34287","34287","1","1","1","34381","34381","34381","1","1","1","34173","34173","34173","1","1","1","34212","34212","34212"
"286","1","1","1","5802","5802","5802","1","1","1","34291","34291","34291","1","1","1","34385","34385","34385","1","1","1","34177","34177","34177","1","1","1","34216","34216","34216"
"287","1","1","1","5806","5806","5806","1","1","1","34295","34295","34295","1","1","1","34389","34389","34389","1","1","1","34181","34181","34181","1","1","1","34220","34220","34220"
"288","1","1","1","5958","5958","5958","1","1","1","35332","35332","35332","1","1","1","35428","35428","35428","1","1","1","35216","35216","35216","1","1","1","35256","35256","35256"
"289","1","1","1","5962","5962","5962","1","1","1","35336","35336","35336","1","1","1","35432","35432","35432","1","1","1","35220","35220","35220","1","1","1","35260","35260","35260"
"290","1","1","1","5966","5966","5966","1","1","1","35340","35340","35340","1","1","1","35436","35436","35436","1","1","1","35224","35224","35224","1","1","1","35264","35264","35264"
"291","1","1","1","5970","5970","5970","1","1","1","35344","35344","35344","1","1","1","35440","35440","35440","1","1","1","35228","35228","35228","1","1","1","35268","35268","35268"
"292","1","1","1","5974","5974","5974","1","1","1","35348","35348","35348","1","1","1","35444","35444","35444","1","1","1","35232","35232","35232","1","1","1","35272","35272","35272"
"293","1","1","1","5978","5978","5978","1","1","1","35352","35352","35352","1","1","1","35448","35448","35448","1","1","1","35236","35236","35236","1","1","1","35276","35276","35276"
"294","1","1","1","5982","5982","5982","1","1","1","35356","35356","35356","1","1","1","35452","35452","35452","1","1","1","35240","35240","35240","1","1","1","35280","35280","35280"
"295","1","1","1","5986","5986","5986","1","1","1","35360","35360","35360","1","1","1","35456","35456","35456","1","1","1","35244","35244","35244","1","1","1","35284","35284","35284"
"296","1","1","1","5990","5990","5990","1","1","1","35364","35364","35364","1","1","1","35460","35460","35460","1","1","1","35248","35248","35248","1","1","1","35288","35288","35288"
"297","1","1","1","6164","6164","6164","1","1","1","36401","36401","36401","1","1","1","36498","36498","36498","1","1","1","36284","36284","36284","1","1","1","36325","36325","36325"
"298","1","1","1","6168","6168","6168","1","1","1","36405","36405","36405","1","1","1","36502","36502","36502","1","1","1","36288","36288","36288","1","1","1","36329","36329","36329"
"299","1","1","1","6172","6172","6172","1","1","1","36409","36409","36409","1","1","1","36506","36506","36506","1","1","1","36292","36292","36292","1","1","1","36333","36333","36333"
"300","1","1","1","6176","6176","6176","1","1","1","36413","36413","36413","1","1","1","36510","36510","36510","1","1","1","36296","36296","36296","1","1","1","36337","36337","36337"
"301","1","1","1","6180","6180","6180","1","1","1","36417","36417","36417","1","1","1","36514","36514","36514","1","1","1","36300","36300","36300","1","1","1","36341","36341","36341"
"302","1","1","1","6184","6184","6184","1","1","1","36421","36421","36421","1","1","1","36518","36518","36518","1","1","1","36304","36304","36304","1","1","1","36345","36345","36345"
"303","1","1","1","6188","6188","6188","1","1","1","36425","36425","36425","1","1","1","36522","36522","36522","1","1","1","36308","36308","36308","1","1","1","36349","36349","36349"
"304","1","1","1","6192","6192","6192","1","1","1","36429","36429","36429","1","1","1","36526","36526","36526","1","1","1","36312","36312","36312","1","1","1","36353","36353","36353"
"305","1","1","1","6196","6196","6196","1","1","1","36433","36433","36433","1","1","1","36530","36530","36530","1","1","1","36316","36316","36316","1","1","1","36357","36357","36357"
"306","1","1","1","6358","6358","6358","1","1","1","37469","37469","37469","1","1","1","37567","37567","37567","1","1","1","37352","37352","37352","1","1","1","37393","37393","37393"
"307","1","1","1","6362","6362","6362","1","1","1","37473","37473","37473","1","1","1","37571","37571","37571","1","1","1","37356","37356","37356","1","1","1","37397","37397","37397"
"308","1","1","1","6366","6366","6366","1","1","1","37477","37477","37477","1","1","1","37575","37575","37575","1","1","1","37360","37360","37360","1","1","1","37401","37401","37401"
"309","1","1","1","6370","6370","6370","1","1","1","37481","37481","37481","1","1","1","37579","37579","37579","1","1","1","37364","37364","37364","1","1","1","37405","37405","37405"
"310","1","1","1","6374","6374","6374","1","1","1","37485","37485","37485","1","1","1","37583","37583","37583","1","1","1","37368","37368","37368","1","1","1","37409","37409","37409"
"311","1","1","1","6378","6378","6378","1","1","1","37489","37489","37489","1","1","1","37587","37587","37587","1","1","1","37372","37372","37372","1","1","1","37413","37413","37413"
"312","1","1","1","6382","6382","6382","1","1","1","37493","37493","37493","1","1","1","37591","37591","37591","1","1","1","37376","37376","37376","1","1","1","37417","37417","37417"
"313","1","1","1","6386","6386","6386","1","1","1","37497","37497","37497","1","1","1","37595","37595","37595","1","1","1","37380","37380","37380","1","1","1","37421","37421","37421"
"314","1","1","1","6390","6390","6390","1","1","1","37501","37501","37501","1","1","1","37599","37599","37599","1","1","1","37384","37384","37384","1","1","1","37425","37425","37425"
"315","1","1","1","6539","6539","6539","1","1","1","38542","38542","38542","1","1","1","38638","38638","38638","1","1","1","38420","38420","38420","1","1","1","38461","38461","38461"
"316","1","1","1","6543","6543","6543","1","1","1","38546","38546","38546","1","1","1","38642","38642","38642","1","1","1","38424","38424","38424","1","1","1","38465","38465","38465"
"317","1","1","1","6547","6547","6547","1","1","1","38550","38550","38550","1","1","1","38646","38646","38646","1","1","1","38428","38428","38428","1","1","1","38469","38469","38469"
"318","1","1","1","6551","6551","6551","1","1","1","38554","38554","38554","1","1","1","38650","38650","38650","1","1","1","38432","38432","38432","1","1","1","38473","38473","38473"
"319","1","1","1","6555","6555","6555","1","1","1","38558","38558","38558","1","1","1","38654","38654","38654","1","1","1","38436","38436","38436","1","1","1","38477","38477","38477"
"320","1","1","1","6559","6559","6559","1","1","1","38562","38562","38562","1","1","1","38658","38658","38658","1","1","1","38440","38440","38440","1","1","1","38481","38481","38481"
"321","1","1","1","6563","6563","6563","1","1","1","38566","38566","38566","1","1","1","38662","38662","38662","1","1","1","38444","38444","38444","1","1","1","38485","38485","38485"
"322","1","1","1","6567","6567","6567","1","1","1","38570","38570","38570","1","1","1","38666","38666","38666","1","1","1","38448","38448","38448","1","1","1","38489","38489","38489"
"323","1","1","1","6571","6571","6571","1","1","1","38574","38574","38574","1","1","1","38670","38670","38670","1","1","1","38452","38452","38452","1","1","1","38493","38493","38493"
"324","1","1","1","6734","6734","6734","1","1","1","39611","39611","39611","1","1","1","39707","39707","39707","1","1","1","39488","39488","39488","1","1","1","39529","39529","39529"
"325","1","1","1","6738","6738","6738","1","1","1","39615","39615","39615","1","1","1","39711","39711","39711","1","1","1","39492","39492","39492","1","1","1","39533","39533","39533"
"326","1","1","1","6742","6742","6742","1","1","1","39619","39619","39619","1","1","1","39715","39715","39715","1","1","1","39496","39496","39496","1","1","1","39537","39537","39537"
"327","1","1","1","6746","6746","6746","1","1","1","39623","39623","39623","1","1","1","39719","39719","39719","1","1","1","39500","39500","39500","1","1","1","39541","39541","39541"
"328","1","1","1","6750","6750","6750","1","1","1","39627","39627","39627","1","1","1","39723","39723","39723","1","1","1","39504","39504","39504","1","1","1","39545","39545","39545"
"329","1","1","1","6754","6754","6754","1","1","1","39631","39631","39631","1","1","1","39727","39727","39727","1","1","1","39508","39508","39508","1","1","1","39549","39549","39549"
"330","1","1","1","6758","6758","6758","1","1","1","39635","39635","39635","1","1","1","39731","39731","39731","1","1","1","39512","39512","39512","1","1","1","39553","39553","39553"
"331","1","1","1","6762","6762","6762","1","1","1","39639","39639","39639","1","1","1","39735","39735","39735","1","1","1","39516","39516","39516","1","1","1","39557","39557","39557"
"332","1","1","1","6766","6766","6766","1","1","1","39643","39643","39643","1","1","1","39739","39739","39739","1","1","1","39520","39520","39520","1","1","1","39561","39561","39561"
"333","1","1","1","6942","6942","6942","1","1","1","40679","40679","40679","1","1","1","40776","40776","40776","1","1","1","40557","40557","40557","1","1","1","40598","40598","40598"
"334","1","1","1","6946","6946","6946","1","1","1","40683","40683","40683","1","1","1","40780","40780","40780","1","1","1","40561","40561","40561","1","1","1","40602","40602","40602"
"335","1","1","1","6950","6950","6950","1","1","1","40687","40687","40687","1","1","1","40784","40784","40784","1","1","1","40565","40565","40565","1","1","1","40606","40606","40606"
"336","1","1","1","6954","6954","6954","1","1","1","40691","40691","40691","1","1","1","40788","40788","40788","1","1","1","40569","40569","40569","1","1","1","40610","40610","40610"
"337","1","1","1","6958","6958","6958","1","1","1","40695","40695","40695","1","1","1","40792","40792","40792","1","1","1","40573","40573","40573","1","1","1","40614","40614","40614"
"338","1","1","1","6962","6962","6962","1","1","1","40699","40699","40699","1","1","1","40796","40796","40796","1","1","1","40577","40577","40577","1","1","1","40618","40618","40618"
"339","1","1","1","6966","6966","6966","1","1","1","40703","40703","40703","1","1","1","40800","40800","40800","1","1","1","40581","40581","40581","1","1","1","40622","40622","40622"
"340","1","1","1","6970","6970","6970","1","1","1","40707","40707","40707","1","1","1","40804","40804","40804","1","1","1","40585","40585","40585","1","1","1","40626","40626","40626"
"341","1","1","1","6974","6974","6974","1","1","1","40711","40711","40711","1","1","1","40808","40808","40808","1","1","1","40589","40589","40589","1","1","1","40630","40630","40630"
"342","1","1","1","7128","7128","7128","1","1","1","41747","41747","41747","1","1","1","41846","41846","41846","1","1","1","41625","41625","41625","1","1","1","41666","41666","41666"
"343","1","1","1","7132","7132","7132","1","1","1","41751","41751","41751","1","1","1","41850","41850","41850","1","1","1","41629","41629","41629","1","1","1","41670","41670","41670"
"344","1","1","1","7136","7136","7136","1","1","1","41755","41755","41755","1","1","1","41854","41854","41854","1","1","1","41633","41633","41633","1","1","1","41674","41674","41674"
"345","1","1","1","7140","7140","7140","1","1","1","41759","41759","41759","1","1","1","41858","41858","41858","1","1","1","41637","41637","41637","1","1","1","41678","41678","41678"
"346","1","1","1","7144","7144","7144","1","1","1","41763","41763","41763","1","1","1","41862","41862","41862","1","1","1","41641","41641","41641","1","1","1","41682","41682","41682"
"347","1","1","1","7148","7148","7148","1","1","1","41767","41767","41767","1","1","1","41866","41866","41866","1","1","1","41645","41645","41645","1","1","1","41686","41686","41686"
"348","1","1","1","7152","7152","7152","1","1","1","41771","41771","41771","1","1","1","41870","41870","41870","1","1","1","41649","41649","41649","1","1","1","41690","41690","41690"
"349","1","1","1","7156","7156","7156","1","1","1","41775","41775","41775","1","1","1","41874","41874","41874","1","1","1","41653","41653","41653","1","1","1","41694","41694","41694"
"350","1","1","1","7160","7160","7160","1","1","1","41779","41779","41779","1","1","1","41878","41878","41878","1","1","1","41657","41657","41657","1","1","1","41698","41698","41698"
"351","1","1","1","7310","7310","7310","1","1","1","42815","42815","42815","1","1","1","42915","42915","42915","1","1","1","42693","42693","42693","1","1","1","42744","42744","42744"
"352","1","1","1","7314","7314","7314","1","1","1","42819","42819","42819","1","1","1","42919","42919","42919","1","1","1","42697","42697","42697","1","1","1","42748","42748","42748"
"353","1","1","1","7318","7318","7318","1","1","1","42823","42823","42823","1","1","1","42923","42923","42923","1","1","1","42701","42701","42701","1","1","1","42752","42752","42752"
"354","1","1","1","7322","7322","7322","1","1","1","42827","42827","42827","1","1","1","42927","42927","42927","1","1","1","42705","42705","42705","1","1","1","42756","42756","42756"
"355","1","1","1","7326","7326","7326","1","1","1","42831","42831","42831","1","1","1","42931","42931","42931","1","1","1","42709","42709","42709","1","1","1","42760","42760","42760"
"356","1","1","1","7330","7330","7330","1","1","1","42835","42835","42835","1","1","1","42935","42935","42935","1","1","1","42713","42713","42713","1","1","1","42764","42764","42764"
"357","1","1","1","7334","7334","7334","1","1","1","42839","42839","42839","1","1","1","42939","42939","42939","1","1","1","42717","42717","42717","1","1","1","42768","42768","42768"
"358","1","1","1","7338","7338","7338","1","1","1","42843","42843","42843","1","1","1","42943","42943","42943","1","1","1","42721","42721","42721","1","1","1","42772","42772","42772"
"359","1","1","1","7342","7342","7342","1","1","1","42847","42847","42847","1","1","1","42947","42947","42947","1","1","1","42725","42725","42725","1","1","1","42776","42776","42776"
"360","1","1","1","7492","7492","7492","1","1","1","43889","43889","43889","1","1","1","43984","43984","43984","1","1","1","43762","43762","43762","1","1","1","43818","43818","43818"
"361","1","1","1","7496","7496","7496","1","1","1","43893","43893","43893","1","1","1","43988","43988","43988","1","1","1","43766","43766","43766","1","1","1","43822","43822","43822"
"362","1","1","1","7500","7500","7500","1","1","1","43897","43897","43897","1","1","1","43992","43992","43992","1","1","1","43770","43770","43770","1","1","1","43826","43826","43826"
"363","1","1","1","7504","7504","7504","1","1","1","43901","43901","43901","1","1","1","43996","43996","43996","1","1","1","43774","43774","43774","1","1","1","43830","43830","43830"
"364","1","1","1","7508","7508","7508","1","1","1","43905","43905","43905","1","1","1","44000","44000","44000","1","1","1","43778","43778","43778","1","1","1","43834","43834","43834"
"365","1","1","1","7512","7512","7512","1","1","1","43909","43909","43909","1","1","1","44004","44004","44004","1","1","1","43782","43782","43782","1","1","1","43838","43838","43838"
"366","1","1","1","7516","7516","7516","1","1","1","43913","43913","43913","1","1","1","44008","44008","44008","1","1","1","43786","43786","43786","1","1","1","43842","43842","43842"
"367","1","1","1","7520","7520","7520","1","1","1","43917","43917","43917","1","1","1","44012","44012","44012","1","1","1","43790","43790","43790","1","1","1","43846","43846","43846"
"368","1","1","1","7524","7524","7524","1","1","1","43921","43921","43921","1","1","1","44016","44016","44016","1","1","1","43794","43794","43794","1","1","1","43850","43850","43850"
"369","1","1","1","7680","7680","7680","1","1","1","44957","44957","44957","1","1","1","45054","45054","45054","1","1","1","44830","44830","44830","1","1","1","44886","44886","44886"
"370","1","1","1","7684","7684","7684","1","1","1","44961","44961","44961","1","1","1","45058","45058","45058","1","1","1","44834","44834","44834","1","1","1","44890","44890","44890"
"371","1","1","1","7688","7688","7688","1","1","1","44965","44965","44965","1","1","1","45062","45062","45062","1","1","1","44838","44838","44838","1","1","1","44894","44894","44894"
"372","1","1","1","7692","7692","7692","1","1","1","44969","44969","44969","1","1","1","45066","45066","45066","1","1","1","44842","44842","44842","1","1","1","44898","44898","44898"
"373","1","1","1","7696","7696","7696","1","1","1","44973","44973","44973","1","1","1","45070","45070","45070","1","1","1","44846","44846","44846","1","1","1","44902","44902","44902"
"374","1","1","1","7700","7700","7700","1","1","1","44977","44977","44977","1","1","1","45074","45074","45074","1","1","1","44850","44850","44850","1","1","1","44906","44906","44906"
"375","1","1","1","7704","7704","7704","1","1","1","44981","44981","44981","1","1","1","45078","45078","45078","1","1","1","44854","44854","44854","1","1","1","44910","44910","44910"
"376","1","1","1","7708","7708","7708","1","1","1","44985","44985","44985","1","1","1","45082","45082","45082","1","1","1","44858","44858","44858","1","1","1","44914","44914","44914"
"377","1","1","1","7712","7712","7712","1","1","1","44989","44989","44989","1","1","1","45086","45086","45086","1","1","1","44862","44862","44862","1","1","1","44918","44918","44918"
"378","1","1","1","7877","7877","7877","1","1","1","46025","46025","46025","1","1","1","46128","46128","46128","1","1","1","45903","45903","45903","1","1","1","45954","45954","45954"
"379","1","1","1","7881","7881","7881","1","1","1","46029","46029","46029","1","1","1","46132","46132","46132","1","1","1","45907","45907","45907","1","1","1","45958","45958","45958"
"380","1","1","1","7885","7885","7885","1","1","1","46033","46033","46033","1","1","1","46136","46136","46136","1","1","1","45911","45911","45911","1","1","1","45962","45962","45962"
"381","1","1","1","7889","7889","7889","1","1","1","46037","46037","46037","1","1","1","46140","46140","46140","1","1","1","45915","45915","45915","1","1","1","45966","45966","45966"
"382","1","1","1","7893","7893","7893","1","1","1","46041","46041","46041","1","1","1","46144","46144","46144","1","1","1","45919","45919","45919","1","1","1","45970","45970","45970"
"383","1","1","1","7897","7897","7897","1","1","1","46045","46045","46045","1","1","1","46148","46148","46148","1","1","1","45923","45923","45923","1","1","1","45974","45974","45974"
"384","1","1","1","7901","7901","7901","1","1","1","46049","46049","46049","1","1","1","46152","46152","46152","1","1","1","45927","45927","45927","1","1","1","45978","45978","45978"
"385","1","1","1","7905","7905","7905","1","1","1","46053","46053","46053","1","1","1","46156","46156","46156","1","1","1","45931","45931","45931","1","1","1","45982","45982","45982"
"386","1","1","1","7909","7909","7909","1","1","1","46057","46057","46057","1","1","1","46160","46160","46160","1","1","1","45935","45935","45935","1","1","1","45986","45986","45986"
"387","1","1","1","8062","8062","8062","1","1","1","47094","47094","47094","1","1","1","47202","47202","47202","1","1","1","46972","46972","46972","1","1","1","47033","47033","47033"
"388","1","1","1","8066","8066","8066","1","1","1","47098","47098","47098","1","1","1","47206","47206","47206","0.6","0.6","0.6","46976","46976","46976","1","1","1","47037","47037","47037"
"389","1","1","1","8070","8070","8070","1","1","1","47102","47102","47102","1","1","1","47210","47210","47210","1","1","1","46980","46980","46980","1","1","1","47041","47041","47041"
"390","1","1","1","8074","8074","8074","1","1","1","47106","47106","47106","1","1","1","47214","47214","47214","1","1","1","46984","46984","46984","1","1","1","47045","47045","47045"
"391","1","1","1","8078","8078","8078","1","1","1","47110","47110","47110","1","1","1","47218","47218","47218","1","1","1","46988","46988","46988","1","1","1","47049","47049","47049"
"392","1","1","1","8082","8082","8082","1","1","1","47114","47114","47114","1","1","1","47222","47222","47222","1","1","1","46992","46992","46992","1","1","1","47053","47053","47053"
"393","1","1","1","8086","8086","8086","1","1","1","47118","47118","47118","1","1","1","47226","47226","47226","1","1","1","46996","46996","46996","1","1","1","47057","47057","47057"
"394","1","1","1","8090","8090","8090","1","1","1","47122","47122","47122","1","1","1","47230","47230","47230","1","1","1","47000","47000","47000","1","1","1","47061","47061","47061"
"395","1","1","1","8094","8094","8094","1","1","1","47126","47126","47126","1","1","1","47234","47234","47234","1","1","1","47004","47004","47004","1","1","1","47065","47065","47065"
"396","1","1","1","8253","8253","8253","1","1","1","48162","48162","48162","1","1","1","48276","48276","48276","1","1","1","48039","48039","48039","1","1","1","48101","48101","48101"
"397","1","1","1","8257","8257","8257","1","1","1","48166","48166","48166","1","1","1","48280","48280","48280","1","1","1","48043","48043","48043","1","1","1","48105","48105","48105"
"398","1","1","1","8261","8261","8261","1","1","1","48170","48170","48170","1","1","1","48284","48284","48284","1","1","1","48047","48047","48047","0.8","0.8","0.8","48109","48109","48109"
"399","1","1","1","8265","8265","8265","1","1","1","48174","48174","48174","1","1","1","48288","48288","48288","1","1","1","48051","48051","48051","1","1","1","48113","48113","48113"
"400","1","1","1","8269","8269","8269","1","1","1","48178","48178","48178","1","1","1","48292","48292","48292","1","1","1","48055","48055","48055","1","1","1","48117","48117","48117"
"401","1","1","1","8273","8273","8273","1","1","1","48182","48182","48182","1","1","1","48296","48296","48296","1","1","1","48059","48059","48059","1","1","1","48121","48121","48121"
"402","1","1","1","8277","8277","8277","1","1","1","48186","48186","48186","1","1","1","48300","48300","48300","1","1","1","48063","48063","48063","1","1","1","48125","48125","48125"
"403","1","1","1","8281","8281","8281","1","1","1","48190","48190","48190","1","1","1","48304","48304","48304","1","1","1","48067","48067","48067","1","1","1","48129","48129","48129"
"404","1","1","1","8285","8285","8285","1","1","1","48194","48194","48194","1","1","1","48308","48308","48308","1","1","1","48071","48071","48071","1","1","1","48133","48133","48133"
"405","1","1","1","8449","8449","8449","1","1","1","49230","49230","49230","1","1","1","49345","49345","49345","1","1","1","49112","49112","49112","1","1","1","49168","49168","49168"
"406","1","1","1","8453","8453","8453","1","1","1","49234","49234","49234","1","1","1","49349","49349","49349","1","1","1","49116","49116","49116","1","1","1","49172","49172","49172"
"407","1","1","1","8457","8457","8457","1","1","1","49238","49238","49238","1","1","1","49353","49353","49353","1","1","1","49120","49120","49120","1","1","1","49176","49176","49176"
"408","1","1","1","8461","8461","8461","1","1","1","49242","49242","49242","1","1","1","49357","49357","49357","0.9","0.9","0.9","49124","49124","49124","1","1","1","49180","49180","49180"
"409","1","1","1","8465","8465","8465","1","1","1","49246","49246","49246","1","1","1","49361","49361","49361","1","1","1","49128","49128","49128","1","1","1","49184","49184","49184"
"410","1","1","1","8469","8469","8469","1","1","1","49250","49250","49250","1","1","1","49365","49365","49365","1","1","1","49132","49132","49132","1","1","1","49188","49188","49188"
"411","1","1","1","8473","8473","8473","1","1","1","49254","49254","49254","1","1","1","49369","49369","49369","1","1","1","49136","49136","49136","1","1","1","49192","49192","49192"
"412","1","1","1","8477","8477","8477","1","1","1","49258","49258","49258","1","1","1","49373","49373","49373","1","1","1","49140","49140","49140","1","1","1","49196","49196","49196"
"413","1","1","1","8481","8481","8481","1","1","1","49262","49262","49262","1","1","1","49377","49377","49377","1","1","1","49144","49144","49144","1","1","1","49200","49200","49200"
"414","1","1","1","8654","8654","8654","1","1","1","50298","50298","50298","1","1","1","50413","50413","50413","1","1","1","50184","50184","50184","1","1","1","50237","50237","50237"
"415","1","1","1","8658","8658","8658","1","1","1","50302","50302","50302","1","1","1","50417","50417","50417","1","1","1","50188","50188","50188","1","1","1","50241","50241","50241"
"416","1","1","1","8662","8662","8662","1","1","1","50306","50306","50306","1","1","1","50421","50421","50421","1","1","1","50192","50192","50192","1","1","1","50245","50245","50245"
"417","1","1","1","8666","8666","8666","1","1","1","50310","50310","50310","1","1","1","50425","50425","50425","1","1","1","50196","50196","50196","1","1","1","50249","50249","50249"
"418","1","1","1","8670","8670","8670","1","1","1","50314","50314","50314","1","1","1","50429","50429","50429","1","1","1","50200","50200","50200","1","1","1","50253","50253","50253"
"419","1","1","1","8674","8674","8674","1","1","1","50318","50318","50318","1","1","1","50433","50433","50433","1","1","1","50204","50204","50204","1","1","1","50257","50257","50257"
"420","1","1","1","8678","8678","8678","1","1","1","50322","50322","50322","1","1","1","50437","50437","50437","1","1","1","50208","50208","50208","1","1","1","50261","50261","50261"
"421","1","1","1","8682","8682","8682","1","1","1","50326","50326","50326","1","1","1","50441","50441","50441","1","1","1","50212","50212","50212","1","1","1","50265","50265","50265"
"422","1","1","1","8686","8686","8686","1","1","1","50330","50330","50330","1","1","1","50445","50445","50445","1","1","1","50216","50216","50216","1","1","1","50269","50269","50269"
"423","1","1","1","8847","8847","8847","1","1","1","51372","51372","51372","1","1","1","51482","51482","51482","1","1","1","51252","51252","51252","1","1","1","51305","51305","51305"
"424","1","1","1","8851","8851","8851","1","1","1","51376","51376","51376","1","1","1","51486","51486","51486","1","1","1","51256","51256","51256","1","1","1","51309","51309","51309"
"425","1","1","1","8855","8855","8855","1","1","1","51380","51380","51380","1","1","1","51490","51490","51490","1","1","1","51260","51260","51260","1","1","1","51313","51313","51313"
"426","1","1","1","8859","8859","8859","1","1","1","51384","51384","51384","1","1","1","51494","51494","51494","1","1","1","51264","51264","51264","1","1","1","51317","51317","51317"
"427","1","1","1","8863","8863","8863","1","1","1","51388","51388","51388","1","1","1","51498","51498","51498","1","1","1","51268","51268","51268","1","1","1","51321","51321","51321"
"428","1","1","1","8867","8867","8867","1","1","1","51392","51392","51392","1","1","1","51502","51502","51502","1","1","1","51272","51272","51272","1","1","1","51325","51325","51325"
"429","1","1","1","8871","8871","8871","1","1","1","51396","51396","51396","1","1","1","51506","51506","51506","1","1","1","51276","51276","51276","1","1","1","51329","51329","51329"
"430","1","1","1","8875","8875","8875","1","1","1","51400","51400","51400","1","1","1","51510","51510","51510","1","1","1","51280","51280","51280","1","1","1","51333","51333","51333"
"431","1","1","1","8879","8879","8879","1","1","1","51404","51404","51404","1","1","1","51514","51514","51514","1","1","1","51284","51284","51284","1","1","1","51337","51337","51337"
"432","1","1","1","9028","9028","9028","1","1","1","52441","52441","52441","1","1","1","52551","52551","52551","1","1","1","52321","52321","52321","1","1","1","52374","52374","52374"
"433","1","1","1","9032","9032","9032","1","1","1","52445","52445","52445","1","1","1","52555","52555","52555","1","1","1","52325","52325","52325","1","1","1","52378","52378","52378"
"434","1","1","1","9036","9036","9036","1","1","1","52449","52449","52449","1","1","1","52559","52559","52559","1","1","1","52329","52329","52329","1","1","1","52382","52382","52382"
"435","1","1","1","9040","9040","9040","1","1","1","52453","52453","52453","1","1","1","52563","52563","52563","1","1","1","52333","52333","52333","1","1","1","52386","52386","52386"
"436","1","1","1","9044","9044","9044","1","1","1","52457","52457","52457","1","1","1","52567","52567","52567","1","1","1","52337","52337","52337","1","1","1","52390","52390","52390"
"437","1","1","1","9048","9048","9048","1","1","1","52461","52461","52461","1","1","1","52571","52571","52571","1","1","1","52341","52341","52341","1","1","1","52394","52394","52394"
"438","1","1","1","9052","9052","9052","1","1","1","52465","52465","52465","1","1","1","52575","52575","52575","1","1","1","52345","52345","52345","1","1","1","52398","52398","52398"
"439","1","1","1","9056","9056","9056","1","1","1","52469","52469","52469","1","1","1","52579","52579","52579","1","1","1","52349","52349","52349","1","1","1","52402","52402","52402"
"440","1","1","1","9060","9060","9060","1","1","1","52473","52473","52473","1","1","1","52583","52583","52583","1","1","1","52353","52353","52353","1","1","1","52406","52406","52406"
"441","1","1","1","9210","9210","9210","1","1","1","53509","53509","53509","1","1","1","53620","53620","53620","1","1","1","53389","53389","53389","1","1","1","53442","53442","53442"
"442","1","1","1","9214","9214","9214","1","1","1","53513","53513","53513","1","1","1","53624","53624","53624","1","1","1","53393","53393","53393","1","1","1","53446","53446","53446"
"443","1","1","1","9218","9218","9218","1","1","1","53517","53517","53517","1","1","1","53628","53628","53628","1","1","1","53397","53397","53397","1","1","1","53450","53450","53450"
"444","1","1","1","9222","9222","9222","1","1","1","53521","53521","53521","1","1","1","53632","53632","53632","1","1","1","53401","53401","53401","1","1","1","53454","53454","53454"
"445","1","1","1","9226","9226","9226","1","1","1","53525","53525","53525","1","1","1","53636","53636","53636","0.9","0.9","0.9","53405","53405","53405","1","1","1","53458","53458","53458"
"446","1","1","1","9230","9230","9230","1","1","1","53529","53529","53529","1","1","1","53640","53640","53640","1","1","1","53409","53409","53409","1","1","1","53462","53462","53462"
"447","1","1","1","9234","9234","9234","1","1","1","53533","53533","53533","1","1","1","53644","53644","53644","1","1","1","53413","53413","53413","1","1","1","53466","53466","53466"
"448","1","1","1","9238","9238","9238","1","1","1","53537","53537","53537","1","1","1","53648","53648","53648","1","1","1","53417","53417","53417","1","1","1","53470","53470","53470"
"449","1","1","1","9242","9242","9242","1","1","1","53541","53541","53541","1","1","1","53652","53652","53652","1","1","1","53421","53421","53421","1","1","1","53474","53474","53474"
"450","1","1","1","9404","9404","9404","1","1","1","54577","54577","54577","1","1","1","54694","54694","54694","1","1","1","54457","54457","54457","1","1","1","54510","54510","54510"
"451","1","1","1","9408","9408","9408","1","1","1","54581","54581","54581","1","1","1","54698","54698","54698","1","1","1","54461","54461","54461","1","1","1","54514","54514","54514"
"452","1","1","1","9412","9412","9412","1","1","1","54585","54585","54585","1","1","1","54702","54702","54702","1","1","1","54465","54465","54465","1","1","1","54518","54518","54518"
"453","1","1","1","9416","9416","9416","1","1","1","54589","54589","54589","1","1","1","54706","54706","54706","1","1","1","54469","54469","54469","1","1","1","54522","54522","54522"
"454","1","1","1","9420","9420","9420","1","1","1","54593","54593","54593","1","1","1","54710","54710","54710","1","1","1","54473","54473","54473","1","1","1","54526","54526","54526"
"455","1","1","1","9424","9424","9424","1","1","1","54597","54597","54597","1","1","1","54714","54714","54714","1","1","1","54477","54477","54477","1","1","1","54530","54530","54530"
"456","1","1","1","9428","9428","9428","1","1","1","54601","54601","54601","1","1","1","54718","54718","54718","1","1","1","54481","54481","54481","1","1","1","54534","54534","54534"
"457","1","1","1","9432","9432","9432","1","1","1","54605","54605","54605","1","1","1","54722","54722","54722","1","1","1","54485","54485","54485","1","1","1","54538","54538","54538"
"458","1","1","1","9436","9436","9436","1","1","1","54609","54609","54609","1","1","1","54726","54726","54726","1","1","1","54489","54489","54489","1","1","1","54542","54542","54542"
"459","1","1","1","9602","9602","9602","1","1","1","55650","55650","55650","1","1","1","55762","55762","55762","1","1","1","55525","55525","55525","1","1","1","55578","55578","55578"
"460","1","1","1","9606","9606","9606","1","1","1","55654","55654","55654","1","1","1","55766","55766","55766","1","1","1","55529","55529","55529","1","1","1","55582","55582","55582"
"461","1","1","1","9610","9610","9610","1","1","1","55658","55658","55658","1","1","1","55770","55770","55770","1","1","1","55533","55533","55533","1","1","1","55586","55586","55586"
"462","1","1","1","9614","9614","9614","1","1","1","55662","55662","55662","1","1","1","55774","55774","55774","1","1","1","55537","55537","55537","1","1","1","55590","55590","55590"
"463","1","1","1","9618","9618","9618","1","1","1","55666","55666","55666","1","1","1","55778","55778","55778","1","1","1","55541","55541","55541","1","1","1","55594","55594","55594"
"464","1","1","1","9622","9622","9622","1","1","1","55670","55670","55670","1","1","1","55782","55782","55782","1","1","1","55545","55545","55545","1","1","1","55598","55598","55598"
"465","1","1","1","9626","9626","9626","1","1","1","55674","55674","55674","1","1","1","55786","55786","55786","1","1","1","55549","55549","55549","1","1","1","55602","55602","55602"
"466","1","1","1","9630","9630","9630","1","1","1","55678","55678","55678","1","1","1","55790","55790","55790","1","1","1","55553","55553","55553","1","1","1","55606","55606","55606"
"467","1","1","1","9634","9634","9634","1","1","1","55682","55682","55682","1","1","1","55794","55794","55794","1","1","1","55557","55557","55557","1","1","1","55610","55610","55610"
"468","1","1","1","9781","9781","9781","1","1","1","56719","56719","56719","1","1","1","56831","56831","56831","1","1","1","56593","56593","56593","1","1","1","56647","56647","56647"
"469","1","1","1","9785","9785","9785","1","1","1","56723","56723","56723","1","1","1","56835","56835","56835","1","1","1","56597","56597","56597","1","1","1","56651","56651","56651"
"470","1","1","1","9789","9789","9789","1","1","1","56727","56727","56727","1","1","1","56839","56839","56839","1","1","1","56601","56601","56601","1","1","1","56655","56655","56655"
"471","1","1","1","9793","9793","9793","1","1","1","56731","56731","56731","1","1","1","56843","56843","56843","1","1","1","56605","56605","56605","1","1","1","56659","56659","56659"
"472","1","1","1","9797","9797","9797","1","1","1","56735","56735","56735","1","1","1","56847","56847","56847","1","1","1","56609","56609","56609","1","1","1","56663","56663","56663"
"473","1","1","1","9801","9801","9801","1","1","1","56739","56739","56739","1","1","1","56851","56851","56851","1","1","1","56613","56613","56613","1","1","1","56667","56667","56667"
"474","1","1","1","9805","9805","9805","1","1","1","56743","56743","56743","1","1","1","56855","56855","56855","1","1","1","56617","56617","56617","1","1","1","56671","56671","56671"
"475","1","1","1","9809","9809","9809","1","1","1","56747","56747","56747","1","1","1","56859","56859","56859","1","1","1","56621","56621","56621","1","1","1","56675","56675","56675"
"476","1","1","1","9813","9813","9813","1","1","1","56751","56751","56751","1","1","1","56863","56863","56863","1","1","1","56625","56625","56625","1","1","1","56679","56679","56679"
"477","1","1","1","9963","9963","9963","1","1","1","57792","57792","57792","1","1","1","57899","57899","57899","1","1","1","57667","57667","57667","1","1","1","57715","57715","57715"
"478","1","1","1","9967","9967","9967","1","1","1","57796","57796","57796","1","1","1","57903","57903","57903","1","1","1","57671","57671","57671","1","1","1","57719","57719","57719"
"479","1","1","1","9971","9971","9971","1","1","1","57800","57800","57800","1","1","1","57907","57907","57907","1","1","1","57675","57675","57675","1","1","1","57723","57723","57723"
"480","1","1","1","9975","9975","9975","1","1","1","57809","57809","57809","1","1","1","57911","57911","57911","1","1","1","57679","57679","57679","1","1","1","57727","57727","57727"
"481","1","1","1","9979","9979","9979","1","1","1","57813","57813","57813","1","1","1","57915","57915","57915","1","1","1","57683","57683","57683","1","1","1","57731","57731","57731"
"482","1","1","1","9983","9983","9983","1","1","1","57817","57817","57817","1","1","1","57919","57919","57919","1","1","1","57687","57687","57687","1","1","1","57735","57735","57735"
"483","1","1","1","9987","9987","9987","1","1","1","57821","57821","57821","1","1","1","57923","57923","57923","1","1","1","57691","57691","57691","1","1","1","57739","57739","57739"
"484","1","1","1","9991","9991","9991","1","1","1","57825","57825","57825","1","1","1","57927","57927","57927","1","1","1","57695","57695","57695","1","1","1","57743","57743","57743"
"485","1","1","1","9995","9995","9995","1","1","1","57829","57829","57829","1","1","1","57931","57931","57931","1","1","1","57699","57699","57699","1","1","1","57747","57747","57747"
"486","1","1","1","10151","10151","10151","1","1","1","58866","58866","58866","1","1","1","58968","58968","58968","1","1","1","58735","58735","58735","1","1","1","58783","58783","58783"
"487","1","1","1","10155","10155","10155","1","1","1","58870","58870","58870","1","1","1","58972","58972","58972","0.8","0.8","0.8","58739","58739","58739","1","1","1","58787","58787","58787"
"488","1","1","1","10159","10159","10159","1","1","1","58874","58874","58874","1","1","1","58976","58976","58976","1","1","1","58743","58743","58743","1","1","1","58791","58791","58791"
"489","1","1","1","10163","10163","10163","1","1","1","58878","58878","58878","1","1","1","58980","58980","58980","1","1","1","58747","58747","58747","1","1","1","58795","58795","58795"
"490","1","1","1","10167","10167","10167","1","1","1","58882","58882","58882","1","1","1","58984","58984","58984","1","1","1","58751","58751","58751","1","1","1","58799","58799","58799"
"491","1","1","1","10171","10171","10171","1","1","1","58886","58886","58886","1","1","1","58988","58988","58988","1","1","1","58755","58755","58755","1","1","1","58803","58803","58803"
"492","1","1","1","10175","10175","10175","1","1","1","58890","58890","58890","1","1","1","58992","58992","58992","1","1","1","58759","58759","58759","1","1","1","58807","58807","58807"
"493","1","1","1","10179","10179","10179","1","1","1","58894","58894","58894","1","1","1","58996","58996","58996","1","1","1","58763","58763","58763","1","1","1","58811","58811","58811"
"494","1","1","1","10183","10183","10183","1","1","1","58898","58898","58898","1","1","1","59000","59000","59000","1","1","1","58767","58767","58767","1","1","1","58815","58815","58815"
"495","1","1","1","10345","10345","10345","1","1","1","59934","59934","59934","1","1","1","60036","60036","60036","1","1","1","59802","59802","59802","1","1","1","59852","59852","59852"
"496","1","1","1","10349","10349","10349","1","1","1","59938","59938","59938","1","1","1","60040","60040","60040","1","1","1","59806","59806","59806","1","1","1","59856","59856","59856"
"497","1","1","1","10353","10353","10353","0.8","0.8","0.8","59942","59942","59942","1","1","1","60044","60044","60044","1","1","1","59810","59810","59810","1","1","1","59860","59860","59860"
"498","1","1","1","10357","10357","10357","1","1","1","59946","59946","59946","1","1","1","60048","60048","60048","1","1","1","59814","59814","59814","1","1","1","59864","59864","59864"
"499","1","1","1","10361","10361","10361","0.9","0.9","0.9","59950","59950","59950","1","1","1","60052","60052","60052","1","1","1","59818","59818","59818","1","1","1","59868","59868","59868"
"500","1","1","1","10365","10365","10365","1","1","1","59954","59954","59954","1","1","1","60056","60056","60056","1","1","1","59822","59822","59822","1","1","1","59872","59872","59872"
"501","1","1","1","10369","10369","10369","1","1","1","59958","59958","59958","1","1","1","60060","60060","60060","1","1","1","59826","59826","59826","1","1","1","59876","59876","59876"
"502","1","1","1","10373","10373","10373","1","1","1","59962","59962","59962","1","1","1","60064","60064","60064","1","1","1","59830","59830","59830","1","1","1","59880","59880","59880"
"503","1","1","1","10377","10377","10377","1","1","1","59966","59966","59966","1","1","1","60068","60068","60068","1","1","1","59834","59834","59834","1","1","1","59884","59884","59884"
"504","1","1","1","10533","10533","10533","1","1","1","61006","61006","61006","1","1","1","61104","61104","61104","1","1","1","60881","60881","60881","1","1","1","60920","60920","60920"
"505","1","1","1","10537","10537","10537","1","1","1","61010","61010","61010","1","1","1","61108","61108","61108","1","1","1","60885","60885","60885","1","1","1","60924","60924","60924"
"506","1","1","1","10541","10541","10541","1","1","1","61014","61014","61014","1","1","1","61112","61112","61112","1","1","1","60889","60889","60889","1","1","1","60928","60928","60928"
"507","1","1","1","10545","10545","10545","1","1","1","61018","61018","61018","1","1","1","61116","61116","61116","1","1","1","60893","60893","60893","1","1","1","60932","60932","60932"
"508","1","1","1","10549","10549","10549","1","1","1","61022","61022","61022","1","1","1","61120","61120","61120","1","1","1","60897","60897","60897","1","1","1","60936","60936","60936"
"509","1","1","1","10553","10553","10553","1","1","1","61026","61026","61026","1","1","1","61124","61124","61124","1","1","1","60901","60901","60901","1","1","1","60940","60940","60940"
"510","1","1","1","10557","10557","10557","1","1","1","61030","61030","61030","1","1","1","61128","61128","61128","1","1","1","60905","60905","60905","1","1","1","60944","60944","60944"
"511","1","1","1","10561","10561","10561","1","1","1","61034","61034","61034","1","1","1","61132","61132","61132","1","1","1","60909","60909","60909","1","1","1","60948","60948","60948"
"512","1","1","1","10565","10565","10565","1","1","1","61038","61038","61038","1","1","1","61136","61136","61136","1","1","1","60913","60913","60913","1","1","1","60952","60952","60952"
"513","1","1","1","10719","10719","10719","1","1","1","62074","62074","62074","1","1","1","62173","62173","62173","1","1","1","61949","61949","61949","1","1","1","61988","61988","61988"
"514","1","1","1","10723","10723","10723","1","1","1","62078","62078","62078","1","1","1","62177","62177","62177","1","1","1","61953","61953","61953","1","1","1","61992","61992","61992"
"515","1","1","1","10727","10727","10727","1","1","1","62082","62082","62082","1","1","1","62181","62181","62181","1","1","1","61957","61957","61957","1","1","1","61996","61996","61996"
"516","1","1","1","10731","10731","10731","1","1","1","62086","62086","62086","1","1","1","62185","62185","62185","1","1","1","61961","61961","61961","1","1","1","62000","62000","62000"
"517","1","1","1","10735","10735","10735","1","1","1","62090","62090","62090","1","1","1","62189","62189","62189","1","1","1","61965","61965","61965","1","1","1","62004","62004","62004"
"518","1","1","1","10739","10739","10739","1","1","1","62094","62094","62094","1","1","1","62193","62193","62193","1","1","1","61969","61969","61969","1","1","1","62008","62008","62008"
"519","1","1","1","10743","10743","10743","1","1","1","62098","62098","62098","1","1","1","62197","62197","62197","1","1","1","61973","61973","61973","1","1","1","62012","62012","62012"
"520","1","1","1","10747","10747","10747","1","1","1","62102","62102","62102","1","1","1","62201","62201","62201","1","1","1","61977","61977","61977","1","1","1","62016","62016","62016"
"521","1","1","1","10751","10751","10751","1","1","1","62106","62106","62106","1","1","1","62205","62205","62205","1","1","1","61981","61981","61981","1","1","1","62020","62020","62020"
"522","1","1","1","10903","10903","10903","1","1","1","63143","63143","63143","1","1","1","63241","63241","63241","1","1","1","63017","63017","63017","1","1","1","63056","63056","63056"
"523","1","1","1","10907","10907","10907","1","1","1","63147","63147","63147","1","1","1","63245","63245","63245","1","1","1","63021","63021","63021","1","1","1","63060","63060","63060"
"524","1","1","1","10911","10911","10911","1","1","1","63151","63151","63151","1","1","1","63249","63249","63249","1","1","1","63025","63025","63025","1","1","1","63064","63064","63064"
"525","1","1","1","10915","10915","10915","1","1","1","63155","63155","63155","1","1","1","63253","63253","63253","1","1","1","63029","63029","63029","1","1","1","63068","63068","63068"
"526","1","1","1","10919","10919","10919","1","1","1","63159","63159","63159","1","1","1","63257","63257","63257","1","1","1","63033","63033","63033","1","1","1","63072","63072","63072"
"527","1","1","1","10923","10923","10923","1","1","1","63163","63163","63163","1","1","1","63261","63261","63261","1","1","1","63037","63037","63037","1","1","1","63076","63076","63076"
"528","1","1","1","10927","10927","10927","1","1","1","63167","63167","63167","1","1","1","63265","63265","63265","1","1","1","63041","63041","63041","1","1","1","63080","63080","63080"
"529","1","1","1","10931","10931","10931","1","1","1","63171","63171","63171","1","1","1","63269","63269","63269","1","1","1","63045","63045","63045","1","1","1","63084","63084","63084"
"530","1","1","1","10935","10935","10935","1","1","1","63175","63175","63175","1","1","1","63273","63273","63273","1","1","1","63049","63049","63049","1","1","1","63088","63088","63088"
"531","1","1","1","11089","11089","11089","1","1","1","64211","64211","64211","1","1","1","64310","64310","64310","1","1","1","64085","64085","64085","1","1","1","64124","64124","64124"
"532","1","1","1","11093","11093","11093","1","1","1","64215","64215","64215","1","1","1","64314","64314","64314","1","1","1","64089","64089","64089","1","1","1","64128","64128","64128"
"533","1","1","1","11097","11097","11097","1","1","1","64219","64219","64219","1","1","1","64318","64318","64318","1","1","1","64093","64093","64093","1","1","1","64132","64132","64132"
"534","1","1","1","11101","11101","11101","1","1","1","64223","64223","64223","1","1","1","64322","64322","64322","1","1","1","64097","64097","64097","1","1","1","64136","64136","64136"
"535","1","1","1","11105","11105","11105","1","1","1","64227","64227","64227","1","1","1","64326","64326","64326","1","1","1","64101","64101","64101","1","1","1","64140","64140","64140"
"536","1","1","1","11109","11109","11109","1","1","1","64231","64231","64231","1","1","1","64330","64330","64330","1","1","1","64105","64105","64105","1","1","1","64144","64144","64144"
"537","1","1","1","11113","11113","11113","1","1","1","64235","64235","64235","1","1","1","64334","64334","64334","1","1","1","64109","64109","64109","1","1","1","64148","64148","64148"
"538","1","1","1","11117","11117","11117","1","1","1","64239","64239","64239","1","1","1","64338","64338","64338","1","1","1","64113","64113","64113","1","1","1","64152","64152","64152"
"539","1","1","1","11121","11121","11121","1","1","1","64243","64243","64243","1","1","1","64342","64342","64342","1","1","1","64117","64117","64117","1","1","1","64156","64156","64156"
"540","1","1","1","11284","11284","11284","1","1","1","65279","65279","65279","1","1","1","65378","65378","65378","1","1","1","65154","65154","65154","1","1","1","65193","65193","65193"
"541","1","1","1","11288","11288","11288","1","1","1","65283","65283","65283","1","1","1","65382","65382","65382","1","1","1","65158","65158","65158","1","1","1","65197","65197","65197"
"542","1","1","1","11292","11292","11292","1","1","1","65287","65287","65287","1","1","1","65386","65386","65386","1","1","1","65162","65162","65162","1","1","1","65201","65201","65201"
"543","1","1","1","11296","11296","11296","1","1","1","65291","65291","65291","1","1","1","65390","65390","65390","0.9","0.9","0.9","65166","65166","65166","1","1","1","65205","65205","65205"
"544","1","1","1","11300","11300","11300","1","1","1","65295","65295","65295","1","1","1","65394","65394","65394","1","1","1","65170","65170","65170","1","1","1","65209","65209","65209"
"545","1","1","1","11304","11304","11304","1","1","1","65299","65299","65299","1","1","1","65398","65398","65398","1","1","1","65174","65174","65174","1","1","1","65213","65213","65213"
"546","1","1","1","11308","11308","11308","1","1","1","65303","65303","65303","1","1","1","65402","65402","65402","1","1","1","65178","65178","65178","1","1","1","65217","65217","65217"
"547","1","1","1","11312","11312","11312","1","1","1","65307","65307","65307","1","1","1","65406","65406","65406","1","1","1","65182","65182","65182","1","1","1","65221","65221","65221"
"548","1","1","1","11316","11316","11316","1","1","1","65311","65311","65311","1","1","1","65410","65410","65410","1","1","1","65186","65186","65186","1","1","1","65225","65225","65225"
"549","1","1","1","11471","11471","11471","1","1","1","66347","66347","66347","1","1","1","66452","66452","66452","1","1","1","66221","66221","66221","1","1","1","66261","66261","66261"
"550","1","1","1","11475","11475","11475","1","1","1","66351","66351","66351","1","1","1","66456","66456","66456","1","1","1","66225","66225","66225","1","1","1","66265","66265","66265"
"551","1","1","1","11479","11479","11479","1","1","1","66355","66355","66355","1","1","1","66460","66460","66460","1","1","1","66229","66229","66229","1","1","1","66269","66269","66269"
"552","1","1","1","11483","11483","11483","1","1","1","66364","66364","66364","1","1","1","66464","66464","66464","1","1","1","66233","66233","66233","1","1","1","66273","66273","66273"
"553","1","1","1","11487","11487","11487","1","1","1","66368","66368","66368","1","1","1","66468","66468","66468","1","1","1","66237","66237","66237","1","1","1","66277","66277","66277"
"554","1","1","1","11491","11491","11491","1","1","1","66372","66372","66372","1","1","1","66472","66472","66472","1","1","1","66241","66241","66241","1","1","1","66281","66281","66281"
"555","1","1","1","11495","11495","11495","1","1","1","66376","66376","66376","1","1","1","66476","66476","66476","1","1","1","66245","66245","66245","1","1","1","66285","66285","66285"
"556","1","1","1","11499","11499","11499","1","1","1","66380","66380","66380","1","1","1","66480","66480","66480","1","1","1","66249","66249","66249","1","1","1","66289","66289","66289"
"557","1","1","1","11503","11503","11503","1","1","1","66384","66384","66384","1","1","1","66484","66484","66484","1","1","1","66253","66253","66253","1","1","1","66293","66293","66293"
"558","1","1","1","11659","11659","11659","1","1","1","67420","67420","67420","1","1","1","67521","67521","67521","1","1","1","67289","67289","67289","1","1","1","67329","67329","67329"
"559","1","1","1","11663","11663","11663","1","1","1","67424","67424","67424","1","1","1","67525","67525","67525","1","1","1","67293","67293","67293","1","1","1","67333","67333","67333"
"560","1","1","1","11667","11667","11667","1","1","1","67428","67428","67428","1","1","1","67529","67529","67529","1","1","1","67297","67297","67297","1","1","1","67337","67337","67337"
"561","1","1","1","11671","11671","11671","1","1","1","67432","67432","67432","1","1","1","67533","67533","67533","1","1","1","67301","67301","67301","1","1","1","67341","67341","67341"
"562","1","1","1","11675","11675","11675","1","1","1","67436","67436","67436","1","1","1","67537","67537","67537","1","1","1","67305","67305","67305","1","1","1","67345","67345","67345"
"563","1","1","1","11679","11679","11679","1","1","1","67440","67440","67440","1","1","1","67541","67541","67541","1","1","1","67309","67309","67309","1","1","1","67349","67349","67349"
"564","1","1","1","11683","11683","11683","1","1","1","67444","67444","67444","1","1","1","67545","67545","67545","1","1","1","67313","67313","67313","1","1","1","67353","67353","67353"
"565","1","1","1","11687","11687","11687","1","1","1","67448","67448","67448","1","1","1","67549","67549","67549","1","1","1","67317","67317","67317","1","1","1","67357","67357","67357"
"566","1","1","1","11691","11691","11691","1","1","1","67452","67452","67452","1","1","1","67553","67553","67553","1","1","1","67321","67321","67321","1","1","1","67361","67361","67361"
"567","1","1","1","11842","11842","11842","1","1","1","68488","68488","68488","1","1","1","68594","68594","68594","1","1","1","68362","68362","68362","1","1","1","68397","68397","68397"
"568","1","1","1","11846","11846","11846","1","1","1","68492","68492","68492","1","1","1","68598","68598","68598","1","1","1","68366","68366","68366","1","1","1","68401","68401","68401"
"569","1","1","1","11850","11850","11850","1","1","1","68496","68496","68496","1","1","1","68602","68602","68602","1","1","1","68370","68370","68370","1","1","1","68405","68405","68405"
"570","1","1","1","11854","11854","11854","1","1","1","68500","68500","68500","1","1","1","68606","68606","68606","1","1","1","68374","68374","68374","1","1","1","68409","68409","68409"
"571","1","1","1","11858","11858","11858","1","1","1","68504","68504","68504","1","1","1","68610","68610","68610","1","1","1","68378","68378","68378","1","1","1","68413","68413","68413"
"572","1","1","1","11862","11862","11862","1","1","1","68508","68508","68508","1","1","1","68614","68614","68614","1","1","1","68382","68382","68382","1","1","1","68417","68417","68417"
"573","1","1","1","11866","11866","11866","1","1","1","68512","68512","68512","1","1","1","68618","68618","68618","1","1","1","68386","68386","68386","1","1","1","68421","68421","68421"
"574","1","1","1","11870","11870","11870","1","1","1","68516","68516","68516","1","1","1","68622","68622","68622","1","1","1","68390","68390","68390","1","1","1","68425","68425","68425"
"575","1","1","1","11874","11874","11874","1","1","1","68520","68520","68520","1","1","1","68626","68626","68626","1","1","1","68394","68394","68394","1","1","1","68429","68429","68429"
"576","1","1","1","12025","12025","12025","1","1","1","69556","69556","69556","1","1","1","69662","69662","69662","1","1","1","69430","69430","69430","1","1","1","69466","69466","69466"
"577","1","1","1","12029","12029","12029","1","1","1","69560","69560","69560","1","1","1","69666","69666","69666","1","1","1","69434","69434","69434","1","1","1","69470","69470","69470"
"578","1","1","1","12033","12033","12033","1","1","1","69564","69564","69564","1","1","1","69670","69670","69670","1","1","1","69438","69438","69438","1","1","1","69474","69474","69474"
"579","1","1","1","12037","12037","12037","1","1","1","69568","69568","69568","1","1","1","69674","69674","69674","1","1","1","69442","69442","69442","1","1","1","69478","69478","69478"
"580","1","1","1","12041","12041","12041","1","1","1","69572","69572","69572","1","1","1","69678","69678","69678","1","1","1","69446","69446","69446","1","1","1","69482","69482","69482"
"581","1","1","1","12045","12045","12045","1","1","1","69576","69576","69576","1","1","1","69682","69682","69682","1","1","1","69450","69450","69450","1","1","1","69486","69486","69486"
"582","1","1","1","12049","12049","12049","1","1","1","69580","69580","69580","1","1","1","69686","69686","69686","1","1","1","69454","69454","69454","1","1","1","69490","69490","69490"
"583","1","1","1","12053","12053","12053","1","1","1","69584","69584","69584","1","1","1","69690","69690","69690","1","1","1","69458","69458","69458","1","1","1","69494","69494","69494"
"584","1","1","1","12057","12057","12057","1","1","1","69588","69588","69588","1","1","1","69694","69694","69694","1","1","1","69462","69462","69462","1","1","1","69498","69498","69498"
"585","1","1","1","12209","12209","12209","1","1","1","70624","70624","70624","1","1","1","70731","70731","70731","1","1","1","70504","70504","70504","1","1","1","70544","70544","70544"
"586","1","1","1","12213","12213","12213","1","1","1","70628","70628","70628","1","1","1","70735","70735","70735","1","1","1","70508","70508","70508","1","1","1","70548","70548","70548"
"587","1","1","1","12217","12217","12217","1","1","1","70632","70632","70632","1","1","1","70739","70739","70739","1","1","1","70512","70512","70512","1","1","1","70552","70552","70552"
"588","1","1","1","12221","12221","12221","1","1","1","70636","70636","70636","1","1","1","70743","70743","70743","1","1","1","70516","70516","70516","1","1","1","70556","70556","70556"
"589","1","1","1","12225","12225","12225","1","1","1","70640","70640","70640","0.9","0.9","0.9","70747","70747","70747","1","1","1","70520","70520","70520","1","1","1","70560","70560","70560"
"590","1","1","1","12229","12229","12229","1","1","1","70644","70644","70644","1","1","1","70751","70751","70751","1","1","1","70524","70524","70524","1","1","1","70564","70564","70564"
"591","1","1","1","12233","12233","12233","1","1","1","70648","70648","70648","1","1","1","70755","70755","70755","1","1","1","70528","70528","70528","1","1","1","70568","70568","70568"
"592","1","1","1","12237","12237","12237","1","1","1","70652","70652","70652","1","1","1","70759","70759","70759","1","1","1","70532","70532","70532","1","1","1","70572","70572","70572"
"593","1","1","1","12241","12241","12241","1","1","1","70656","70656","70656","1","1","1","70763","70763","70763","1","1","1","70536","70536","70536","1","1","1","70576","70576","70576"
"594","1","1","1","12396","12396","12396","1","1","1","71693","71693","71693","1","1","1","71803","71803","71803","1","1","1","71577","71577","71577","1","1","1","71612","71612","71612"
"595","1","1","1","12400","12400","12400","1","1","1","71697","71697","71697","1","1","1","71807","71807","71807","1","1","1","71581","71581","71581","1","1","1","71616","71616","71616"
"596","1","1","1","12404","12404","12404","1","1","1","71701","71701","71701","1","1","1","71811","71811","71811","1","1","1","71585","71585","71585","1","1","1","71620","71620","71620"
"597","1","1","1","12408","12408","12408","1","1","1","71705","71705","71705","1","1","1","71815","71815","71815","1","1","1","71589","71589","71589","1","1","1","71624","71624","71624"
"598","1","1","1","12412","12412","12412","1","1","1","71709","71709","71709","1","1","1","71819","71819","71819","1","1","1","71593","71593","71593","1","1","1","71628","71628","71628"
"599","1","1","1","12416","12416","12416","1","1","1","71713","71713","71713","1","1","1","71823","71823","71823","1","1","1","71597","71597","71597","1","1","1","71632","71632","71632"
"600","1","1","1","12420","12420","12420","1","1","1","71717","71717","71717","1","1","1","71827","71827","71827","1","1","1","71601","71601","71601","1","1","1","71636","71636","71636"
"601","1","1","1","12424","12424","12424","1","1","1","71721","71721","71721","1","1","1","71831","71831","71831","1","1","1","71605","71605","71605","1","1","1","71640","71640","71640"
"602","1","1","1","12428","12428","12428","1","1","1","71725","71725","71725","1","1","1","71835","71835","71835","1","1","1","71609","71609","71609","1","1","1","71644","71644","71644"
"603","1","1","1","12578","12578","12578","1","1","1","72761","72761","72761","1","1","1","72871","72871","72871","1","1","1","72645","72645","72645","1","1","1","72681","72681","72681"
"604","1","1","1","12582","12582","12582","1","1","1","72765","72765","72765","1","1","1","72875","72875","72875","1","1","1","72649","72649","72649","1","1","1","72685","72685","72685"
"605","1","1","1","12586","12586","12586","1","1","1","72769","72769","72769","1","1","1","72879","72879","72879","1","1","1","72653","72653","72653","1","1","1","72689","72689","72689"
"606","1","1","1","12590","12590","12590","1","1","1","72773","72773","72773","1","1","1","72883","72883","72883","1","1","1","72657","72657","72657","1","1","1","72693","72693","72693"
"607","1","1","1","12594","12594","12594","1","1","1","72777","72777","72777","1","1","1","72887","72887","72887","1","1","1","72661","72661","72661","1","1","1","72697","72697","72697"
"608","1","1","1","12598","12598","12598","1","1","1","72781","72781","72781","1","1","1","72891","72891","72891","1","1","1","72665","72665","72665","1","1","1","72701","72701","72701"
"609","1","1","1","12602","12602","12602","1","1","1","72785","72785","72785","1","1","1","72895","72895","72895","1","1","1","72669","72669","72669","1","1","1","72705","72705","72705"
"610","1","1","1","12606","12606","12606","1","1","1","72789","72789","72789","1","1","1","72899","72899","72899","1","1","1","72673","72673","72673","1","1","1","72709","72709","72709"
"611","1","1","1","12610","12610","12610","1","1","1","72793","72793","72793","1","1","1","72903","72903","72903","1","1","1","72677","72677","72677","1","1","1","72713","72713","72713"
"612","1","1","1","12769","12769","12769","1","1","1","73829","73829","73829","1","1","1","73940","73940","73940","1","1","1","73713","73713","73713","1","1","1","73760","73760","73760"
"613","1","1","1","12773","12773","12773","1","1","1","73833","73833","73833","1","1","1","73944","73944","73944","1","1","1","73717","73717","73717","1","1","1","73764","73764","73764"
"614","1","1","1","12777","12777","12777","1","1","1","73837","73837","73837","1","1","1","73948","73948","73948","1","1","1","73721","73721","73721","1","1","1","73768","73768","73768"
"615","1","1","1","12781","12781","12781","1","1","1","73841","73841","73841","1","1","1","73952","73952","73952","1","1","1","73725","73725","73725","1","1","1","73772","73772","73772"
"616","1","1","1","12785","12785","12785","1","1","1","73845","73845","73845","1","1","1","73956","73956","73956","1","1","1","73735","73735","73735","1","1","1","73776","73776","73776"
"617","1","1","1","12789","12789","12789","1","1","1","73849","73849","73849","1","1","1","73960","73960","73960","1","1","1","73739","73739","73739","1","1","1","73780","73780","73780"
"618","1","1","1","12793","12793","12793","1","1","1","73853","73853","73853","1","1","1","73964","73964","73964","1","1","1","73743","73743","73743","1","1","1","73784","73784","73784"
"619","1","1","1","12797","12797","12797","1","1","1","73857","73857","73857","1","1","1","73968","73968","73968","1","1","1","73747","73747","73747","1","1","1","73788","73788","73788"
"620","1","1","1","12801","12801","12801","1","1","1","73861","73861","73861","1","1","1","73972","73972","73972","1","1","1","73751","73751","73751","1","1","1","73792","73792","73792"
"621","1","1","1","12956","12956","12956","1","1","1","74897","74897","74897","1","1","1","75009","75009","75009","1","1","1","74787","74787","74787","1","1","1","74828","74828","74828"
"622","1","1","1","12960","12960","12960","1","1","1","74901","74901","74901","1","1","1","75013","75013","75013","1","1","1","74791","74791","74791","1","1","1","74832","74832","74832"
"623","1","1","1","12964","12964","12964","1","1","1","74905","74905","74905","1","1","1","75017","75017","75017","1","1","1","74795","74795","74795","1","1","1","74836","74836","74836"
"624","1","1","1","12968","12968","12968","1","1","1","74909","74909","74909","1","1","1","75021","75021","75021","1","1","1","74799","74799","74799","1","1","1","74840","74840","74840"
"625","1","1","1","12972","12972","12972","1","1","1","74913","74913","74913","1","1","1","75025","75025","75025","1","1","1","74803","74803","74803","1","1","1","74844","74844","74844"
"626","1","1","1","12976","12976","12976","1","1","1","74917","74917","74917","1","1","1","75029","75029","75029","1","1","1","74807","74807","74807","1","1","1","74848","74848","74848"
"627","1","1","1","12980","12980","12980","1","1","1","74921","74921","74921","1","1","1","75033","75033","75033","1","1","1","74811","74811","74811","1","1","1","74852","74852","74852"
"628","1","1","1","12984","12984","12984","1","1","1","74925","74925","74925","1","1","1","75037","75037","75037","1","1","1","74815","74815","74815","1","1","1","74856","74856","74856"
"629","1","1","1","12988","12988","12988","1","1","1","74929","74929","74929","1","1","1","75041","75041","75041","1","1","1","74819","74819","74819","1","1","1","74860","74860","74860"
"630","1","1","1","13140","13140","13140","1","1","1","75970","75970","75970","1","1","1","76078","76078","76078","1","1","1","75856","75856","75856","1","1","1","75896","75896","75896"
"631","1","1","1","13144","13144","13144","1","1","1","75974","75974","75974","1","1","1","76082","76082","76082","1","1","1","75860","75860","75860","1","1","1","75900","75900","75900"
"632","1","1","1","13148","13148","13148","1","1","1","75978","75978","75978","1","1","1","76086","76086","76086","1","1","1","75864","75864","75864","1","1","1","75904","75904","75904"
"633","1","1","1","13152","13152","13152","1","1","1","75982","75982","75982","1","1","1","76090","76090","76090","1","1","1","75868","75868","75868","0.9","0.9","0.9","75908","75908","75908"
"634","1","1","1","13156","13156","13156","1","1","1","75986","75986","75986","1","1","1","76094","76094","76094","1","1","1","75872","75872","75872","1","1","1","75912","75912","75912"
"635","1","1","1","13160","13160","13160","1","1","1","75990","75990","75990","1","1","1","76098","76098","76098","1","1","1","75876","75876","75876","1","1","1","75916","75916","75916"
"636","1","1","1","13164","13164","13164","1","1","1","75994","75994","75994","1","1","1","76102","76102","76102","1","1","1","75880","75880","75880","1","1","1","75920","75920","75920"
"637","1","1","1","13168","13168","13168","1","1","1","75998","75998","75998","1","1","1","76106","76106","76106","1","1","1","75884","75884","75884","1","1","1","75924","75924","75924"
"638","1","1","1","13172","13172","13172","1","1","1","76002","76002","76002","1","1","1","76110","76110","76110","1","1","1","75888","75888","75888","1","1","1","75928","75928","75928"
"639","1","1","1","13327","13327","13327","1","1","1","77038","77038","77038","1","1","1","77152","77152","77152","1","1","1","76924","76924","76924","1","1","1","76963","76963","76963"
"640","1","1","1","13331","13331","13331","1","1","1","77042","77042","77042","1","1","1","77156","77156","77156","1","1","1","76928","76928","76928","1","1","1","76967","76967","76967"
"641","1","1","1","13335","13335","13335","1","1","1","77046","77046","77046","1","1","1","77160","77160","77160","1","1","1","76932","76932","76932","1","1","1","76971","76971","76971"
"642","1","1","1","13339","13339","13339","1","1","1","77050","77050","77050","1","1","1","77164","77164","77164","1","1","1","76936","76936","76936","1","1","1","76975","76975","76975"
"643","1","1","1","13343","13343","13343","1","1","1","77054","77054","77054","1","1","1","77168","77168","77168","1","1","1","76940","76940","76940","1","1","1","76979","76979","76979"
"644","1","1","1","13347","13347","13347","1","1","1","77058","77058","77058","1","1","1","77172","77172","77172","1","1","1","76944","76944","76944","1","1","1","76983","76983","76983"
"645","1","1","1","13351","13351","13351","1","1","1","77062","77062","77062","1","1","1","77176","77176","77176","1","1","1","76948","76948","76948","1","1","1","76987","76987","76987"
"646","1","1","1","13355","13355","13355","1","1","1","77066","77066","77066","1","1","1","77180","77180","77180","1","1","1","76952","76952","76952","1","1","1","76991","76991","76991"
"647","1","1","1","13359","13359","13359","1","1","1","77070","77070","77070","1","1","1","77184","77184","77184","1","1","1","76956","76956","76956","1","1","1","76995","76995","76995"
"648","1","1","1","13526","13526","13526","1","1","1","78112","78112","78112","1","1","1","78220","78220","78220","1","1","1","77993","77993","77993","1","1","1","78031","78031","78031"
"649","1","1","1","13530","13530","13530","1","1","1","78116","78116","78116","1","1","1","78224","78224","78224","1","1","1","77997","77997","77997","1","1","1","78035","78035","78035"
"650","1","1","1","13534","13534","13534","1","1","1","78120","78120","78120","1","1","1","78228","78228","78228","1","1","1","78001","78001","78001","1","1","1","78039","78039","78039"
"651","1","1","1","13538","13538","13538","1","1","1","78124","78124","78124","1","1","1","78232","78232","78232","1","1","1","78005","78005","78005","1","1","1","78043","78043","78043"
"652","1","1","1","13542","13542","13542","1","1","1","78128","78128","78128","1","1","1","78236","78236","78236","1","1","1","78009","78009","78009","1","1","1","78047","78047","78047"
"653","1","1","1","13546","13546","13546","1","1","1","78132","78132","78132","1","1","1","78240","78240","78240","1","1","1","78013","78013","78013","1","1","1","78051","78051","78051"
"654","1","1","1","13550","13550","13550","1","1","1","78136","78136","78136","1","1","1","78244","78244","78244","1","1","1","78017","78017","78017","1","1","1","78055","78055","78055"
"655","1","1","1","13554","13554","13554","1","1","1","78140","78140","78140","1","1","1","78248","78248","78248","1","1","1","78021","78021","78021","1","1","1","78059","78059","78059"
"656","1","1","1","13558","13558","13558","1","1","1","78144","78144","78144","1","1","1","78252","78252","78252","1","1","1","78025","78025","78025","1","1","1","78063","78063","78063"
"657","1","1","1","13707","13707","13707","1","1","1","79180","79180","79180","1","1","1","79288","79288","79288","1","1","1","79061","79061","79061","1","1","1","79099","79099","79099"
"658","1","1","1","13711","13711","13711","1","1","1","79184","79184","79184","1","1","1","79292","79292","79292","1","1","1","79065","79065","79065","1","1","1","79103","79103","79103"
"659","1","1","1","13715","13715","13715","1","1","1","79188","79188","79188","1","1","1","79296","79296","79296","1","1","1","79069","79069","79069","1","1","1","79107","79107","79107"
"660","1","1","1","13719","13719","13719","1","1","1","79192","79192","79192","1","1","1","79300","79300","79300","1","1","1","79073","79073","79073","1","1","1","79111","79111","79111"
"661","1","1","1","13723","13723","13723","1","1","1","79196","79196","79196","1","1","1","79304","79304","79304","1","1","1","79077","79077","79077","1","1","1","79115","79115","79115"
"662","1","1","1","13727","13727","13727","1","1","1","79200","79200","79200","1","1","1","79308","79308","79308","1","1","1","79081","79081","79081","1","1","1","79119","79119","79119"
"663","1","1","1","13731","13731","13731","1","1","1","79204","79204","79204","1","1","1","79312","79312","79312","1","1","1","79085","79085","79085","1","1","1","79123","79123","79123"
"664","1","1","1","13735","13735","13735","1","1","1","79208","79208","79208","1","1","1","79316","79316","79316","1","1","1","79089","79089","79089","1","1","1","79127","79127","79127"
"665","1","1","1","13739","13739","13739","1","1","1","79212","79212","79212","1","1","1","79320","79320","79320","1","1","1","79093","79093","79093","1","1","1","79131","79131","79131"
"666","1","1","1","13893","13893","13893","1","1","1","80248","80248","80248","1","1","1","80356","80356","80356","1","1","1","80130","80130","80130","1","1","1","80173","80173","80173"
"667","1","1","1","13897","13897","13897","1","1","1","80252","80252","80252","1","1","1","80360","80360","80360","1","1","1","80134","80134","80134","1","1","1","80177","80177","80177"
"668","1","1","1","13901","13901","13901","1","1","1","80256","80256","80256","1","1","1","80364","80364","80364","1","1","1","80138","80138","80138","1","1","1","80181","80181","80181"
"669","1","1","1","13905","13905","13905","1","1","1","80260","80260","80260","1","1","1","80368","80368","80368","1","1","1","80142","80142","80142","1","1","1","80185","80185","80185"
"670","1","1","1","13909","13909","13909","1","1","1","80264","80264","80264","1","1","1","80372","80372","80372","1","1","1","80146","80146","80146","1","1","1","80189","80189","80189"
"671","1","1","1","13913","13913","13913","1","1","1","80268","80268","80268","1","1","1","80376","80376","80376","1","1","1","80150","80150","80150","1","1","1","80193","80193","80193"
"672","1","1","1","13917","13917","13917","1","1","1","80272","80272","80272","1","1","1","80380","80380","80380","1","1","1","80154","80154","80154","1","1","1","80197","80197","80197"
"673","1","1","1","13921","13921","13921","1","1","1","80276","80276","80276","1","1","1","80384","80384","80384","1","1","1","80158","80158","80158","1","1","1","80201","80201","80201"
"674","1","1","1","13925","13925","13925","1","1","1","80280","80280","80280","1","1","1","80388","80388","80388","1","1","1","80162","80162","80162","1","1","1","80205","80205","80205"
"675","1","1","1","14090","14090","14090","1","1","1","81317","81317","81317","1","1","1","81430","81430","81430","1","1","1","81199","81199","81199","1","1","1","81252","81252","81252"
"676","1","1","1","14094","14094","14094","1","1","1","81321","81321","81321","1","1","1","81434","81434","81434","1","1","1","81203","81203","81203","1","1","1","81256","81256","81256"
"677","1","1","1","14098","14098","14098","1","1","1","81325","81325","81325","1","1","1","81438","81438","81438","1","1","1","81207","81207","81207","1","1","1","81260","81260","81260"
"678","1","1","1","14102","14102","14102","1","1","1","81329","81329","81329","1","1","1","81442","81442","81442","1","1","1","81211","81211","81211","1","1","1","81264","81264","81264"
"679","1","1","1","14106","14106","14106","1","1","1","81333","81333","81333","1","1","1","81446","81446","81446","1","1","1","81215","81215","81215","1","1","1","81268","81268","81268"
"680","1","1","1","14110","14110","14110","1","1","1","81337","81337","81337","1","1","1","81450","81450","81450","1","1","1","81219","81219","81219","1","1","1","81272","81272","81272"
"681","1","1","1","14114","14114","14114","1","1","1","81341","81341","81341","1","1","1","81454","81454","81454","1","1","1","81223","81223","81223","1","1","1","81276","81276","81276"
"682","1","1","1","14118","14118","14118","1","1","1","81345","81345","81345","1","1","1","81458","81458","81458","1","1","1","81227","81227","81227","1","1","1","81280","81280","81280"
"683","1","1","1","14122","14122","14122","1","1","1","81349","81349","81349","1","1","1","81462","81462","81462","1","1","1","81231","81231","81231","1","1","1","81284","81284","81284"
"684","1","1","1","14277","14277","14277","1","1","1","82385","82385","82385","1","1","1","82504","82504","82504","1","1","1","82268","82268","82268","1","1","1","82325","82325","82325"
"685","1","1","1","14281","14281","14281","1","1","1","82389","82389","82389","1","1","1","82508","82508","82508","1","1","1","82272","82272","82272","1","1","1","82329","82329","82329"
"686","1","1","1","14285","14285","14285","1","1","1","82393","82393","82393","1","1","1","82512","82512","82512","1","1","1","82276","82276","82276","1","1","1","82333","82333","82333"
"687","1","1","1","14289","14289","14289","1","1","1","82397","82397","82397","1","1","1","82516","82516","82516","1","1","1","82280","82280","82280","1","1","1","82337","82337","82337"
"688","1","1","1","14293","14293","14293","1","1","1","82401","82401","82401","1","1","1","82520","82520","82520","1","1","1","82284","82284","82284","1","1","1","82341","82341","82341"
"689","1","1","1","14297","14297","14297","1","1","1","82405","82405","82405","1","1","1","82524","82524","82524","1","1","1","82288","82288","82288","1","1","1","82345","82345","82345"
"690","1","1","1","14301","14301","14301","1","1","1","82409","82409","82409","1","1","1","82528","82528","82528","1","1","1","82292","82292","82292","1","1","1","82349","82349","82349"
"691","1","1","1","14305","14305","14305","1","1","1","82413","82413","82413","1","1","1","82532","82532","82532","1","1","1","82296","82296","82296","1","1","1","82353","82353","82353"
"692","1","1","1","14309","14309","14309","1","1","1","82417","82417","82417","1","1","1","82536","82536","82536","1","1","1","82300","82300","82300","1","1","1","82357","82357","82357"
"693","1","1","1","14468","14468","14468","1","1","1","83453","83453","83453","1","1","1","83573","83573","83573","1","1","1","83337","83337","83337","1","1","1","83398","83398","83398"
"694","1","1","1","14472","14472","14472","1","1","1","83457","83457","83457","1","1","1","83577","83577","83577","1","1","1","83341","83341","83341","1","1","1","83402","83402","83402"
"695","1","1","1","14476","14476","14476","1","1","1","83461","83461","83461","1","1","1","83581","83581","83581","1","1","1","83345","83345","83345","1","1","1","83406","83406","83406"
"696","1","1","1","14480","14480","14480","1","1","1","83465","83465","83465","1","1","1","83585","83585","83585","1","1","1","83349","83349","83349","1","1","1","83410","83410","83410"
"697","1","1","1","14484","14484","14484","1","1","1","83469","83469","83469","1","1","1","83589","83589","83589","1","1","1","83353","83353","83353","1","1","1","83414","83414","83414"
"698","1","1","1","14488","14488","14488","1","1","1","83473","83473","83473","1","1","1","83593","83593","83593","1","1","1","83357","83357","83357","1","1","1","83418","83418","83418"
"699","1","1","1","14492","14492","14492","1","1","1","83477","83477","83477","1","1","1","83597","83597","83597","1","1","1","83361","83361","83361","1","1","1","83422","83422","83422"
"700","1","1","1","14496","14496","14496","1","1","1","83481","83481","83481","1","1","1","83601","83601","83601","1","1","1","83365","83365","83365","1","1","1","83426","83426","83426"
"701","1","1","1","14500","14500","14500","1","1","1","83485","83485","83485","1","1","1","83605","83605","83605","1","1","1","83369","83369","83369","1","1","1","83430","83430","83430"
"702","1","1","1","14659","14659","14659","1","1","1","84522","84522","84522","1","1","1","84651","84651","84651","1","1","1","84405","84405","84405","1","1","1","84467","84467","84467"
"703","1","1","1","14663","14663","14663","1","1","1","84526","84526","84526","1","1","1","84655","84655","84655","1","1","1","84409","84409","84409","1","1","1","84471","84471","84471"
"704","1","1","1","14667","14667","14667","1","1","1","84530","84530","84530","1","1","1","84659","84659","84659","1","1","1","84413","84413","84413","1","1","1","84475","84475","84475"
"705","1","1","1","14671","14671","14671","1","1","1","84534","84534","84534","1","1","1","84663","84663","84663","1","1","1","84417","84417","84417","1","1","1","84479","84479","84479"
"706","1","1","1","14675","14675","14675","1","1","1","84538","84538","84538","1","1","1","84667","84667","84667","1","1","1","84421","84421","84421","1","1","1","84483","84483","84483"
"707","1","1","1","14679","14679","14679","1","1","1","84542","84542","84542","1","1","1","84671","84671","84671","1","1","1","84425","84425","84425","1","1","1","84487","84487","84487"
"708","1","1","1","14683","14683","14683","1","1","1","84546","84546","84546","1","1","1","84675","84675","84675","1","1","1","84429","84429","84429","1","1","1","84491","84491","84491"
"709","1","1","1","14687","14687","14687","1","1","1","84550","84550","84550","1","1","1","84679","84679","84679","1","1","1","84433","84433","84433","1","1","1","84495","84495","84495"
"710","1","1","1","14691","14691","14691","1","1","1","84554","84554","84554","1","1","1","84683","84683","84683","1","1","1","84437","84437","84437","1","1","1","84499","84499","84499"
"711","1","1","1","14844","14844","14844","1","1","1","85595","85595","85595","1","1","1","85719","85719","85719","1","1","1","85479","85479","85479","1","1","1","85535","85535","85535"
"712","1","1","1","14848","14848","14848","1","1","1","85599","85599","85599","1","1","1","85723","85723","85723","1","1","1","85483","85483","85483","1","1","1","85539","85539","85539"
"713","1","1","1","14852","14852","14852","1","1","1","85603","85603","85603","1","1","1","85727","85727","85727","1","1","1","85487","85487","85487","1","1","1","85543","85543","85543"
"714","1","1","1","14856","14856","14856","1","1","1","85607","85607","85607","1","1","1","85731","85731","85731","1","1","1","85496","85496","85496","1","1","1","85547","85547","85547"
"715","1","1","1","14860","14860","14860","0.9","0.9","0.9","85612","85612","85612","1","1","1","85735","85735","85735","1","1","1","85500","85500","85500","1","1","1","85551","85551","85551"
"716","1","1","1","14864","14864","14864","1","1","1","85616","85616","85616","1","1","1","85739","85739","85739","1","1","1","85504","85504","85504","1","1","1","85555","85555","85555"
"717","1","1","1","14868","14868","14868","1","1","1","85620","85620","85620","1","1","1","85743","85743","85743","1","1","1","85508","85508","85508","1","1","1","85559","85559","85559"
"718","1","1","1","14872","14872","14872","1","1","1","85624","85624","85624","1","1","1","85747","85747","85747","1","1","1","85512","85512","85512","1","1","1","85563","85563","85563"
"719","1","1","1","14876","14876","14876","1","1","1","85628","85628","85628","1","1","1","85751","85751","85751","1","1","1","85516","85516","85516","1","1","1","85567","85567","85567"
"720","1","1","1","15033","15033","15033","1","1","1","86663","86663","86663","1","1","1","86793","86793","86793","1","1","1","86552","86552","86552","1","1","1","86604","86604","86604"
"721","1","1","1","15037","15037","15037","1","1","1","86667","86667","86667","1","1","1","86797","86797","86797","1","1","1","86556","86556","86556","1","1","1","86608","86608","86608"
"722","1","1","1","15041","15041","15041","1","1","1","86671","86671","86671","1","1","1","86801","86801","86801","1","1","1","86560","86560","86560","1","1","1","86612","86612","86612"
"723","1","1","1","15045","15045","15045","1","1","1","86675","86675","86675","1","1","1","86805","86805","86805","1","1","1","86564","86564","86564","1","1","1","86616","86616","86616"
"724","1","1","1","15049","15049","15049","1","1","1","86679","86679","86679","1","1","1","86809","86809","86809","1","1","1","86568","86568","86568","1","1","1","86620","86620","86620"
"725","1","1","1","15053","15053","15053","1","1","1","86683","86683","86683","1","1","1","86813","86813","86813","1","1","1","86572","86572","86572","1","1","1","86624","86624","86624"
"726","1","1","1","15057","15057","15057","1","1","1","86687","86687","86687","1","1","1","86817","86817","86817","1","1","1","86576","86576","86576","1","1","1","86628","86628","86628"
"727","1","1","1","15061","15061","15061","1","1","1","86691","86691","86691","1","1","1","86821","86821","86821","1","1","1","86580","86580","86580","1","1","1","86632","86632","86632"
"728","1","1","1","15065","15065","15065","1","1","1","86695","86695","86695","1","1","1","86825","86825","86825","1","1","1","86584","86584","86584","1","1","1","86636","86636","86636"
"729","1","1","1","15218","15218","15218","1","1","1","87731","87731","87731","1","1","1","87861","87861","87861","1","1","1","87621","87621","87621","1","1","1","87672","87672","87672"
"730","1","1","1","15222","15222","15222","1","1","1","87735","87735","87735","1","1","1","87865","87865","87865","1","1","1","87625","87625","87625","1","1","1","87676","87676","87676"
"731","1","1","1","15226","15226","15226","1","1","1","87739","87739","87739","1","1","1","87869","87869","87869","1","1","1","87629","87629","87629","1","1","1","87680","87680","87680"
"732","1","1","1","15230","15230","15230","1","1","1","87743","87743","87743","1","1","1","87873","87873","87873","0.9","0.9","0.9","87633","87633","87633","1","1","1","87684","87684","87684"
"733","1","1","1","15234","15234","15234","1","1","1","87747","87747","87747","1","1","1","87877","87877","87877","1","1","1","87637","87637","87637","1","1","1","87688","87688","87688"
"734","1","1","1","15238","15238","15238","1","1","1","87751","87751","87751","1","1","1","87881","87881","87881","1","1","1","87641","87641","87641","1","1","1","87692","87692","87692"
"735","1","1","1","15242","15242","15242","1","1","1","87755","87755","87755","1","1","1","87885","87885","87885","1","1","1","87645","87645","87645","1","1","1","87696","87696","87696"
"736","1","1","1","15246","15246","15246","1","1","1","87759","87759","87759","1","1","1","87889","87889","87889","1","1","1","87649","87649","87649","1","1","1","87700","87700","87700"
"737","1","1","1","15250","15250","15250","1","1","1","87763","87763","87763","1","1","1","87893","87893","87893","1","1","1","87653","87653","87653","1","1","1","87704","87704","87704"
"738","1","1","1","15410","15410","15410","1","1","1","88800","88800","88800","1","1","1","88929","88929","88929","1","1","1","88688","88688","88688","1","1","1","88740","88740","88740"
"739","1","1","1","15414","15414","15414","1","1","1","88804","88804","88804","1","1","1","88933","88933","88933","1","1","1","88692","88692","88692","1","1","1","88744","88744","88744"
"740","1","1","1","15418","15418","15418","1","1","1","88808","88808","88808","1","1","1","88937","88937","88937","1","1","1","88696","88696","88696","1","1","1","88748","88748","88748"
"741","1","1","1","15422","15422","15422","1","1","1","88812","88812","88812","1","1","1","88941","88941","88941","1","1","1","88700","88700","88700","1","1","1","88752","88752","88752"
"742","1","1","1","15426","15426","15426","1","1","1","88816","88816","88816","1","1","1","88945","88945","88945","1","1","1","88704","88704","88704","1","1","1","88756","88756","88756"
"743","1","1","1","15430","15430","15430","1","1","1","88820","88820","88820","1","1","1","88949","88949","88949","1","1","1","88708","88708","88708","1","1","1","88760","88760","88760"
"744","1","1","1","15434","15434","15434","1","1","1","88824","88824","88824","1","1","1","88953","88953","88953","1","1","1","88712","88712","88712","1","1","1","88764","88764","88764"
"745","1","1","1","15438","15438","15438","1","1","1","88828","88828","88828","1","1","1","88957","88957","88957","1","1","1","88716","88716","88716","1","1","1","88768","88768","88768"
"746","1","1","1","15442","15442","15442","1","1","1","88832","88832","88832","1","1","1","88961","88961","88961","1","1","1","88720","88720","88720","1","1","1","88772","88772","88772"
"747","1","1","1","15596","15596","15596","1","1","1","89868","89868","89868","1","1","1","89998","89998","89998","1","1","1","89761","89761","89761","1","1","1","89808","89808","89808"
"748","1","1","1","15600","15600","15600","1","1","1","89872","89872","89872","1","1","1","90002","90002","90002","1","1","1","89765","89765","89765","1","1","1","89812","89812","89812"
"749","1","1","1","15604","15604","15604","1","1","1","89876","89876","89876","1","1","1","90006","90006","90006","1","1","1","89769","89769","89769","1","1","1","89816","89816","89816"
"750","1","1","1","15608","15608","15608","1","1","1","89880","89880","89880","1","1","1","90010","90010","90010","1","1","1","89773","89773","89773","1","1","1","89820","89820","89820"
"751","1","1","1","15612","15612","15612","1","1","1","89884","89884","89884","1","1","1","90014","90014","90014","1","1","1","89777","89777","89777","1","1","1","89824","89824","89824"
"752","1","1","1","15616","15616","15616","1","1","1","89888","89888","89888","1","1","1","90018","90018","90018","1","1","1","89781","89781","89781","1","1","1","89828","89828","89828"
"753","1","1","1","15620","15620","15620","1","1","1","89892","89892","89892","1","1","1","90022","90022","90022","1","1","1","89785","89785","89785","1","1","1","89832","89832","89832"
"754","1","1","1","15624","15624","15624","1","1","1","89896","89896","89896","1","1","1","90026","90026","90026","1","1","1","89789","89789","89789","1","1","1","89836","89836","89836"
"755","1","1","1","15628","15628","15628","1","1","1","89900","89900","89900","1","1","1","90030","90030","90030","1","1","1","89793","89793","89793","1","1","1","89840","89840","89840"
"756","1","1","1","15794","15794","15794","1","1","1","90936","90936","90936","1","1","1","91071","91071","91071","1","1","1","90830","90830","90830","1","1","1","90881","90881","90881"
"757","1","1","1","15798","15798","15798","1","1","1","90940","90940","90940","1","1","1","91075","91075","91075","1","1","1","90834","90834","90834","1","1","1","90885","90885","90885"
"758","1","1","1","15802","15802","15802","1","1","1","90944","90944","90944","1","1","1","91079","91079","91079","1","1","1","90838","90838","90838","1","1","1","90889","90889","90889"
"759","1","1","1","15806","15806","15806","1","1","1","90948","90948","90948","1","1","1","91083","91083","91083","1","1","1","90842","90842","90842","1","1","1","90893","90893","90893"
"760","1","1","1","15810","15810","15810","1","1","1","90952","90952","90952","1","1","1","91087","91087","91087","1","1","1","90846","90846","90846","0.9","0.9","0.9","90897","90897","90897"
"761","1","1","1","15814","15814","15814","1","1","1","90956","90956","90956","1","1","1","91091","91091","91091","1","1","1","90850","90850","90850","1","1","1","90901","90901","90901"
"762","1","1","1","15818","15818","15818","1","1","1","90960","90960","90960","1","1","1","91095","91095","91095","1","1","1","90854","90854","90854","1","1","1","90905","90905","90905"
"763","1","1","1","15822","15822","15822","1","1","1","90964","90964","90964","1","1","1","91099","91099","91099","1","1","1","90858","90858","90858","1","1","1","90909","90909","90909"
"764","1","1","1","15826","15826","15826","1","1","1","90968","90968","90968","1","1","1","91103","91103","91103","1","1","1","90862","90862","90862","1","1","1","90913","90913","90913"
"765","1","1","1","15984","15984","15984","1","1","1","92004","92004","92004","1","1","1","92139","92139","92139","1","1","1","91898","91898","91898","1","1","1","91954","91954","91954"
"766","1","1","1","15988","15988","15988","1","1","1","92008","92008","92008","1","1","1","92143","92143","92143","1","1","1","91902","91902","91902","1","1","1","91958","91958","91958"
"767","1","1","1","15992","15992","15992","1","1","1","92012","92012","92012","1","1","1","92147","92147","92147","1","1","1","91906","91906","91906","1","1","1","91962","91962","91962"
"768","1","1","1","15996","15996","15996","1","1","1","92016","92016","92016","1","1","1","92151","92151","92151","1","1","1","91910","91910","91910","1","1","1","91966","91966","91966"
"769","1","1","1","16000","16000","16000","1","1","1","92020","92020","92020","1","1","1","92155","92155","92155","1","1","1","91914","91914","91914","1","1","1","91970","91970","91970"
"770","1","1","1","16004","16004","16004","1","1","1","92024","92024","92024","1","1","1","92159","92159","92159","1","1","1","91918","91918","91918","1","1","1","91974","91974","91974"
"771","1","1","1","16008","16008","16008","1","1","1","92028","92028","92028","1","1","1","92163","92163","92163","1","1","1","91922","91922","91922","1","1","1","91978","91978","91978"
"772","1","1","1","16012","16012","16012","1","1","1","92032","92032","92032","1","1","1","92167","92167","92167","1","1","1","91926","91926","91926","1","1","1","91982","91982","91982"
"773","1","1","1","16016","16016","16016","1","1","1","92036","92036","92036","1","1","1","92171","92171","92171","1","1","1","91930","91930","91930","1","1","1","91986","91986","91986"
"774","1","1","1","16173","16173","16173","1","1","1","93077","93077","93077","1","1","1","93208","93208","93208","1","1","1","92971","92971","92971","1","1","1","93027","93027","93027"
"775","1","1","1","16177","16177","16177","1","1","1","93081","93081","93081","1","1","1","93212","93212","93212","1","1","1","92975","92975","92975","1","1","1","93031","93031","93031"
"776","1","1","1","16181","16181","16181","1","1","1","93085","93085","93085","1","1","1","93216","93216","93216","1","1","1","92979","92979","92979","1","1","1","93035","93035","93035"
"777","1","1","1","16185","16185","16185","1","1","1","93089","93089","93089","1","1","1","93220","93220","93220","1","1","1","92984","92984","92984","1","1","1","93039","93039","93039"
"778","1","1","1","16189","16189","16189","1","1","1","93093","93093","93093","1","1","1","93224","93224","93224","1","1","1","92988","92988","92988","1","1","1","93043","93043","93043"
"779","1","1","1","16193","16193","16193","1","1","1","93097","93097","93097","1","1","1","93228","93228","93228","1","1","1","92992","92992","92992","1","1","1","93047","93047","93047"
"780","1","1","1","16197","16197","16197","1","1","1","93101","93101","93101","1","1","1","93232","93232","93232","1","1","1","92996","92996","92996","1","1","1","93051","93051","93051"
"781","1","1","1","16201","16201","16201","1","1","1","93105","93105","93105","1","1","1","93236","93236","93236","1","1","1","93000","93000","93000","1","1","1","93055","93055","93055"
"782","1","1","1","16205","16205","16205","1","1","1","93109","93109","93109","1","1","1","93240","93240","93240","1","1","1","93004","93004","93004","1","1","1","93059","93059","93059"
"783","1","1","1","16359","16359","16359","1","1","1","94146","94146","94146","1","1","1","94276","94276","94276","1","1","1","94041","94041","94041","1","1","1","94095","94095","94095"
"784","1","1","1","16363","16363","16363","1","1","1","94150","94150","94150","1","1","1","94280","94280","94280","1","1","1","94045","94045","94045","1","1","1","94099","94099","94099"
"785","1","1","1","16367","16367","16367","1","1","1","94154","94154","94154","1","1","1","94284","94284","94284","1","1","1","94049","94049","94049","1","1","1","94103","94103","94103"
"786","1","1","1","16371","16371","16371","1","1","1","94158","94158","94158","1","1","1","94288","94288","94288","1","1","1","94053","94053","94053","1","1","1","94107","94107","94107"
"787","1","1","1","16375","16375","16375","1","1","1","94162","94162","94162","1","1","1","94292","94292","94292","1","1","1","94057","94057","94057","1","1","1","94111","94111","94111"
"788","1","1","1","16379","16379","16379","1","1","1","94166","94166","94166","1","1","1","94296","94296","94296","1","1","1","94061","94061","94061","1","1","1","94115","94115","94115"
"789","1","1","1","16383","16383","16383","1","1","1","94170","94170","94170","1","1","1","94300","94300","94300","1","1","1","94065","94065","94065","1","1","1","94119","94119","94119"
"790","1","1","1","16387","16387","16387","1","1","1","94174","94174","94174","1","1","1","94304","94304","94304","1","1","1","94069","94069","94069","1","1","1","94123","94123","94123"
"791","1","1","1","16391","16391","16391","1","1","1","94178","94178","94178","1","1","1","94308","94308","94308","1","1","1","94073","94073","94073","1","1","1","94127","94127","94127"
"792","1","1","1","16547","16547","16547","1","1","1","95214","95214","95214","1","1","1","95354","95354","95354","1","1","1","95114","95114","95114","1","1","1","95164","95164","95164"
"793","1","1","1","16551","16551","16551","1","1","1","95218","95218","95218","1","1","1","95358","95358","95358","1","1","1","95118","95118","95118","1","1","1","95168","95168","95168"
"794","1","1","1","16555","16555","16555","1","1","1","95222","95222","95222","1","1","1","95362","95362","95362","1","1","1","95122","95122","95122","1","1","1","95172","95172","95172"
"795","1","1","1","16559","16559","16559","1","1","1","95226","95226","95226","1","1","1","95366","95366","95366","1","1","1","95128","95128","95128","0.9","0.9","0.9","95176","95176","95176"
"796","1","1","1","16563","16563","16563","1","1","1","95230","95230","95230","1","1","1","95370","95370","95370","1","1","1","95132","95132","95132","1","1","1","95180","95180","95180"
"797","1","1","1","16567","16567","16567","1","1","1","95234","95234","95234","1","1","1","95374","95374","95374","1","1","1","95136","95136","95136","1","1","1","95184","95184","95184"
"798","1","1","1","16571","16571","16571","1","1","1","95238","95238","95238","1","1","1","95378","95378","95378","1","1","1","95140","95140","95140","1","1","1","95188","95188","95188"
"799","1","1","1","16575","16575","16575","1","1","1","95242","95242","95242","1","1","1","95382","95382","95382","1","1","1","95144","95144","95144","1","1","1","95192","95192","95192"
"800","1","1","1","16579","16579","16579","1","1","1","95246","95246","95246","1","1","1","95386","95386","95386","1","1","1","95148","95148","95148","1","1","1","95196","95196","95196"
"801","1","1","1","16739","16739","16739","1","1","1","96287","96287","96287","1","1","1","96428","96428","96428","1","1","1","96184","96184","96184","1","1","1","96231","96231","96231"
"802","1","1","1","16743","16743","16743","1","1","1","96291","96291","96291","1","1","1","96432","96432","96432","1","1","1","96188","96188","96188","1","1","1","96235","96235","96235"
"803","1","1","1","16747","16747","16747","1","1","1","96295","96295","96295","1","1","1","96436","96436","96436","1","1","1","96192","96192","96192","1","1","1","96239","96239","96239"
"804","1","1","1","16751","16751","16751","1","1","1","96299","96299","96299","1","1","1","96440","96440","96440","1","1","1","96196","96196","96196","1","1","1","96243","96243","96243"
"805","1","1","1","16755","16755","16755","1","1","1","96303","96303","96303","1","1","1","96444","96444","96444","1","1","1","96200","96200","96200","1","1","1","96247","96247","96247"
"806","1","1","1","16759","16759","16759","1","1","1","96307","96307","96307","1","1","1","96448","96448","96448","1","1","1","96204","96204","96204","1","1","1","96251","96251","96251"
"807","1","1","1","16763","16763","16763","1","1","1","96311","96311","96311","1","1","1","96452","96452","96452","1","1","1","96208","96208","96208","1","1","1","96255","96255","96255"
"808","1","1","1","16767","16767","16767","1","1","1","96315","96315","96315","1","1","1","96456","96456","96456","1","1","1","96212","96212","96212","1","1","1","96259","96259","96259"
"809","1","1","1","16771","16771","16771","1","1","1","96319","96319","96319","1","1","1","96460","96460","96460","1","1","1","96216","96216","96216","1","1","1","96263","96263","96263"
"810","1","1","1","16924","16924","16924","1","1","1","97361","97361","97361","1","1","1","97501","97501","97501","1","1","1","97252","97252","97252","1","1","1","97304","97304","97304"
"811","1","1","1","16928","16928","16928","1","1","1","97365","97365","97365","1","1","1","97505","97505","97505","1","1","1","97256","97256","97256","1","1","1","97308","97308","97308"
"812","1","1","1","16932","16932","16932","1","1","1","97369","97369","97369","1","1","1","97509","97509","97509","1","1","1","97260","97260","97260","1","1","1","97312","97312","97312"
"813","1","1","1","16936","16936","16936","1","1","1","97373","97373","97373","1","1","1","97513","97513","97513","1","1","1","97264","97264","97264","1","1","1","97316","97316","97316"
"814","1","1","1","16940","16940","16940","1","1","1","97377","97377","97377","1","1","1","97517","97517","97517","1","1","1","97268","97268","97268","1","1","1","97320","97320","97320"
"815","1","1","1","16944","16944","16944","1","1","1","97381","97381","97381","1","1","1","97521","97521","97521","1","1","1","97272","97272","97272","1","1","1","97324","97324","97324"
"816","1","1","1","16948","16948","16948","1","1","1","97385","97385","97385","1","1","1","97525","97525","97525","1","1","1","97276","97276","97276","1","1","1","97328","97328","97328"
"817","1","1","1","16952","16952","16952","1","1","1","97389","97389","97389","1","1","1","97529","97529","97529","1","1","1","97280","97280","97280","1","1","1","97332","97332","97332"
"818","1","1","1","16956","16956","16956","1","1","1","97393","97393","97393","1","1","1","97533","97533","97533","1","1","1","97284","97284","97284","1","1","1","97336","97336","97336"
"819","1","1","1","17111","17111","17111","1","1","1","98434","98434","98434","1","1","1","98570","98570","98570","1","1","1","98321","98321","98321","1","1","1","98373","98373","98373"
"820","1","1","1","17115","17115","17115","1","1","1","98438","98438","98438","1","1","1","98574","98574","98574","1","1","1","98325","98325","98325","1","1","1","98377","98377","98377"
"821","1","1","1","17119","17119","17119","1","1","1","98442","98442","98442","1","1","1","98578","98578","98578","1","1","1","98329","98329","98329","1","1","1","98381","98381","98381"
"822","1","1","1","17123","17123","17123","1","1","1","98446","98446","98446","1","1","1","98582","98582","98582","1","1","1","98333","98333","98333","1","1","1","98385","98385","98385"
"823","1","1","1","17127","17127","17127","1","1","1","98450","98450","98450","0.9","0.9","0.9","98586","98586","98586","1","1","1","98337","98337","98337","1","1","1","98389","98389","98389"
"824","1","1","1","17131","17131","17131","1","1","1","98454","98454","98454","1","1","1","98590","98590","98590","1","1","1","98341","98341","98341","1","1","1","98393","98393","98393"
"825","1","1","1","17135","17135","17135","1","1","1","98458","98458","98458","1","1","1","98594","98594","98594","1","1","1","98345","98345","98345","1","1","1","98397","98397","98397"
"826","1","1","1","17139","17139","17139","1","1","1","98462","98462","98462","1","1","1","98598","98598","98598","1","1","1","98349","98349","98349","1","1","1","98401","98401","98401"
"827","1","1","1","17143","17143","17143","1","1","1","98466","98466","98466","1","1","1","98602","98602","98602","1","1","1","98353","98353","98353","1","1","1","98405","98405","98405"
"828","1","1","1","17296","17296","17296","1","1","1","99507","99507","99507","1","1","1","99642","99642","99642","1","1","1","99389","99389","99389","1","1","1","99441","99441","99441"
"829","1","1","1","17300","17300","17300","1","1","1","99511","99511","99511","1","1","1","99646","99646","99646","1","1","1","99393","99393","99393","1","1","1","99445","99445","99445"
"830","1","1","1","17304","17304","17304","1","1","1","99515","99515","99515","1","1","1","99650","99650","99650","1","1","1","99397","99397","99397","1","1","1","99449","99449","99449"
"831","1","1","1","17308","17308","17308","1","1","1","99519","99519","99519","1","1","1","99654","99654","99654","1","1","1","99401","99401","99401","1","1","1","99453","99453","99453"
"832","1","1","1","17312","17312","17312","1","1","1","99523","99523","99523","1","1","1","99658","99658","99658","1","1","1","99405","99405","99405","1","1","1","99457","99457","99457"
"833","1","1","1","17316","17316","17316","1","1","1","99527","99527","99527","1","1","1","99662","99662","99662","1","1","1","99409","99409","99409","1","1","1","99461","99461","99461"
"834","1","1","1","17320","17320","17320","1","1","1","99531","99531","99531","1","1","1","99666","99666","99666","1","1","1","99413","99413","99413","1","1","1","99465","99465","99465"
"835","1","1","1","17324","17324","17324","1","1","1","99535","99535","99535","1","1","1","99670","99670","99670","1","1","1","99417","99417","99417","1","1","1","99469","99469","99469"
"836","1","1","1","17328","17328","17328","1","1","1","99539","99539","99539","1","1","1","99674","99674","99674","1","1","1","99421","99421","99421","1","1","1","99473","99473","99473"
"837","1","1","1","17480","17480","17480","1","1","1","100575","100575","100575","1","1","1","100715","100715","100715","1","1","1","100457","100457","100457","1","1","1","100515","100515","100515"
"838","1","1","1","17484","17484","17484","1","1","1","100579","100579","100579","1","1","1","100719","100719","100719","1","1","1","100461","100461","100461","1","1","1","100519","100519","100519"
"839","1","1","1","17488","17488","17488","1","1","1","100583","100583","100583","1","1","1","100723","100723","100723","1","1","1","100465","100465","100465","1","1","1","100523","100523","100523"
"840","1","1","1","17492","17492","17492","1","1","1","100587","100587","100587","1","1","1","100727","100727","100727","1","1","1","100469","100469","100469","1","1","1","100527","100527","100527"
"841","1","1","1","17496","17496","17496","1","1","1","100591","100591","100591","1","1","1","100731","100731","100731","1","1","1","100473","100473","100473","1","1","1","100531","100531","100531"
"842","1","1","1","17500","17500","17500","1","1","1","100595","100595","100595","1","1","1","100735","100735","100735","1","1","1","100477","100477","100477","1","1","1","100535","100535","100535"
"843","1","1","1","17504","17504","17504","1","1","1","100599","100599","100599","1","1","1","100739","100739","100739","1","1","1","100481","100481","100481","1","1","1","100539","100539","100539"
"844","1","1","1","17508","17508","17508","1","1","1","100603","100603","100603","1","1","1","100743","100743","100743","1","1","1","100485","100485","100485","1","1","1","100543","100543","100543"
"845","1","1","1","17512","17512","17512","1","1","1","100607","100607","100607","1","1","1","100747","100747","100747","1","1","1","100489","100489","100489","1","1","1","100547","100547","100547"
"846","1","1","1","17673","17673","17673","1","1","1","101648","101648","101648","1","1","1","101784","101784","101784","1","1","1","101526","101526","101526","1","1","1","101583","101583","101583"
"847","1","1","1","17677","17677","17677","1","1","1","101652","101652","101652","1","1","1","101788","101788","101788","1","1","1","101530","101530","101530","1","1","1","101587","101587","101587"
"848","1","1","1","17681","17681","17681","1","1","1","101656","101656","101656","1","1","1","101792","101792","101792","1","1","1","101534","101534","101534","1","1","1","101591","101591","101591"
"849","1","1","1","17685","17685","17685","1","1","1","101660","101660","101660","1","1","1","101796","101796","101796","1","1","1","101543","101543","101543","1","1","1","101595","101595","101595"
"850","1","1","1","17689","17689","17689","1","1","1","101664","101664","101664","1","1","1","101800","101800","101800","1","1","1","101547","101547","101547","1","1","1","101599","101599","101599"
"851","1","1","1","17693","17693","17693","1","1","1","101668","101668","101668","1","1","1","101804","101804","101804","1","1","1","101551","101551","101551","1","1","1","101603","101603","101603"
"852","1","1","1","17697","17697","17697","1","1","1","101672","101672","101672","1","1","1","101808","101808","101808","1","1","1","101555","101555","101555","1","1","1","101607","101607","101607"
"853","1","1","1","17701","17701","17701","1","1","1","101676","101676","101676","1","1","1","101812","101812","101812","1","1","1","101559","101559","101559","1","1","1","101611","101611","101611"
"854","1","1","1","17705","17705","17705","1","1","1","101680","101680","101680","1","1","1","101816","101816","101816","1","1","1","101563","101563","101563","1","1","1","101615","101615","101615"
"855","1","1","1","17870","17870","17870","1","1","1","102721","102721","102721","1","1","1","102852","102852","102852","1","1","1","102599","102599","102599","1","1","1","102656","102656","102656"
"856","1","1","1","17874","17874","17874","1","1","1","102725","102725","102725","1","1","1","102856","102856","102856","1","1","1","102603","102603","102603","1","1","1","102660","102660","102660"
"857","1","1","1","17878","17878","17878","1","1","1","102729","102729","102729","1","1","1","102860","102860","102860","1","1","1","102607","102607","102607","1","1","1","102664","102664","102664"
"858","1","1","1","17882","17882","17882","1","1","1","102733","102733","102733","1","1","1","102864","102864","102864","1","1","1","102611","102611","102611","1","1","1","102668","102668","102668"
"859","1","1","1","17886","17886","17886","1","1","1","102737","102737","102737","1","1","1","102868","102868","102868","1","1","1","102615","102615","102615","1","1","1","102672","102672","102672"
"860","1","1","1","17890","17890","17890","1","1","1","102741","102741","102741","1","1","1","102872","102872","102872","1","1","1","102619","102619","102619","1","1","1","102676","102676","102676"
"861","1","1","1","17894","17894","17894","1","1","1","102745","102745","102745","1","1","1","102876","102876","102876","1","1","1","102623","102623","102623","1","1","1","102680","102680","102680"
"862","1","1","1","17898","17898","17898","1","1","1","102749","102749","102749","1","1","1","102880","102880","102880","1","1","1","102627","102627","102627","1","1","1","102684","102684","102684"
"863","1","1","1","17902","17902","17902","1","1","1","102753","102753","102753","1","1","1","102884","102884","102884","1","1","1","102631","102631","102631","1","1","1","102688","102688","102688"
"864","1","1","1","18059","18059","18059","1","1","1","103789","103789","103789","1","1","1","103925","103925","103925","1","1","1","103672","103672","103672","1","1","1","103725","103725","103725"
"865","0.8","0.8","0.8","18063","18063","18063","1","1","1","103793","103793","103793","1","1","1","103929","103929","103929","1","1","1","103676","103676","103676","1","1","1","103729","103729","103729"
"866","1","1","1","18067","18067","18067","1","1","1","103797","103797","103797","1","1","1","103933","103933","103933","1","1","1","103680","103680","103680","1","1","1","103733","103733","103733"
"867","1","1","1","18071","18071","18071","1","1","1","103801","103801","103801","1","1","1","103937","103937","103937","1","1","1","103684","103684","103684","1","1","1","103737","103737","103737"
"868","1","1","1","18075","18075","18075","1","1","1","103806","103806","103806","1","1","1","103941","103941","103941","1","1","1","103688","103688","103688","1","1","1","103741","103741","103741"
"869","1","1","1","18079","18079","18079","1","1","1","103810","103810","103810","1","1","1","103945","103945","103945","1","1","1","103692","103692","103692","1","1","1","103745","103745","103745"
"870","1","1","1","18083","18083","18083","1","1","1","103814","103814","103814","1","1","1","103949","103949","103949","1","1","1","103696","103696","103696","1","1","1","103749","103749","103749"
"871","1","1","1","18087","18087","18087","1","1","1","103818","103818","103818","1","1","1","103953","103953","103953","1","1","1","103700","103700","103700","1","1","1","103753","103753","103753"
"872","1","1","1","18091","18091","18091","1","1","1","103822","103822","103822","1","1","1","103957","103957","103957","1","1","1","103704","103704","103704","1","1","1","103757","103757","103757"
"873","1","1","1","18249","18249","18249","1","1","1","104858","104858","104858","1","1","1","104993","104993","104993","1","1","1","104745","104745","104745","1","1","1","104798","104798","104798"
"874","1","1","1","18253","18253","18253","0.8","0.8","0.8","104862","104862","104862","1","1","1","104997","104997","104997","1","1","1","104749","104749","104749","1","1","1","104802","104802","104802"
"875","1","1","1","18257","18257","18257","1","1","1","104866","104866","104866","1","1","1","105001","105001","105001","1","1","1","104753","104753","104753","1","1","1","104806","104806","104806"
"876","1","1","1","18261","18261","18261","1","1","1","104870","104870","104870","1","1","1","105005","105005","105005","1","1","1","104757","104757","104757","1","1","1","104810","104810","104810"
"877","1","1","1","18265","18265","18265","1","1","1","104874","104874","104874","1","1","1","105009","105009","105009","1","1","1","104761","104761","104761","1","1","1","104814","104814","104814"
"878","1","1","1","18269","18269","18269","1","1","1","104878","104878","104878","1","1","1","105013","105013","105013","1","1","1","104765","104765","104765","1","1","1","104818","104818","104818"
"879","1","1","1","18273","18273","18273","1","1","1","104882","104882","104882","1","1","1","105017","105017","105017","1","1","1","104769","104769","104769","1","1","1","104822","104822","104822"
"880","1","1","1","18277","18277","18277","1","1","1","104886","104886","104886","1","1","1","105021","105021","105021","1","1","1","104773","104773","104773","1","1","1","104826","104826","104826"
"881","1","1","1","18281","18281","18281","1","1","1","104890","104890","104890","1","1","1","105025","105025","105025","1","1","1","104777","104777","104777","1","1","1","104830","104830","104830"
"882","1","1","1","18436","18436","18436","1","1","1","105926","105926","105926","1","1","1","106067","106067","106067","1","1","1","105813","105813","105813","1","1","1","105866","105866","105866"
"883","1","1","1","18440","18440","18440","1","1","1","105930","105930","105930","1","1","1","106071","106071","106071","1","1","1","105817","105817","105817","1","1","1","105870","105870","105870"
"884","1","1","1","18444","18444","18444","1","1","1","105934","105934","105934","1","1","1","106075","106075","106075","1","1","1","105821","105821","105821","1","1","1","105874","105874","105874"
"885","1","1","1","18448","18448","18448","1","1","1","105938","105938","105938","1","1","1","106079","106079","106079","1","1","1","105825","105825","105825","1","1","1","105878","105878","105878"
"886","1","1","1","18452","18452","18452","1","1","1","105942","105942","105942","1","1","1","106083","106083","106083","1","1","1","105829","105829","105829","1","1","1","105882","105882","105882"
"887","1","1","1","18456","18456","18456","1","1","1","105946","105946","105946","1","1","1","106087","106087","106087","1","1","1","105833","105833","105833","1","1","1","105886","105886","105886"
"888","1","1","1","18460","18460","18460","1","1","1","105950","105950","105950","1","1","1","106091","106091","106091","1","1","1","105837","105837","105837","1","1","1","105890","105890","105890"
"889","1","1","1","18464","18464","18464","1","1","1","105954","105954","105954","1","1","1","106095","106095","106095","1","1","1","105841","105841","105841","1","1","1","105894","105894","105894"
"890","1","1","1","18468","18468","18468","1","1","1","105958","105958","105958","1","1","1","106099","106099","106099","1","1","1","105845","105845","105845","1","1","1","105898","105898","105898"
"891","1","1","1","18621","18621","18621","1","1","1","106994","106994","106994","1","1","1","107135","107135","107135","1","1","1","106882","106882","106882","1","1","1","106940","106940","106940"
"892","1","1","1","18625","18625","18625","1","1","1","106998","106998","106998","1","1","1","107139","107139","107139","1","1","1","106886","106886","106886","1","1","1","106944","106944","106944"
"893","1","1","1","18629","18629","18629","1","1","1","107002","107002","107002","1","1","1","107143","107143","107143","1","1","1","106890","106890","106890","1","1","1","106948","106948","106948"
"894","1","1","1","18633","18633","18633","1","1","1","107006","107006","107006","1","1","1","107147","107147","107147","1","1","1","106894","106894","106894","0.9","0.9","0.9","106952","106952","106952"
"895","1","1","1","18637","18637","18637","1","1","1","107010","107010","107010","1","1","1","107151","107151","107151","1","1","1","106898","106898","106898","1","1","1","106956","106956","106956"
"896","1","1","1","18641","18641","18641","1","1","1","107014","107014","107014","1","1","1","107155","107155","107155","1","1","1","106902","106902","106902","1","1","1","106960","106960","106960"
"897","1","1","1","18645","18645","18645","1","1","1","107018","107018","107018","1","1","1","107159","107159","107159","1","1","1","106906","106906","106906","1","1","1","106964","106964","106964"
"898","1","1","1","18649","18649","18649","1","1","1","107022","107022","107022","1","1","1","107163","107163","107163","1","1","1","106910","106910","106910","1","1","1","106968","106968","106968"
"899","1","1","1","18653","18653","18653","1","1","1","107026","107026","107026","1","1","1","107167","107167","107167","1","1","1","106914","106914","106914","1","1","1","106972","106972","106972"
"900","1","1","1","18806","18806","18806","1","1","1","108063","108063","108063","1","1","1","108204","108204","108204","1","1","1","107951","107951","107951","1","1","1","108012","108012","108012"
"901","1","1","1","18810","18810","18810","1","1","1","108067","108067","108067","1","1","1","108208","108208","108208","1","1","1","107955","107955","107955","1","1","1","108016","108016","108016"
"902","1","1","1","18814","18814","18814","1","1","1","108071","108071","108071","1","1","1","108212","108212","108212","1","1","1","107959","107959","107959","1","1","1","108020","108020","108020"
"903","1","1","1","18818","18818","18818","1","1","1","108075","108075","108075","1","1","1","108216","108216","108216","1","1","1","107963","107963","107963","1","1","1","108024","108024","108024"
"904","1","1","1","18822","18822","18822","1","1","1","108079","108079","108079","1","1","1","108220","108220","108220","1","1","1","107967","107967","107967","1","1","1","108028","108028","108028"
"905","1","1","1","18826","18826","18826","1","1","1","108083","108083","108083","1","1","1","108224","108224","108224","1","1","1","107971","107971","107971","1","1","1","108032","108032","108032"
"906","1","1","1","18830","18830","18830","1","1","1","108087","108087","108087","1","1","1","108228","108228","108228","1","1","1","107975","107975","107975","1","1","1","108036","108036","108036"
"907","1","1","1","18834","18834","18834","1","1","1","108091","108091","108091","1","1","1","108232","108232","108232","1","1","1","107979","107979","107979","1","1","1","108040","108040","108040"
"908","1","1","1","18838","18838","18838","1","1","1","108095","108095","108095","1","1","1","108236","108236","108236","1","1","1","107983","107983","107983","1","1","1","108044","108044","108044"
"909","1","1","1","18991","18991","18991","1","1","1","109136","109136","109136","1","1","1","109277","109277","109277","1","1","1","109019","109019","109019","1","1","1","109081","109081","109081"
"910","1","1","1","18995","18995","18995","1","1","1","109140","109140","109140","1","1","1","109281","109281","109281","1","1","1","109023","109023","109023","1","1","1","109085","109085","109085"
"911","1","1","1","18999","18999","18999","1","1","1","109144","109144","109144","1","1","1","109285","109285","109285","1","1","1","109027","109027","109027","1","1","1","109089","109089","109089"
"912","1","1","1","19003","19003","19003","1","1","1","109148","109148","109148","1","1","1","109289","109289","109289","1","1","1","109031","109031","109031","1","1","1","109093","109093","109093"
"913","1","1","1","19007","19007","19007","1","1","1","109152","109152","109152","0.9","0.9","0.9","109293","109293","109293","1","1","1","109035","109035","109035","1","1","1","109097","109097","109097"
"914","1","1","1","19011","19011","19011","1","1","1","109156","109156","109156","1","1","1","109297","109297","109297","1","1","1","109039","109039","109039","1","1","1","109101","109101","109101"
"915","1","1","1","19015","19015","19015","1","1","1","109160","109160","109160","1","1","1","109301","109301","109301","1","1","1","109043","109043","109043","1","1","1","109105","109105","109105"
"916","1","1","1","19019","19019","19019","1","1","1","109164","109164","109164","1","1","1","109305","109305","109305","1","1","1","109047","109047","109047","1","1","1","109109","109109","109109"
"917","1","1","1","19023","19023","19023","1","1","1","109168","109168","109168","1","1","1","109309","109309","109309","1","1","1","109051","109051","109051","1","1","1","109113","109113","109113"
"918","1","1","1","19192","19192","19192","1","1","1","110204","110204","110204","1","1","1","110349","110349","110349","1","1","1","110087","110087","110087","1","1","1","110149","110149","110149"
"919","1","1","1","19196","19196","19196","1","1","1","110208","110208","110208","1","1","1","110353","110353","110353","1","1","1","110091","110091","110091","1","1","1","110153","110153","110153"
"920","1","1","1","19200","19200","19200","1","1","1","110212","110212","110212","1","1","1","110357","110357","110357","1","1","1","110095","110095","110095","1","1","1","110157","110157","110157"
"921","1","1","1","19204","19204","19204","1","1","1","110216","110216","110216","1","1","1","110361","110361","110361","1","1","1","110099","110099","110099","1","1","1","110161","110161","110161"
"922","1","1","1","19208","19208","19208","1","1","1","110220","110220","110220","1","1","1","110365","110365","110365","1","1","1","110103","110103","110103","1","1","1","110165","110165","110165"
"923","1","1","1","19212","19212","19212","1","1","1","110224","110224","110224","1","1","1","110369","110369","110369","1","1","1","110107","110107","110107","1","1","1","110169","110169","110169"
"924","1","1","1","19216","19216","19216","1","1","1","110228","110228","110228","1","1","1","110373","110373","110373","1","1","1","110111","110111","110111","1","1","1","110173","110173","110173"
"925","1","1","1","19220","19220","19220","1","1","1","110232","110232","110232","1","1","1","110377","110377","110377","1","1","1","110115","110115","110115","1","1","1","110177","110177","110177"
"926","1","1","1","19224","19224","19224","1","1","1","110236","110236","110236","1","1","1","110381","110381","110381","1","1","1","110119","110119","110119","1","1","1","110181","110181","110181"
"927","1","1","1","19377","19377","19377","1","1","1","111272","111272","111272","1","1","1","111417","111417","111417","1","1","1","111156","111156","111156","1","1","1","111217","111217","111217"
"928","1","1","1","19381","19381","19381","1","1","1","111276","111276","111276","1","1","1","111421","111421","111421","1","1","1","111160","111160","111160","1","1","1","111221","111221","111221"
"929","1","1","1","19385","19385","19385","1","1","1","111280","111280","111280","1","1","1","111425","111425","111425","0.8","0.8","0.8","111164","111164","111164","1","1","1","111225","111225","111225"
"930","1","1","1","19389","19389","19389","1","1","1","111284","111284","111284","1","1","1","111429","111429","111429","1","1","1","111168","111168","111168","1","1","1","111229","111229","111229"
"931","1","1","1","19393","19393","19393","1","1","1","111288","111288","111288","1","1","1","111433","111433","111433","1","1","1","111172","111172","111172","1","1","1","111233","111233","111233"
"932","1","1","1","19397","19397","19397","1","1","1","111292","111292","111292","1","1","1","111437","111437","111437","1","1","1","111176","111176","111176","1","1","1","111237","111237","111237"
"933","1","1","1","19401","19401","19401","1","1","1","111296","111296","111296","1","1","1","111441","111441","111441","1","1","1","111180","111180","111180","1","1","1","111241","111241","111241"
"934","1","1","1","19405","19405","19405","1","1","1","111300","111300","111300","1","1","1","111445","111445","111445","1","1","1","111184","111184","111184","1","1","1","111245","111245","111245"
"935","1","1","1","19409","19409","19409","1","1","1","111304","111304","111304","1","1","1","111449","111449","111449","1","1","1","111188","111188","111188","1","1","1","111249","111249","111249"
"936","1","1","1","19570","19570","19570","1","1","1","112340","112340","112340","1","1","1","112490","112490","112490","1","1","1","112224","112224","112224","1","1","1","112286","112286","112286"
"937","1","1","1","19574","19574","19574","1","1","1","112344","112344","112344","1","1","1","112494","112494","112494","1","1","1","112228","112228","112228","1","1","1","112290","112290","112290"
"938","1","1","1","19578","19578","19578","1","1","1","112348","112348","112348","1","1","1","112498","112498","112498","1","1","1","112232","112232","112232","1","1","1","112294","112294","112294"
"939","1","1","1","19582","19582","19582","1","1","1","112352","112352","112352","1","1","1","112502","112502","112502","1","1","1","112236","112236","112236","1","1","1","112298","112298","112298"
"940","1","1","1","19586","19586","19586","1","1","1","112356","112356","112356","1","1","1","112506","112506","112506","1","1","1","112240","112240","112240","1","1","1","112302","112302","112302"
"941","1","1","1","19590","19590","19590","1","1","1","112360","112360","112360","1","1","1","112510","112510","112510","1","1","1","112244","112244","112244","1","1","1","112306","112306","112306"
"942","1","1","1","19594","19594","19594","1","1","1","112364","112364","112364","1","1","1","112514","112514","112514","1","1","1","112248","112248","112248","1","1","1","112310","112310","112310"
"943","1","1","1","19598","19598","19598","1","1","1","112368","112368","112368","1","1","1","112518","112518","112518","1","1","1","112252","112252","112252","1","1","1","112314","112314","112314"
"944","1","1","1","19602","19602","19602","1","1","1","112372","112372","112372","1","1","1","112522","112522","112522","1","1","1","112256","112256","112256","1","1","1","112318","112318","112318"
"945","1","1","1","19753","19753","19753","1","1","1","113409","113409","113409","1","1","1","113563","113563","113563","1","1","1","113297","113297","113297","1","1","1","113364","113364","113364"
"946","1","1","1","19757","19757","19757","1","1","1","113413","113413","113413","1","1","1","113567","113567","113567","1","1","1","113301","113301","113301","1","1","1","113368","113368","113368"
"947","1","1","1","19761","19761","19761","1","1","1","113417","113417","113417","1","1","1","113571","113571","113571","1","1","1","113305","113305","113305","1","1","1","113372","113372","113372"
"948","1","1","1","19765","19765","19765","1","1","1","113421","113421","113421","1","1","1","113575","113575","113575","1","1","1","113309","113309","113309","1","1","1","113376","113376","113376"
"949","1","1","1","19769","19769","19769","1","1","1","113425","113425","113425","1","1","1","113579","113579","113579","1","1","1","113313","113313","113313","1","1","1","113380","113380","113380"
"950","1","1","1","19773","19773","19773","1","1","1","113429","113429","113429","1","1","1","113583","113583","113583","1","1","1","113317","113317","113317","1","1","1","113384","113384","113384"
"951","1","1","1","19777","19777","19777","1","1","1","113433","113433","113433","1","1","1","113587","113587","113587","1","1","1","113321","113321","113321","1","1","1","113388","113388","113388"
"952","1","1","1","19781","19781","19781","1","1","1","113437","113437","113437","1","1","1","113591","113591","113591","1","1","1","113325","113325","113325","1","1","1","113392","113392","113392"
"953","1","1","1","19785","19785","19785","1","1","1","113441","113441","113441","1","1","1","113595","113595","113595","1","1","1","113329","113329","113329","1","1","1","113396","113396","113396"
"954","1","1","1","19944","19944","19944","1","1","1","114478","114478","114478","1","1","1","114631","114631","114631","1","1","1","114365","114365","114365","1","1","1","114432","114432","114432"
"955","1","1","1","19948","19948","19948","1","1","1","114482","114482","114482","1","1","1","114635","114635","114635","1","1","1","114369","114369","114369","1","1","1","114436","114436","114436"
"956","1","1","1","19952","19952","19952","0.8","0.8","0.8","114486","114486","114486","1","1","1","114639","114639","114639","1","1","1","114373","114373","114373","1","1","1","114440","114440","114440"
"957","1","1","1","19956","19956","19956","1","1","1","114490","114490","114490","1","1","1","114643","114643","114643","1","1","1","114377","114377","114377","1","1","1","114444","114444","114444"
"958","1","1","1","19960","19960","19960","1","1","1","114494","114494","114494","1","1","1","114647","114647","114647","1","1","1","114381","114381","114381","1","1","1","114448","114448","114448"
"959","1","1","1","19964","19964","19964","1","1","1","114498","114498","114498","1","1","1","114651","114651","114651","1","1","1","114385","114385","114385","1","1","1","114452","114452","114452"
"960","1","1","1","19968","19968","19968","1","1","1","114502","114502","114502","1","1","1","114655","114655","114655","1","1","1","114389","114389","114389","1","1","1","114456","114456","114456"
"961","1","1","1","19972","19972","19972","1","1","1","114506","114506","114506","1","1","1","114659","114659","114659","1","1","1","114393","114393","114393","1","1","1","114460","114460","114460"
"962","1","1","1","19976","19976","19976","1","1","1","114510","114510","114510","1","1","1","114663","114663","114663","1","1","1","114397","114397","114397","1","1","1","114464","114464","114464"
"963","1","1","1","20128","20128","20128","1","1","1","115550","115550","115550","1","1","1","115699","115699","115699","1","1","1","115439","115439","115439","1","1","1","115500","115500","115500"
"964","1","1","1","20132","20132","20132","1","1","1","115554","115554","115554","1","1","1","115703","115703","115703","1","1","1","115443","115443","115443","1","1","1","115504","115504","115504"
"965","1","1","1","20136","20136","20136","1","1","1","115558","115558","115558","1","1","1","115707","115707","115707","1","1","1","115447","115447","115447","1","1","1","115508","115508","115508"
"966","1","1","1","20140","20140","20140","0.9","0.9","0.9","115562","115562","115562","1","1","1","115711","115711","115711","1","1","1","115451","115451","115451","1","1","1","115512","115512","115512"
"967","1","1","1","20144","20144","20144","1","1","1","115566","115566","115566","1","1","1","115715","115715","115715","1","1","1","115455","115455","115455","1","1","1","115516","115516","115516"
"968","1","1","1","20148","20148","20148","1","1","1","115570","115570","115570","1","1","1","115719","115719","115719","1","1","1","115459","115459","115459","1","1","1","115520","115520","115520"
"969","1","1","1","20152","20152","20152","1","1","1","115574","115574","115574","1","1","1","115723","115723","115723","1","1","1","115463","115463","115463","1","1","1","115524","115524","115524"
"970","1","1","1","20156","20156","20156","1","1","1","115578","115578","115578","1","1","1","115727","115727","115727","1","1","1","115467","115467","115467","1","1","1","115528","115528","115528"
"971","1","1","1","20160","20160","20160","1","1","1","115582","115582","115582","1","1","1","115731","115731","115731","1","1","1","115471","115471","115471","1","1","1","115532","115532","115532"
"972","1","1","1","20319","20319","20319","1","1","1","116617","116617","116617","1","1","1","116778","116778","116778","1","1","1","116507","116507","116507","1","1","1","116569","116569","116569"
"973","1","1","1","20323","20323","20323","1","1","1","116621","116621","116621","1","1","1","116782","116782","116782","1","1","1","116511","116511","116511","1","1","1","116573","116573","116573"
"974","1","1","1","20327","20327","20327","1","1","1","116625","116625","116625","1","1","1","116786","116786","116786","1","1","1","116515","116515","116515","1","1","1","116577","116577","116577"
"975","1","1","1","20331","20331","20331","1","1","1","116629","116629","116629","1","1","1","116790","116790","116790","1","1","1","116519","116519","116519","1","1","1","116581","116581","116581"
"976","1","1","1","20335","20335","20335","1","1","1","116633","116633","116633","1","1","1","116794","116794","116794","1","1","1","116523","116523","116523","1","1","1","116585","116585","116585"
"977","1","1","1","20339","20339","20339","1","1","1","116637","116637","116637","1","1","1","116798","116798","116798","1","1","1","116527","116527","116527","1","1","1","116589","116589","116589"
"978","1","1","1","20343","20343","20343","1","1","1","116641","116641","116641","1","1","1","116802","116802","116802","1","1","1","116531","116531","116531","1","1","1","116593","116593","116593"
"979","1","1","1","20347","20347","20347","1","1","1","116645","116645","116645","1","1","1","116806","116806","116806","1","1","1","116535","116535","116535","1","1","1","116597","116597","116597"
"980","1","1","1","20351","20351","20351","1","1","1","116649","116649","116649","1","1","1","116810","116810","116810","1","1","1","116539","116539","116539","1","1","1","116601","116601","116601"
"981","1","1","1","20503","20503","20503","1","1","1","117691","117691","117691","1","1","1","117847","117847","117847","1","1","1","117575","117575","117575","1","1","1","117637","117637","117637"
"982","1","1","1","20507","20507","20507","1","1","1","117695","117695","117695","1","1","1","117851","117851","117851","1","1","1","117579","117579","117579","1","1","1","117641","117641","117641"
"983","1","1","1","20511","20511","20511","1","1","1","117699","117699","117699","1","1","1","117855","117855","117855","1","1","1","117583","117583","117583","1","1","1","117645","117645","117645"
"984","1","1","1","20515","20515","20515","1","1","1","117703","117703","117703","1","1","1","117859","117859","117859","1","1","1","117587","117587","117587","1","1","1","117649","117649","117649"
"985","1","1","1","20519","20519","20519","1","1","1","117707","117707","117707","1","1","1","117863","117863","117863","1","1","1","117591","117591","117591","1","1","1","117653","117653","117653"
"986","1","1","1","20523","20523","20523","1","1","1","117711","117711","117711","1","1","1","117867","117867","117867","1","1","1","117595","117595","117595","1","1","1","117657","117657","117657"
"987","1","1","1","20527","20527","20527","1","1","1","117715","117715","117715","1","1","1","117871","117871","117871","1","1","1","117599","117599","117599","1","1","1","117661","117661","117661"
"988","1","1","1","20531","20531","20531","1","1","1","117719","117719","117719","1","1","1","117875","117875","117875","1","1","1","117603","117603","117603","1","1","1","117665","117665","117665"
"989","1","1","1","20535","20535","20535","1","1","1","117723","117723","117723","1","1","1","117879","117879","117879","1","1","1","117607","117607","117607","1","1","1","117669","117669","117669"
"990","1","1","1","20689","20689","20689","1","1","1","118769","118769","118769","1","1","1","118915","118915","118915","1","1","1","118644","118644","118644","1","1","1","118705","118705","118705"
"991","1","1","1","20693","20693","20693","1","1","1","118773","118773","118773","1","1","1","118919","118919","118919","1","1","1","118648","118648","118648","1","1","1","118709","118709","118709"
"992","1","1","1","20697","20697","20697","1","1","1","118777","118777","118777","1","1","1","118923","118923","118923","1","1","1","118652","118652","118652","1","1","1","118713","118713","118713"
"993","1","1","1","20701","20701","20701","1","1","1","118781","118781","118781","1","1","1","118927","118927","118927","1","1","1","118656","118656","118656","0.9","0.9","0.9","118717","118717","118717"
"994","1","1","1","20705","20705","20705","1","1","1","118785","118785","118785","1","1","1","118931","118931","118931","1","1","1","118660","118660","118660","1","1","1","118721","118721","118721"
"995","1","1","1","20709","20709","20709","1","1","1","118789","118789","118789","1","1","1","118935","118935","118935","1","1","1","118664","118664","118664","1","1","1","118725","118725","118725"
"996","1","1","1","20713","20713","20713","1","1","1","118793","118793","118793","1","1","1","118939","118939","118939","1","1","1","118668","118668","118668","1","1","1","118729","118729","118729"
"997","1","1","1","20717","20717","20717","1","1","1","118797","118797","118797","1","1","1","118943","118943","118943","1","1","1","118672","118672","118672","1","1","1","118733","118733","118733"
"998","1","1","1","20721","20721","20721","1","1","1","118801","118801","118801","1","1","1","118947","118947","118947","1","1","1","118676","118676","118676","1","1","1","118737","118737","118737"
"999","1","1","1","20877","20877","20877","1","1","1","119837","119837","119837","1","1","1","119983","119983","119983","1","1","1","119712","119712","119712","1","1","1","119772","119772","119772"
"1000","1","1","1","20881","20881","20881","1","1","1","119841","119841","119841","1","1","1","119987","119987","119987","1","1","1","119716","119716","119716","1","1","1","119776","119776","119776"
"1001","1","1","1","20885","20885","20885","1","1","1","119845","119845","119845","1","1","1","119991","119991","119991","1","1","1","119720","119720","119720","1","1","1","119780","119780","119780"
"1002","1","1","1","20889","20889","20889","1","1","1","119849","119849","119849","1","1","1","119995","119995","119995","1","1","1","119724","119724","119724","1","1","1","119784","119784","119784"
"1003","1","1","1","20893","20893","20893","1","1","1","119853","119853","119853","0.9","0.9","0.9","119999","119999","119999","1","1","1","119728","119728","119728","1","1","1","119788","119788","119788"
"1004","1","1","1","20897","20897","20897","1","1","1","119857","119857","119857","1","1","1","120003","120003","120003","1","1","1","119732","119732","119732","1","1","1","119792","119792","119792"
"1005","1","1","1","20901","20901","20901","1","1","1","119861","119861","119861","1","1","1","120007","120007","120007","1","1","1","119736","119736","119736","1","1","1","119796","119796","119796"
"1006","1","1","1","20905","20905","20905","1","1","1","119865","119865","119865","1","1","1","120011","120011","120011","1","1","1","119740","119740","119740","1","1","1","119800","119800","119800"
"1007","1","1","1","20909","20909","20909","1","1","1","119869","119869","119869","1","1","1","120015","120015","120015","1","1","1","119744","119744","119744","1","1","1","119804","119804","119804"
"1008","1","1","1","21066","21066","21066","1","1","1","120905","120905","120905","1","1","1","121051","121051","121051","1","1","1","120780","120780","120780","1","1","1","120855","120855","120855"
"1009","1","1","1","21070","21070","21070","1","1","1","120909","120909","120909","1","1","1","121055","121055","121055","1","1","1","120784","120784","120784","1","1","1","120859","120859","120859"
"1010","1","1","1","21074","21074","21074","1","1","1","120913","120913","120913","1","1","1","121059","121059","121059","1","1","1","120788","120788","120788","1","1","1","120863","120863","120863"
"1011","1","1","1","21078","21078","21078","1","1","1","120917","120917","120917","1","1","1","121063","121063","121063","1","1","1","120792","120792","120792","1","1","1","120867","120867","120867"
"1012","1","1","1","21082","21082","21082","1","1","1","120921","120921","120921","1","1","1","121067","121067","121067","1","1","1","120796","120796","120796","1","1","1","120871","120871","120871"
"1013","1","1","1","21086","21086","21086","1","1","1","120925","120925","120925","1","1","1","121071","121071","121071","1","1","1","120800","120800","120800","1","1","1","120875","120875","120875"
"1014","1","1","1","21090","21090","21090","1","1","1","120929","120929","120929","1","1","1","121075","121075","121075","1","1","1","120804","120804","120804","1","1","1","120879","120879","120879"
"1015","1","1","1","21094","21094","21094","1","1","1","120933","120933","120933","1","1","1","121079","121079","121079","1","1","1","120808","120808","120808","1","1","1","120883","120883","120883"
"1016","1","1","1","21098","21098","21098","1","1","1","120937","120937","120937","1","1","1","121083","121083","121083","1","1","1","120812","120812","120812","1","1","1","120887","120887","120887"
"1017","1","1","1","21249","21249","21249","1","1","1","121979","121979","121979","1","1","1","122119","122119","122119","1","1","1","121849","121849","121849","1","1","1","121923","121923","121923"
"1018","1","1","1","21253","21253","21253","1","1","1","121983","121983","121983","1","1","1","122123","122123","122123","1","1","1","121853","121853","121853","1","1","1","121927","121927","121927"
"1019","1","1","1","21257","21257","21257","1","1","1","121987","121987","121987","1","1","1","122127","122127","122127","1","1","1","121857","121857","121857","1","1","1","121931","121931","121931"
"1020","1","1","1","21261","21261","21261","1","1","1","121991","121991","121991","1","1","1","122131","122131","122131","1","1","1","121862","121862","121862","0.9","0.9","0.9","121935","121935","121935"
"1021","1","1","1","21265","21265","21265","1","1","1","121995","121995","121995","1","1","1","122135","122135","122135","1","1","1","121866","121866","121866","1","1","1","121939","121939","121939"
"1022","1","1","1","21269","21269","21269","1","1","1","121999","121999","121999","1","1","1","122139","122139","122139","1","1","1","121870","121870","121870","1","1","1","121943","121943","121943"
"1023","1","1","1","21273","21273","21273","1","1","1","122003","122003","122003","1","1","1","122143","122143","122143","1","1","1","121874","121874","121874","1","1","1","121947","121947","121947"
"1024","1","1","1","21277","21277","21277","1","1","1","122007","122007","122007","1","1","1","122147","122147","122147","1","1","1","121878","121878","121878","1","1","1","121951","121951","121951"
"1025","1","1","1","21281","21281","21281","1","1","1","122011","122011","122011","1","1","1","122151","122151","122151","1","1","1","121882","121882","121882","1","1","1","121955","121955","121955"
"1026","1","1","1","21439","21439","21439","1","1","1","123047","123047","123047","1","1","1","123193","123193","123193","1","1","1","122918","122918","122918","1","1","1","122991","122991","122991"
"1027","1","1","1","21443","21443","21443","1","1","1","123051","123051","123051","1","1","1","123197","123197","123197","1","1","1","122922","122922","122922","1","1","1","122995","122995","122995"
"1028","1","1","1","21449","21449","21449","1","1","1","123055","123055","123055","1","1","1","123201","123201","123201","1","1","1","122926","122926","122926","1","1","1","122999","122999","122999"
"1029","1","1","1","21453","21453","21453","1","1","1","123059","123059","123059","1","1","1","123205","123205","123205","1","1","1","122930","122930","122930","1","1","1","123003","123003","123003"
"1030","1","1","1","21457","21457","21457","1","1","1","123063","123063","123063","1","1","1","123209","123209","123209","1","1","1","122934","122934","122934","1","1","1","123007","123007","123007"
"1031","1","1","1","21461","21461","21461","1","1","1","123067","123067","123067","1","1","1","123213","123213","123213","1","1","1","122938","122938","122938","1","1","1","123011","123011","123011"
"1032","1","1","1","21465","21465","21465","1","1","1","123071","123071","123071","1","1","1","123217","123217","123217","1","1","1","122942","122942","122942","1","1","1","123015","123015","123015"
"1033","1","1","1","21469","21469","21469","1","1","1","123075","123075","123075","1","1","1","123221","123221","123221","1","1","1","122946","122946","122946","1","1","1","123019","123019","123019"
"1034","1","1","1","21473","21473","21473","1","1","1","123079","123079","123079","1","1","1","123225","123225","123225","1","1","1","122950","122950","122950","1","1","1","123023","123023","123023"
"1035","1","1","1","21629","21629","21629","1","1","1","124115","124115","124115","1","1","1","124266","124266","124266","1","1","1","123986","123986","123986","1","1","1","124059","124059","124059"
"1036","1","1","1","21633","21633","21633","1","1","1","124119","124119","124119","1","1","1","124270","124270","124270","1","1","1","123990","123990","123990","1","1","1","124063","124063","124063"
"1037","1","1","1","21637","21637","21637","1","1","1","124123","124123","124123","1","1","1","124274","124274","124274","1","1","1","123994","123994","123994","1","1","1","124067","124067","124067"
"1038","1","1","1","21641","21641","21641","1","1","1","124128","124128","124128","1","1","1","124278","124278","124278","1","1","1","123998","123998","123998","1","1","1","124071","124071","124071"
"1039","1","1","1","21645","21645","21645","1","1","1","124132","124132","124132","1","1","1","124282","124282","124282","1","1","1","124002","124002","124002","1","1","1","124075","124075","124075"
"1040","1","1","1","21649","21649","21649","1","1","1","124136","124136","124136","1","1","1","124286","124286","124286","1","1","1","124006","124006","124006","1","1","1","124079","124079","124079"
"1041","1","1","1","21653","21653","21653","1","1","1","124140","124140","124140","1","1","1","124290","124290","124290","1","1","1","124010","124010","124010","1","1","1","124083","124083","124083"
"1042","1","1","1","21657","21657","21657","1","1","1","124144","124144","124144","1","1","1","124294","124294","124294","1","1","1","124014","124014","124014","1","1","1","124087","124087","124087"
"1043","1","1","1","21661","21661","21661","1","1","1","124148","124148","124148","1","1","1","124298","124298","124298","1","1","1","124018","124018","124018","1","1","1","124091","124091","124091"
"1044","1","1","1","21825","21825","21825","1","1","1","125185","125185","125185","1","1","1","125334","125334","125334","1","1","1","125055","125055","125055","1","1","1","125128","125128","125128"
"1045","1","1","1","21829","21829","21829","1","1","1","125189","125189","125189","1","1","1","125338","125338","125338","1","1","1","125059","125059","125059","1","1","1","125132","125132","125132"
"1046","1","1","1","21833","21833","21833","1","1","1","125193","125193","125193","1","1","1","125342","125342","125342","1","1","1","125063","125063","125063","1","1","1","125136","125136","125136"
"1047","1","1","1","21837","21837","21837","1","1","1","125197","125197","125197","1","1","1","125346","125346","125346","1","1","1","125067","125067","125067","1","1","1","125140","125140","125140"
"1048","1","1","1","21841","21841","21841","1","1","1","125201","125201","125201","1","1","1","125350","125350","125350","1","1","1","125071","125071","125071","1","1","1","125144","125144","125144"
"1049","1","1","1","21845","21845","21845","1","1","1","125205","125205","125205","1","1","1","125354","125354","125354","1","1","1","125075","125075","125075","1","1","1","125148","125148","125148"
"1050","1","1","1","21849","21849","21849","1","1","1","125209","125209","125209","1","1","1","125358","125358","125358","1","1","1","125079","125079","125079","1","1","1","125152","125152","125152"
"1051","1","1","1","21853","21853","21853","1","1","1","125213","125213","125213","1","1","1","125362","125362","125362","1","1","1","125083","125083","125083","1","1","1","125156","125156","125156"
"1052","1","1","1","21857","21857","21857","1","1","1","125217","125217","125217","1","1","1","125366","125366","125366","1","1","1","125087","125087","125087","1","1","1","125160","125160","125160"
"1053","1","1","1","22019","22019","22019","1","1","1","126258","126258","126258","1","1","1","126403","126403","126403","1","1","1","126123","126123","126123","1","1","1","126201","126201","126201"
"1054","1","1","1","22023","22023","22023","1","1","1","126262","126262","126262","1","1","1","126407","126407","126407","1","1","1","126127","126127","126127","1","1","1","126205","126205","126205"
"1055","1","1","1","22027","22027","22027","1","1","1","126266","126266","126266","1","1","1","126411","126411","126411","1","1","1","126131","126131","126131","1","1","1","126209","126209","126209"
"1056","1","1","1","22031","22031","22031","1","1","1","126270","126270","126270","1","1","1","126415","126415","126415","1","1","1","126135","126135","126135","1","1","1","126213","126213","126213"
"1057","1","1","1","22035","22035","22035","1","1","1","126274","126274","126274","1","1","1","126419","126419","126419","1","1","1","126139","126139","126139","1","1","1","126217","126217","126217"
"1058","1","1","1","22039","22039","22039","1","1","1","126278","126278","126278","1","1","1","126423","126423","126423","1","1","1","126143","126143","126143","1","1","1","126221","126221","126221"
"1059","1","1","1","22043","22043","22043","1","1","1","126282","126282","126282","1","1","1","126427","126427","126427","1","1","1","126147","126147","126147","1","1","1","126225","126225","126225"
"1060","1","1","1","22047","22047","22047","1","1","1","126286","126286","126286","1","1","1","126431","126431","126431","1","1","1","126151","126151","126151","1","1","1","126229","126229","126229"
"1061","1","1","1","22051","22051","22051","1","1","1","126290","126290","126290","1","1","1","126435","126435","126435","1","1","1","126155","126155","126155","1","1","1","126233","126233","126233"
"1062","1","1","1","22203","22203","22203","1","1","1","127326","127326","127326","1","1","1","127471","127471","127471","1","1","1","127191","127191","127191","1","1","1","127274","127274","127274"
"1063","1","1","1","22207","22207","22207","1","1","1","127330","127330","127330","1","1","1","127475","127475","127475","1","1","1","127195","127195","127195","1","1","1","127278","127278","127278"
"1064","1","1","1","22211","22211","22211","1","1","1","127334","127334","127334","1","1","1","127479","127479","127479","1","1","1","127199","127199","127199","1","1","1","127282","127282","127282"
"1065","1","1","1","22215","22215","22215","1","1","1","127338","127338","127338","1","1","1","127483","127483","127483","1","1","1","127203","127203","127203","1","1","1","127286","127286","127286"
"1066","1","1","1","22219","22219","22219","1","1","1","127342","127342","127342","1","1","1","127487","127487","127487","1","1","1","127207","127207","127207","1","1","1","127290","127290","127290"
"1067","1","1","1","22223","22223","22223","1","1","1","127346","127346","127346","1","1","1","127491","127491","127491","1","1","1","127211","127211","127211","1","1","1","127294","127294","127294"
"1068","1","1","1","22227","22227","22227","1","1","1","127350","127350","127350","1","1","1","127495","127495","127495","1","1","1","127215","127215","127215","1","1","1","127298","127298","127298"
"1069","1","1","1","22231","22231","22231","1","1","1","127354","127354","127354","1","1","1","127499","127499","127499","1","1","1","127219","127219","127219","1","1","1","127302","127302","127302"
"1070","1","1","1","22235","22235","22235","1","1","1","127358","127358","127358","1","1","1","127503","127503","127503","1","1","1","127223","127223","127223","1","1","1","127306","127306","127306"
"1071","1","1","1","22397","22397","22397","1","1","1","128395","128395","128395","1","1","1","128539","128539","128539","1","1","1","128271","128271","128271","1","1","1","128347","128347","128347"
"1072","1","1","1","22401","22401","22401","1","1","1","128399","128399","128399","1","1","1","128543","128543","128543","1","1","1","128275","128275","128275","1","1","1","128351","128351","128351"
"1073","1","1","1","22405","22405","22405","1","1","1","128403","128403","128403","1","1","1","128547","128547","128547","1","1","1","128279","128279","128279","1","1","1","128355","128355","128355"
"1074","1","1","1","22409","22409","22409","1","1","1","128407","128407","128407","1","1","1","128551","128551","128551","1","1","1","128283","128283","128283","1","1","1","128359","128359","128359"
"1075","1","1","1","22413","22413","22413","1","1","1","128411","128411","128411","1","1","1","128555","128555","128555","1","1","1","128287","128287","128287","1","1","1","128363","128363","128363"
"1076","1","1","1","22417","22417","22417","1","1","1","128415","128415","128415","1","1","1","128559","128559","128559","1","1","1","128291","128291","128291","1","1","1","128367","128367","128367"
"1077","1","1","1","22421","22421","22421","1","1","1","128419","128419","128419","1","1","1","128563","128563","128563","1","1","1","128295","128295","128295","1","1","1","128371","128371","128371"
"1078","1","1","1","22425","22425","22425","1","1","1","128423","128423","128423","1","1","1","128567","128567","128567","1","1","1","128299","128299","128299","1","1","1","128375","128375","128375"
"1079","1","1","1","22429","22429","22429","1","1","1","128427","128427","128427","1","1","1","128571","128571","128571","1","1","1","128303","128303","128303","1","1","1","128379","128379","128379"
"1080","1","1","1","22585","22585","22585","1","1","1","129468","129468","129468","1","1","1","129607","129607","129607","1","1","1","129339","129339","129339","1","1","1","129415","129415","129415"
"1081","1","1","1","22589","22589","22589","1","1","1","129472","129472","129472","1","1","1","129611","129611","129611","1","1","1","129343","129343","129343","1","1","1","129419","129419","129419"
"1082","1","1","1","22593","22593","22593","1","1","1","129476","129476","129476","1","1","1","129615","129615","129615","1","1","1","129347","129347","129347","1","1","1","129423","129423","129423"
"1083","1","1","1","22597","22597","22597","1","1","1","129480","129480","129480","1","1","1","129619","129619","129619","1","1","1","129351","129351","129351","1","1","1","129427","129427","129427"
"1084","1","1","1","22601","22601","22601","1","1","1","129484","129484","129484","1","1","1","129623","129623","129623","1","1","1","129355","129355","129355","1","1","1","129431","129431","129431"
"1085","1","1","1","22605","22605","22605","1","1","1","129488","129488","129488","1","1","1","129627","129627","129627","1","1","1","129359","129359","129359","1","1","1","129435","129435","129435"
"1086","1","1","1","22609","22609","22609","1","1","1","129492","129492","129492","1","1","1","129631","129631","129631","1","1","1","129363","129363","129363","1","1","1","129439","129439","129439"
"1087","1","1","1","22613","22613","22613","1","1","1","129496","129496","129496","1","1","1","129635","129635","129635","1","1","1","129367","129367","129367","1","1","1","129443","129443","129443"
"1088","1","1","1","22617","22617","22617","1","1","1","129500","129500","129500","1","1","1","129639","129639","129639","1","1","1","129371","129371","129371","1","1","1","129447","129447","129447"
"1089","1","1","1","22774","22774","22774","1","1","1","130537","130537","130537","1","1","1","130680","130680","130680","1","1","1","130407","130407","130407","1","1","1","130484","130484","130484"
"1090","1","1","1","22778","22778","22778","1","1","1","130541","130541","130541","1","1","1","130684","130684","130684","1","1","1","130411","130411","130411","1","1","1","130488","130488","130488"
"1091","1","1","1","22782","22782","22782","1","1","1","130545","130545","130545","1","1","1","130688","130688","130688","1","1","1","130415","130415","130415","1","1","1","130492","130492","130492"
"1092","1","1","1","22786","22786","22786","1","1","1","130549","130549","130549","1","1","1","130692","130692","130692","1","1","1","130419","130419","130419","1","1","1","130496","130496","130496"
"1093","1","1","1","22790","22790","22790","1","1","1","130553","130553","130553","1","1","1","130696","130696","130696","1","1","1","130423","130423","130423","1","1","1","130500","130500","130500"
"1094","1","1","1","22794","22794","22794","1","1","1","130557","130557","130557","1","1","1","130700","130700","130700","1","1","1","130427","130427","130427","1","1","1","130504","130504","130504"
"1095","1","1","1","22798","22798","22798","1","1","1","130561","130561","130561","1","1","1","130704","130704","130704","1","1","1","130431","130431","130431","1","1","1","130508","130508","130508"
"1096","1","1","1","22802","22802","22802","1","1","1","130565","130565","130565","1","1","1","130708","130708","130708","1","1","1","130435","130435","130435","1","1","1","130512","130512","130512"
"1097","1","1","1","22806","22806","22806","1","1","1","130569","130569","130569","1","1","1","130712","130712","130712","1","1","1","130439","130439","130439","1","1","1","130516","130516","130516"
"1098","1","1","1","22962","22962","22962","1","1","1","131605","131605","131605","1","1","1","131754","131754","131754","1","1","1","131476","131476","131476","1","1","1","131552","131552","131552"
"1099","1","1","1","22966","22966","22966","1","1","1","131609","131609","131609","1","1","1","131758","131758","131758","1","1","1","131480","131480","131480","1","1","1","131556","131556","131556"
"1100","1","1","1","22970","22970","22970","1","1","1","131613","131613","131613","1","1","1","131762","131762","131762","1","1","1","131484","131484","131484","1","1","1","131560","131560","131560"
"1101","1","1","1","22974","22974","22974","1","1","1","131617","131617","131617","1","1","1","131766","131766","131766","1","1","1","131488","131488","131488","1","1","1","131564","131564","131564"
"1102","1","1","1","22978","22978","22978","1","1","1","131621","131621","131621","1","1","1","131770","131770","131770","1","1","1","131492","131492","131492","1","1","1","131568","131568","131568"
"1103","1","1","1","22982","22982","22982","1","1","1","131625","131625","131625","1","1","1","131774","131774","131774","1","1","1","131496","131496","131496","1","1","1","131572","131572","131572"
"1104","1","1","1","22986","22986","22986","1","1","1","131629","131629","131629","1","1","1","131778","131778","131778","1","1","1","131500","131500","131500","1","1","1","131576","131576","131576"
"1105","1","1","1","22990","22990","22990","1","1","1","131633","131633","131633","1","1","1","131782","131782","131782","1","1","1","131504","131504","131504","1","1","1","131580","131580","131580"
"1106","1","1","1","22994","22994","22994","1","1","1","131637","131637","131637","1","1","1","131786","131786","131786","1","1","1","131508","131508","131508","1","1","1","131584","131584","131584"
"1107","1","1","1","23148","23148","23148","1","1","1","132673","132673","132673","1","1","1","132822","132822","132822","1","1","1","132544","132544","132544","1","1","1","132625","132625","132625"
"1108","1","1","1","23152","23152","23152","1","1","1","132677","132677","132677","1","1","1","132826","132826","132826","1","1","1","132548","132548","132548","1","1","1","132629","132629","132629"
"1109","1","1","1","23156","23156","23156","1","1","1","132681","132681","132681","1","1","1","132830","132830","132830","1","1","1","132552","132552","132552","1","1","1","132633","132633","132633"
"1110","1","1","1","23160","23160","23160","1","1","1","132685","132685","132685","1","1","1","132834","132834","132834","1","1","1","132556","132556","132556","1","1","1","132637","132637","132637"
"1111","1","1","1","23164","23164","23164","1","1","1","132689","132689","132689","1","1","1","132838","132838","132838","1","1","1","132560","132560","132560","1","1","1","132641","132641","132641"
"1112","1","1","1","23168","23168","23168","1","1","1","132693","132693","132693","1","1","1","132842","132842","132842","1","1","1","132564","132564","132564","1","1","1","132645","132645","132645"
"1113","1","1","1","23172","23172","23172","1","1","1","132697","132697","132697","1","1","1","132846","132846","132846","1","1","1","132568","132568","132568","1","1","1","132649","132649","132649"
"1114","1","1","1","23176","23176","23176","1","1","1","132701","132701","132701","1","1","1","132850","132850","132850","1","1","1","132572","132572","132572","1","1","1","132653","132653","132653"
"1115","1","1","1","23180","23180","23180","1","1","1","132705","132705","132705","1","1","1","132854","132854","132854","1","1","1","132576","132576","132576","1","1","1","132657","132657","132657"
"1116","1","1","1","23335","23335","23335","1","1","1","133748","133748","133748","1","1","1","133895","133895","133895","1","1","1","133617","133617","133617","1","1","1","133694","133694","133694"
"1117","1","1","1","23339","23339","23339","1","1","1","133752","133752","133752","1","1","1","133899","133899","133899","1","1","1","133621","133621","133621","1","1","1","133698","133698","133698"
"1118","1","1","1","23343","23343","23343","1","1","1","133756","133756","133756","1","1","1","133903","133903","133903","1","1","1","133625","133625","133625","1","1","1","133702","133702","133702"
"1119","1","1","1","23347","23347","23347","1","1","1","133760","133760","133760","1","1","1","133907","133907","133907","1","1","1","133629","133629","133629","0.9","0.9","0.9","133706","133706","133706"
"1120","1","1","1","23351","23351","23351","1","1","1","133764","133764","133764","1","1","1","133911","133911","133911","1","1","1","133633","133633","133633","1","1","1","133710","133710","133710"
"1121","1","1","1","23355","23355","23355","1","1","1","133768","133768","133768","1","1","1","133915","133915","133915","1","1","1","133637","133637","133637","1","1","1","133714","133714","133714"
"1122","1","1","1","23359","23359","23359","1","1","1","133772","133772","133772","1","1","1","133919","133919","133919","1","1","1","133641","133641","133641","1","1","1","133718","133718","133718"
"1123","1","1","1","23363","23363","23363","1","1","1","133776","133776","133776","1","1","1","133923","133923","133923","1","1","1","133645","133645","133645","1","1","1","133722","133722","133722"
"1124","1","1","1","23367","23367","23367","1","1","1","133780","133780","133780","1","1","1","133927","133927","133927","1","1","1","133649","133649","133649","1","1","1","133726","133726","133726"
"1125","1","1","1","23521","23521","23521","1","1","1","134816","134816","134816","1","1","1","134968","134968","134968","1","1","1","134686","134686","134686","1","1","1","134761","134761","134761"
"1126","1","1","1","23525","23525","23525","1","1","1","134820","134820","134820","1","1","1","134972","134972","134972","1","1","1","134690","134690","134690","1","1","1","134765","134765","134765"
"1127","1","1","1","23529","23529","23529","1","1","1","134824","134824","134824","1","1","1","134976","134976","134976","1","1","1","134694","134694","134694","1","1","1","134769","134769","134769"
"1128","1","1","1","23533","23533","23533","1","1","1","134828","134828","134828","1","1","1","134980","134980","134980","1","1","1","134698","134698","134698","1","1","1","134773","134773","134773"
"1129","0.9","0.9","0.9","23537","23537","23537","1","1","1","134832","134832","134832","1","1","1","134984","134984","134984","1","1","1","134702","134702","134702","1","1","1","134777","134777","134777"
"1130","1","1","1","23541","23541","23541","1","1","1","134836","134836","134836","1","1","1","134988","134988","134988","1","1","1","134706","134706","134706","1","1","1","134781","134781","134781"
"1131","1","1","1","23545","23545","23545","1","1","1","134840","134840","134840","1","1","1","134992","134992","134992","1","1","1","134710","134710","134710","1","1","1","134785","134785","134785"
"1132","1","1","1","23549","23549","23549","1","1","1","134844","134844","134844","1","1","1","134996","134996","134996","1","1","1","134714","134714","134714","1","1","1","134789","134789","134789"
"1133","1","1","1","23553","23553","23553","1","1","1","134848","134848","134848","1","1","1","135000","135000","135000","1","1","1","134718","134718","134718","1","1","1","134793","134793","134793"
"1134","1","1","1","23704","23704","23704","1","1","1","135885","135885","135885","1","1","1","136036","136036","136036","1","1","1","135754","135754","135754","1","1","1","135829","135829","135829"
"1135","1","1","1","23708","23708","23708","1","1","1","135889","135889","135889","1","1","1","136040","136040","136040","1","1","1","135758","135758","135758","1","1","1","135833","135833","135833"
"1136","1","1","1","23712","23712","23712","1","1","1","135893","135893","135893","1","1","1","136044","136044","136044","1","1","1","135762","135762","135762","1","1","1","135837","135837","135837"
"1137","1","1","1","23716","23716","23716","1","1","1","135897","135897","135897","1","1","1","136048","136048","136048","0.9","0.9","0.9","135766","135766","135766","1","1","1","135841","135841","135841"
"1138","1","1","1","23720","23720","23720","1","1","1","135901","135901","135901","1","1","1","136052","136052","136052","1","1","1","135770","135770","135770","1","1","1","135845","135845","135845"
"1139","1","1","1","23724","23724","23724","0.9","0.9","0.9","135905","135905","135905","1","1","1","136056","136056","136056","1","1","1","135774","135774","135774","1","1","1","135849","135849","135849"
"1140","1","1","1","23728","23728","23728","1","1","1","135909","135909","135909","1","1","1","136060","136060","136060","1","1","1","135778","135778","135778","1","1","1","135853","135853","135853"
"1141","1","1","1","23732","23732","23732","1","1","1","135913","135913","135913","1","1","1","136064","136064","136064","1","1","1","135782","135782","135782","1","1","1","135857","135857","135857"
"1142","1","1","1","23736","23736","23736","1","1","1","135917","135917","135917","1","1","1","136068","136068","136068","1","1","1","135786","135786","135786","1","1","1","135861","135861","135861"
"1143","1","1","1","23889","23889","23889","1","1","1","136952","136952","136952","1","1","1","137114","137114","137114","1","1","1","136837","136837","136837","1","1","1","136898","136898","136898"
"1144","1","1","1","23893","23893","23893","1","1","1","136956","136956","136956","1","1","1","137118","137118","137118","1","1","1","136841","136841","136841","1","1","1","136902","136902","136902"
"1145","1","1","1","23897","23897","23897","1","1","1","136960","136960","136960","1","1","1","137122","137122","137122","1","1","1","136845","136845","136845","1","1","1","136906","136906","136906"
"1146","1","1","1","23901","23901","23901","1","1","1","136964","136964","136964","0.9","0.9","0.9","137126","137126","137126","0.9","0.9","0.9","136849","136849","136849","1","1","1","136910","136910","136910"
"1147","1","1","1","23905","23905","23905","1","1","1","136968","136968","136968","1","1","1","137130","137130","137130","1","1","1","136853","136853","136853","1","1","1","136914","136914","136914"
"1148","1","1","1","23909","23909","23909","1","1","1","136972","136972","136972","1","1","1","137134","137134","137134","1","1","1","136857","136857","136857","1","1","1","136918","136918","136918"
"1149","1","1","1","23913","23913","23913","1","1","1","136976","136976","136976","1","1","1","137138","137138","137138","1","1","1","136861","136861","136861","1","1","1","136922","136922","136922"
"1150","1","1","1","23917","23917","23917","1","1","1","136980","136980","136980","1","1","1","137142","137142","137142","1","1","1","136865","136865","136865","1","1","1","136926","136926","136926"
"1151","1","1","1","23921","23921","23921","1","1","1","136984","136984","136984","1","1","1","137146","137146","137146","1","1","1","136869","136869","136869","1","1","1","136930","136930","136930"
"1152","1","1","1","24074","24074","24074","1","1","1","138025","138025","138025","1","1","1","138182","138182","138182","1","1","1","137904","137904","137904","1","1","1","137971","137971","137971"
"1153","1","1","1","24078","24078","24078","1","1","1","138029","138029","138029","1","1","1","138186","138186","138186","1","1","1","137908","137908","137908","1","1","1","137975","137975","137975"
"1154","1","1","1","24082","24082","24082","1","1","1","138033","138033","138033","1","1","1","138190","138190","138190","1","1","1","137912","137912","137912","1","1","1","137979","137979","137979"
"1155","1","1","1","24086","24086","24086","1","1","1","138037","138037","138037","1","1","1","138194","138194","138194","1","1","1","137916","137916","137916","1","1","1","137983","137983","137983"
"1156","1","1","1","24090","24090","24090","1","1","1","138041","138041","138041","1","1","1","138198","138198","138198","1","1","1","137920","137920","137920","1","1","1","137987","137987","137987"
"1157","1","1","1","24094","24094","24094","1","1","1","138045","138045","138045","1","1","1","138202","138202","138202","1","1","1","137924","137924","137924","1","1","1","137991","137991","137991"
"1158","1","1","1","24098","24098","24098","1","1","1","138049","138049","138049","1","1","1","138206","138206","138206","1","1","1","137928","137928","137928","1","1","1","137995","137995","137995"
"1159","1","1","1","24102","24102","24102","1","1","1","138053","138053","138053","1","1","1","138210","138210","138210","1","1","1","137932","137932","137932","1","1","1","137999","137999","137999"
"1160","1","1","1","24106","24106","24106","1","1","1","138057","138057","138057","1","1","1","138214","138214","138214","1","1","1","137936","137936","137936","1","1","1","138003","138003","138003"
"1161","1","1","1","24257","24257","24257","1","1","1","139099","139099","139099","1","1","1","139250","139250","139250","1","1","1","138972","138972","138972","1","1","1","139039","139039","139039"
"1162","1","1","1","24261","24261","24261","1","1","1","139103","139103","139103","1","1","1","139254","139254","139254","1","1","1","138976","138976","138976","1","1","1","139043","139043","139043"
"1163","1","1","1","24265","24265","24265","0.8","0.8","0.8","139107","139107","139107","1","1","1","139258","139258","139258","1","1","1","138980","138980","138980","1","1","1","139047","139047","139047"
"1164","1","1","1","24269","24269","24269","1","1","1","139111","139111","139111","1","1","1","139262","139262","139262","1","1","1","138984","138984","138984","1","1","1","139051","139051","139051"
"1165","1","1","1","24273","24273","24273","1","1","1","139115","139115","139115","1","1","1","139266","139266","139266","1","1","1","138988","138988","138988","1","1","1","139055","139055","139055"
"1166","1","1","1","24277","24277","24277","1","1","1","139119","139119","139119","1","1","1","139270","139270","139270","1","1","1","138992","138992","138992","1","1","1","139059","139059","139059"
"1167","1","1","1","24281","24281","24281","1","1","1","139123","139123","139123","1","1","1","139274","139274","139274","1","1","1","138996","138996","138996","1","1","1","139063","139063","139063"
"1168","1","1","1","24285","24285","24285","1","1","1","139127","139127","139127","1","1","1","139278","139278","139278","1","1","1","139000","139000","139000","1","1","1","139067","139067","139067"
"1169","1","1","1","24289","24289","24289","1","1","1","139131","139131","139131","1","1","1","139282","139282","139282","1","1","1","139004","139004","139004","1","1","1","139071","139071","139071"
"1170","1","1","1","24446","24446","24446","1","1","1","140166","140166","140166","1","1","1","140318","140318","140318","1","1","1","140040","140040","140040","1","1","1","140107","140107","140107"
"1171","1","1","1","24450","24450","24450","1","1","1","140170","140170","140170","1","1","1","140322","140322","140322","1","1","1","140044","140044","140044","1","1","1","140111","140111","140111"
"1172","1","1","1","24454","24454","24454","1","1","1","140174","140174","140174","1","1","1","140326","140326","140326","1","1","1","140048","140048","140048","1","1","1","140115","140115","140115"
"1173","1","1","1","24458","24458","24458","1","1","1","140178","140178","140178","1","1","1","140330","140330","140330","1","1","1","140052","140052","140052","1","1","1","140119","140119","140119"
"1174","1","1","1","24462","24462","24462","1","1","1","140182","140182","140182","1","1","1","140334","140334","140334","1","1","1","140056","140056","140056","1","1","1","140123","140123","140123"
"1175","1","1","1","24466","24466","24466","1","1","1","140186","140186","140186","1","1","1","140338","140338","140338","1","1","1","140060","140060","140060","1","1","1","140127","140127","140127"
"1176","1","1","1","24470","24470","24470","1","1","1","140190","140190","140190","1","1","1","140342","140342","140342","1","1","1","140064","140064","140064","1","1","1","140131","140131","140131"
"1177","1","1","1","24474","24474","24474","1","1","1","140194","140194","140194","1","1","1","140346","140346","140346","1","1","1","140068","140068","140068","1","1","1","140135","140135","140135"
"1178","1","1","1","24478","24478","24478","1","1","1","140198","140198","140198","1","1","1","140350","140350","140350","1","1","1","140072","140072","140072","1","1","1","140139","140139","140139"
"1179","1","1","1","24631","24631","24631","1","1","1","141235","141235","141235","1","1","1","141386","141386","141386","1","1","1","141114","141114","141114","1","1","1","141175","141175","141175"
"1180","1","1","1","24635","24635","24635","1","1","1","141239","141239","141239","1","1","1","141390","141390","141390","1","1","1","141118","141118","141118","1","1","1","141179","141179","141179"
"1181","1","1","1","24639","24639","24639","1","1","1","141243","141243","141243","1","1","1","141394","141394","141394","1","1","1","141122","141122","141122","1","1","1","141183","141183","141183"
"1182","1","1","1","24643","24643","24643","1","1","1","141252","141252","141252","1","1","1","141398","141398","141398","1","1","1","141127","141127","141127","1","1","1","141187","141187","141187"
"1183","1","1","1","24647","24647","24647","1","1","1","141256","141256","141256","1","1","1","141402","141402","141402","1","1","1","141131","141131","141131","1","1","1","141191","141191","141191"
"1184","1","1","1","24651","24651","24651","1","1","1","141260","141260","141260","1","1","1","141406","141406","141406","1","1","1","141135","141135","141135","1","1","1","141195","141195","141195"
"1185","1","1","1","24655","24655","24655","1","1","1","141264","141264","141264","1","1","1","141410","141410","141410","1","1","1","141139","141139","141139","1","1","1","141199","141199","141199"
"1186","1","1","1","24659","24659","24659","1","1","1","141268","141268","141268","1","1","1","141414","141414","141414","1","1","1","141143","141143","141143","1","1","1","141203","141203","141203"
"1187","1","1","1","24663","24663","24663","1","1","1","141272","141272","141272","1","1","1","141418","141418","141418","1","1","1","141147","141147","141147","1","1","1","141207","141207","141207"
"1188","1","1","1","24821","24821","24821","1","1","1","142313","142313","142313","1","1","1","142454","142454","142454","1","1","1","142184","142184","142184","1","1","1","142244","142244","142244"
"1189","1","1","1","24825","24825","24825","1","1","1","142317","142317","142317","1","1","1","142458","142458","142458","1","1","1","142188","142188","142188","1","1","1","142248","142248","142248"
"1190","1","1","1","24829","24829","24829","1","1","1","142321","142321","142321","1","1","1","142462","142462","142462","1","1","1","142192","142192","142192","1","1","1","142252","142252","142252"
"1191","1","1","1","24833","24833","24833","1","1","1","142325","142325","142325","1","1","1","142466","142466","142466","1","1","1","142196","142196","142196","0.9","0.9","0.9","142256","142256","142256"
"1192","1","1","1","24837","24837","24837","1","1","1","142329","142329","142329","1","1","1","142470","142470","142470","1","1","1","142200","142200","142200","1","1","1","142260","142260","142260"
"1193","1","1","1","24841","24841","24841","1","1","1","142333","142333","142333","1","1","1","142474","142474","142474","1","1","1","142204","142204","142204","1","1","1","142264","142264","142264"
"1194","1","1","1","24845","24845","24845","1","1","1","142337","142337","142337","1","1","1","142478","142478","142478","1","1","1","142208","142208","142208","1","1","1","142268","142268","142268"
"1195","1","1","1","24849","24849","24849","1","1","1","142341","142341","142341","1","1","1","142482","142482","142482","1","1","1","142212","142212","142212","1","1","1","142272","142272","142272"
"1196","1","1","1","24853","24853","24853","1","1","1","142345","142345","142345","1","1","1","142486","142486","142486","1","1","1","142216","142216","142216","1","1","1","142276","142276","142276"
"1197","1","1","1","25010","25010","25010","1","1","1","143386","143386","143386","1","1","1","143522","143522","143522","1","1","1","143253","143253","143253","1","1","1","143311","143311","143311"
"1198","1","1","1","25014","25014","25014","1","1","1","143390","143390","143390","1","1","1","143526","143526","143526","1","1","1","143257","143257","143257","1","1","1","143315","143315","143315"
"1199","1","1","1","25018","25018","25018","1","1","1","143394","143394","143394","1","1","1","143530","143530","143530","1","1","1","143261","143261","143261","1","1","1","143319","143319","143319"
"1200","1","1","1","25022","25022","25022","1","1","1","143398","143398","143398","1","1","1","143534","143534","143534","1","1","1","143265","143265","143265","1","1","1","143323","143323","143323"
"1201","1","1","1","25026","25026","25026","1","1","1","143402","143402","143402","1","1","1","143538","143538","143538","1","1","1","143269","143269","143269","1","1","1","143327","143327","143327"
"1202","1","1","1","25030","25030","25030","1","1","1","143406","143406","143406","1","1","1","143542","143542","143542","1","1","1","143273","143273","143273","1","1","1","143331","143331","143331"
"1203","1","1","1","25034","25034","25034","1","1","1","143410","143410","143410","1","1","1","143546","143546","143546","1","1","1","143277","143277","143277","1","1","1","143335","143335","143335"
"1204","1","1","1","25038","25038","25038","1","1","1","143414","143414","143414","1","1","1","143550","143550","143550","1","1","1","143281","143281","143281","1","1","1","143339","143339","143339"
"1205","1","1","1","25042","25042","25042","1","1","1","143418","143418","143418","1","1","1","143554","143554","143554","1","1","1","143285","143285","143285","1","1","1","143343","143343","143343"
"1206","1","1","1","25197","25197","25197","1","1","1","144454","144454","144454","1","1","1","144590","144590","144590","1","1","1","144321","144321","144321","1","1","1","144384","144384","144384"
"1207","1","1","1","25201","25201","25201","1","1","1","144458","144458","144458","1","1","1","144594","144594","144594","1","1","1","144325","144325","144325","1","1","1","144388","144388","144388"
"1208","1","1","1","25205","25205","25205","1","1","1","144462","144462","144462","1","1","1","144598","144598","144598","1","1","1","144329","144329","144329","1","1","1","144392","144392","144392"
"1209","1","1","1","25209","25209","25209","1","1","1","144466","144466","144466","1","1","1","144602","144602","144602","1","1","1","144333","144333","144333","1","1","1","144396","144396","144396"
"1210","1","1","1","25213","25213","25213","1","1","1","144470","144470","144470","1","1","1","144606","144606","144606","1","1","1","144337","144337","144337","1","1","1","144400","144400","144400"
"1211","1","1","1","25217","25217","25217","1","1","1","144474","144474","144474","1","1","1","144610","144610","144610","1","1","1","144341","144341","144341","1","1","1","144404","144404","144404"
"1212","1","1","1","25221","25221","25221","1","1","1","144478","144478","144478","1","1","1","144614","144614","144614","1","1","1","144345","144345","144345","1","1","1","144408","144408","144408"
"1213","1","1","1","25225","25225","25225","1","1","1","144482","144482","144482","1","1","1","144618","144618","144618","1","1","1","144349","144349","144349","1","1","1","144412","144412","144412"
"1214","1","1","1","25229","25229","25229","1","1","1","144486","144486","144486","1","1","1","144622","144622","144622","1","1","1","144353","144353","144353","1","1","1","144416","144416","144416"
"1215","1","1","1","25383","25383","25383","1","1","1","145522","145522","145522","1","1","1","145663","145663","145663","1","1","1","145389","145389","145389","1","1","1","145452","145452","145452"
"1216","1","1","1","25387","25387","25387","1","1","1","145526","145526","145526","1","1","1","145667","145667","145667","1","1","1","145393","145393","145393","1","1","1","145456","145456","145456"
"1217","1","1","1","25391","25391","25391","1","1","1","145530","145530","145530","1","1","1","145671","145671","145671","1","1","1","145397","145397","145397","1","1","1","145460","145460","145460"
"1218","1","1","1","25395","25395","25395","1","1","1","145534","145534","145534","1","1","1","145675","145675","145675","1","1","1","145401","145401","145401","1","1","1","145464","145464","145464"
"1219","1","1","1","25399","25399","25399","1","1","1","145538","145538","145538","0.9","0.9","0.9","145680","145680","145680","1","1","1","145405","145405","145405","1","1","1","145468","145468","145468"
"1220","1","1","1","25403","25403","25403","1","1","1","145542","145542","145542","1","1","1","145684","145684","145684","1","1","1","145409","145409","145409","1","1","1","145472","145472","145472"
"1221","1","1","1","25407","25407","25407","1","1","1","145546","145546","145546","1","1","1","145688","145688","145688","1","1","1","145413","145413","145413","1","1","1","145476","145476","145476"
"1222","1","1","1","25411","25411","25411","1","1","1","145550","145550","145550","1","1","1","145692","145692","145692","1","1","1","145417","145417","145417","1","1","1","145480","145480","145480"
"1223","1","1","1","25415","25415","25415","1","1","1","145554","145554","145554","1","1","1","145696","145696","145696","1","1","1","145421","145421","145421","1","1","1","145484","145484","145484"
"1224","1","1","1","25569","25569","25569","1","1","1","146591","146591","146591","1","1","1","146731","146731","146731","1","1","1","146458","146458","146458","1","1","1","146520","146520","146520"
"1225","1","1","1","25573","25573","25573","1","1","1","146595","146595","146595","1","1","1","146735","146735","146735","1","1","1","146462","146462","146462","1","1","1","146524","146524","146524"
"1226","1","1","1","25577","25577","25577","1","1","1","146599","146599","146599","1","1","1","146739","146739","146739","1","1","1","146466","146466","146466","1","1","1","146528","146528","146528"
"1227","1","1","1","25581","25581","25581","1","1","1","146603","146603","146603","1","1","1","146743","146743","146743","1","1","1","146470","146470","146470","0.9","0.9","0.9","146532","146532","146532"
"1228","1","1","1","25585","25585","25585","1","1","1","146607","146607","146607","1","1","1","146747","146747","146747","1","1","1","146474","146474","146474","1","1","1","146536","146536","146536"
"1229","1","1","1","25589","25589","25589","1","1","1","146611","146611","146611","1","1","1","146751","146751","146751","1","1","1","146478","146478","146478","1","1","1","146540","146540","146540"
"1230","1","1","1","25593","25593","25593","1","1","1","146615","146615","146615","1","1","1","146755","146755","146755","1","1","1","146482","146482","146482","1","1","1","146544","146544","146544"
"1231","1","1","1","25597","25597","25597","1","1","1","146619","146619","146619","1","1","1","146759","146759","146759","1","1","1","146486","146486","146486","1","1","1","146548","146548","146548"
"1232","1","1","1","25601","25601","25601","1","1","1","146623","146623","146623","1","1","1","146763","146763","146763","1","1","1","146490","146490","146490","1","1","1","146552","146552","146552"
"1233","1","1","1","25758","25758","25758","1","1","1","147659","147659","147659","1","1","1","147799","147799","147799","1","1","1","147526","147526","147526","1","1","1","147588","147588","147588"
"1234","1","1","1","25762","25762","25762","1","1","1","147663","147663","147663","1","1","1","147803","147803","147803","1","1","1","147530","147530","147530","1","1","1","147592","147592","147592"
"1235","1","1","1","25766","25766","25766","1","1","1","147667","147667","147667","1","1","1","147807","147807","147807","1","1","1","147534","147534","147534","1","1","1","147596","147596","147596"
"1236","1","1","1","25770","25770","25770","1","1","1","147671","147671","147671","1","1","1","147811","147811","147811","1","1","1","147538","147538","147538","1","1","1","147600","147600","147600"
"1237","1","1","1","25774","25774","25774","1","1","1","147675","147675","147675","1","1","1","147815","147815","147815","0.9","0.9","0.9","147543","147543","147543","1","1","1","147604","147604","147604"
"1238","1","1","1","25778","25778","25778","1","1","1","147679","147679","147679","1","1","1","147819","147819","147819","1","1","1","147547","147547","147547","1","1","1","147608","147608","147608"
"1239","1","1","1","25782","25782","25782","1","1","1","147683","147683","147683","1","1","1","147823","147823","147823","1","1","1","147551","147551","147551","1","1","1","147612","147612","147612"
"1240","1","1","1","25786","25786","25786","1","1","1","147687","147687","147687","1","1","1","147827","147827","147827","1","1","1","147555","147555","147555","1","1","1","147616","147616","147616"
"1241","1","1","1","25790","25790","25790","1","1","1","147691","147691","147691","1","1","1","147831","147831","147831","1","1","1","147559","147559","147559","1","1","1","147620","147620","147620"
"1242","1","1","1","25944","25944","25944","1","1","1","148727","148727","148727","1","1","1","148867","148867","148867","1","1","1","148599","148599","148599","1","1","1","148656","148656","148656"
"1243","1","1","1","25948","25948","25948","1","1","1","148731","148731","148731","1","1","1","148871","148871","148871","1","1","1","148603","148603","148603","1","1","1","148660","148660","148660"
"1244","1","1","1","25952","25952","25952","1","1","1","148735","148735","148735","1","1","1","148875","148875","148875","1","1","1","148607","148607","148607","1","1","1","148664","148664","148664"
"1245","1","1","1","25956","25956","25956","1","1","1","148739","148739","148739","1","1","1","148879","148879","148879","1","1","1","148611","148611","148611","1","1","1","148668","148668","148668"
"1246","1","1","1","25960","25960","25960","1","1","1","148743","148743","148743","1","1","1","148883","148883","148883","1","1","1","148615","148615","148615","1","1","1","148672","148672","148672"
"1247","1","1","1","25964","25964","25964","1","1","1","148747","148747","148747","1","1","1","148887","148887","148887","1","1","1","148619","148619","148619","1","1","1","148676","148676","148676"
"1248","1","1","1","25968","25968","25968","1","1","1","148751","148751","148751","1","1","1","148891","148891","148891","1","1","1","148623","148623","148623","1","1","1","148680","148680","148680"
"1249","1","1","1","25972","25972","25972","1","1","1","148755","148755","148755","1","1","1","148895","148895","148895","1","1","1","148627","148627","148627","1","1","1","148684","148684","148684"
"1250","1","1","1","25976","25976","25976","1","1","1","148759","148759","148759","1","1","1","148899","148899","148899","1","1","1","148631","148631","148631","1","1","1","148688","148688","148688"
"1251","1","1","1","26131","26131","26131","1","1","1","149795","149795","149795","1","1","1","149940","149940","149940","1","1","1","149667","149667","149667","1","1","1","149729","149729","149729"
"1252","1","1","1","26135","26135","26135","1","1","1","149799","149799","149799","1","1","1","149944","149944","149944","1","1","1","149671","149671","149671","1","1","1","149733","149733","149733"
"1253","1","1","1","26139","26139","26139","1","1","1","149803","149803","149803","1","1","1","149948","149948","149948","1","1","1","149675","149675","149675","1","1","1","149737","149737","149737"
"1254","1","1","1","26143","26143","26143","1","1","1","149807","149807","149807","1","1","1","149952","149952","149952","1","1","1","149679","149679","149679","1","1","1","149741","149741","149741"
"1255","1","1","1","26147","26147","26147","1","1","1","149811","149811","149811","1","1","1","149956","149956","149956","1","1","1","149683","149683","149683","1","1","1","149745","149745","149745"
"1256","1","1","1","26151","26151","26151","1","1","1","149815","149815","149815","1","1","1","149960","149960","149960","1","1","1","149687","149687","149687","1","1","1","149749","149749","149749"
"1257","1","1","1","26155","26155","26155","1","1","1","149819","149819","149819","1","1","1","149964","149964","149964","1","1","1","149691","149691","149691","1","1","1","149753","149753","149753"
"1258","1","1","1","26159","26159","26159","1","1","1","149823","149823","149823","1","1","1","149968","149968","149968","1","1","1","149695","149695","149695","1","1","1","149757","149757","149757"
"1259","1","1","1","26163","26163","26163","1","1","1","149827","149827","149827","1","1","1","149972","149972","149972","1","1","1","149699","149699","149699","1","1","1","149761","149761","149761"
"1260","1","1","1","26316","26316","26316","1","1","1","150873","150873","150873","1","1","1","151019","151019","151019","1","1","1","150746","150746","150746","1","1","1","150803","150803","150803"
"1261","1","1","1","26320","26320","26320","1","1","1","150877","150877","150877","1","1","1","151023","151023","151023","1","1","1","150750","150750","150750","1","1","1","150807","150807","150807"
"1262","1","1","1","26324","26324","26324","1","1","1","150881","150881","150881","1","1","1","151027","151027","151027","1","1","1","150754","150754","150754","1","1","1","150811","150811","150811"
"1263","1","1","1","26328","26328","26328","1","1","1","150885","150885","150885","1","1","1","151031","151031","151031","1","1","1","150758","150758","150758","1","1","1","150815","150815","150815"
"1264","1","1","1","26332","26332","26332","1","1","1","150889","150889","150889","1","1","1","151035","151035","151035","1","1","1","150762","150762","150762","1","1","1","150819","150819","150819"
"1265","1","1","1","26336","26336","26336","1","1","1","150893","150893","150893","1","1","1","151039","151039","151039","1","1","1","150766","150766","150766","1","1","1","150823","150823","150823"
"1266","1","1","1","26340","26340","26340","1","1","1","150897","150897","150897","1","1","1","151043","151043","151043","1","1","1","150770","150770","150770","1","1","1","150827","150827","150827"
"1267","1","1","1","26344","26344","26344","1","1","1","150901","150901","150901","1","1","1","151047","151047","151047","1","1","1","150774","150774","150774","1","1","1","150831","150831","150831"
"1268","1","1","1","26348","26348","26348","1","1","1","150905","150905","150905","1","1","1","151051","151051","151051","1","1","1","150778","150778","150778","1","1","1","150835","150835","150835"
"1269","1","1","1","26504","26504","26504","1","1","1","151942","151942","151942","1","1","1","152087","152087","152087","1","1","1","151814","151814","151814","1","1","1","151876","151876","151876"
"1270","1","1","1","26508","26508","26508","1","1","1","151946","151946","151946","1","1","1","152091","152091","152091","1","1","1","151818","151818","151818","1","1","1","151880","151880","151880"
"1271","1","1","1","26512","26512","26512","1","1","1","151950","151950","151950","1","1","1","152095","152095","152095","1","1","1","151822","151822","151822","1","1","1","151884","151884","151884"
"1272","1","1","1","26516","26516","26516","1","1","1","151954","151954","151954","1","1","1","152099","152099","152099","1","1","1","151826","151826","151826","1","1","1","151888","151888","151888"
"1273","1","1","1","26520","26520","26520","1","1","1","151958","151958","151958","1","1","1","152103","152103","152103","1","1","1","151830","151830","151830","1","1","1","151892","151892","151892"
"1274","1","1","1","26524","26524","26524","1","1","1","151962","151962","151962","1","1","1","152107","152107","152107","1","1","1","151834","151834","151834","1","1","1","151896","151896","151896"
"1275","1","1","1","26528","26528","26528","1","1","1","151966","151966","151966","1","1","1","152111","152111","152111","1","1","1","151838","151838","151838","1","1","1","151900","151900","151900"
"1276","1","1","1","26532","26532","26532","1","1","1","151970","151970","151970","1","1","1","152115","152115","152115","1","1","1","151842","151842","151842","1","1","1","151904","151904","151904"
"1277","1","1","1","26536","26536","26536","1","1","1","151974","151974","151974","1","1","1","152119","152119","152119","1","1","1","151846","151846","151846","1","1","1","151908","151908","151908"
"1278","1","1","1","26689","26689","26689","1","1","1","153010","153010","153010","1","1","1","153155","153155","153155","1","1","1","152888","152888","152888","1","1","1","152944","152944","152944"
"1279","1","1","1","26693","26693","26693","1","1","1","153014","153014","153014","1","1","1","153159","153159","153159","1","1","1","152892","152892","152892","1","1","1","152948","152948","152948"
"1280","1","1","1","26697","26697","26697","1","1","1","153018","153018","153018","1","1","1","153163","153163","153163","1","1","1","152896","152896","152896","1","1","1","152952","152952","152952"
"1281","1","1","1","26701","26701","26701","1","1","1","153022","153022","153022","1","1","1","153167","153167","153167","1","1","1","152900","152900","152900","1","1","1","152956","152956","152956"
"1282","1","1","1","26705","26705","26705","1","1","1","153026","153026","153026","1","1","1","153171","153171","153171","1","1","1","152904","152904","152904","1","1","1","152960","152960","152960"
"1283","1","1","1","26709","26709","26709","1","1","1","153030","153030","153030","1","1","1","153175","153175","153175","1","1","1","152908","152908","152908","1","1","1","152964","152964","152964"
"1284","1","1","1","26713","26713","26713","1","1","1","153034","153034","153034","1","1","1","153179","153179","153179","1","1","1","152912","152912","152912","1","1","1","152968","152968","152968"
"1285","1","1","1","26717","26717","26717","1","1","1","153038","153038","153038","1","1","1","153183","153183","153183","1","1","1","152916","152916","152916","1","1","1","152972","152972","152972"
"1286","1","1","1","26721","26721","26721","1","1","1","153042","153042","153042","1","1","1","153187","153187","153187","1","1","1","152920","152920","152920","1","1","1","152976","152976","152976"
"1287","1","1","1","26875","26875","26875","1","1","1","154078","154078","154078","1","1","1","154223","154223","154223","1","1","1","153957","153957","153957","1","1","1","154012","154012","154012"
"1288","1","1","1","26879","26879","26879","1","1","1","154082","154082","154082","1","1","1","154227","154227","154227","1","1","1","153961","153961","153961","1","1","1","154016","154016","154016"
"1289","1","1","1","26883","26883","26883","1","1","1","154086","154086","154086","1","1","1","154231","154231","154231","1","1","1","153965","153965","153965","1","1","1","154020","154020","154020"
"1290","1","1","1","26887","26887","26887","1","1","1","154090","154090","154090","1","1","1","154235","154235","154235","1","1","1","153969","153969","153969","1","1","1","154024","154024","154024"
"1291","1","1","1","26891","26891","26891","1","1","1","154094","154094","154094","0.9","0.9","0.9","154239","154239","154239","1","1","1","153973","153973","153973","1","1","1","154028","154028","154028"
"1292","1","1","1","26895","26895","26895","1","1","1","154098","154098","154098","1","1","1","154243","154243","154243","1","1","1","153977","153977","153977","1","1","1","154032","154032","154032"
"1293","1","1","1","26899","26899","26899","1","1","1","154102","154102","154102","1","1","1","154247","154247","154247","1","1","1","153981","153981","153981","1","1","1","154036","154036","154036"
"1294","1","1","1","26903","26903","26903","1","1","1","154106","154106","154106","1","1","1","154251","154251","154251","1","1","1","153985","153985","153985","1","1","1","154040","154040","154040"
"1295","1","1","1","26907","26907","26907","1","1","1","154110","154110","154110","1","1","1","154255","154255","154255","1","1","1","153989","153989","153989","1","1","1","154044","154044","154044"
"1296","1","1","1","27058","27058","27058","1","1","1","155146","155146","155146","1","1","1","155290","155290","155290","1","1","1","155030","155030","155030","1","1","1","155080","155080","155080"
"1297","1","1","1","27062","27062","27062","1","1","1","155150","155150","155150","1","1","1","155294","155294","155294","1","1","1","155034","155034","155034","1","1","1","155084","155084","155084"
"1298","1","1","1","27066","27066","27066","1","1","1","155154","155154","155154","1","1","1","155298","155298","155298","1","1","1","155038","155038","155038","1","1","1","155088","155088","155088"
"1299","1","1","1","27070","27070","27070","1","1","1","155158","155158","155158","1","1","1","155302","155302","155302","1","1","1","155042","155042","155042","1","1","1","155092","155092","155092"
"1300","1","1","1","27074","27074","27074","1","1","1","155162","155162","155162","1","1","1","155306","155306","155306","1","1","1","155046","155046","155046","1","1","1","155096","155096","155096"
"1301","1","1","1","27078","27078","27078","1","1","1","155166","155166","155166","1","1","1","155310","155310","155310","1","1","1","155050","155050","155050","1","1","1","155100","155100","155100"
"1302","1","1","1","27082","27082","27082","1","1","1","155170","155170","155170","1","1","1","155314","155314","155314","1","1","1","155054","155054","155054","1","1","1","155104","155104","155104"
"1303","1","1","1","27086","27086","27086","1","1","1","155174","155174","155174","1","1","1","155318","155318","155318","1","1","1","155058","155058","155058","1","1","1","155108","155108","155108"
"1304","1","1","1","27090","27090","27090","1","1","1","155178","155178","155178","1","1","1","155322","155322","155322","1","1","1","155062","155062","155062","1","1","1","155112","155112","155112"
"1305","1","1","1","27250","27250","27250","1","1","1","156215","156215","156215","1","1","1","156358","156358","156358","1","1","1","156103","156103","156103","1","1","1","156148","156148","156148"
"1306","1","1","1","27254","27254","27254","1","1","1","156219","156219","156219","1","1","1","156362","156362","156362","1","1","1","156107","156107","156107","1","1","1","156152","156152","156152"
"1307","1","1","1","27258","27258","27258","1","1","1","156223","156223","156223","1","1","1","156366","156366","156366","1","1","1","156111","156111","156111","1","1","1","156156","156156","156156"
"1308","1","1","1","27262","27262","27262","1","1","1","156227","156227","156227","1","1","1","156370","156370","156370","1","1","1","156115","156115","156115","1","1","1","156160","156160","156160"
"1309","1","1","1","27266","27266","27266","1","1","1","156231","156231","156231","0.9","0.9","0.9","156374","156374","156374","1","1","1","156119","156119","156119","1","1","1","156164","156164","156164"
"1310","1","1","1","27270","27270","27270","1","1","1","156235","156235","156235","1","1","1","156378","156378","156378","1","1","1","156123","156123","156123","1","1","1","156168","156168","156168"
"1311","1","1","1","27274","27274","27274","1","1","1","156239","156239","156239","1","1","1","156382","156382","156382","1","1","1","156127","156127","156127","1","1","1","156172","156172","156172"
"1312","1","1","1","27278","27278","27278","1","1","1","156243","156243","156243","1","1","1","156386","156386","156386","1","1","1","156131","156131","156131","1","1","1","156176","156176","156176"
"1313","1","1","1","27282","27282","27282","1","1","1","156247","156247","156247","1","1","1","156390","156390","156390","1","1","1","156135","156135","156135","1","1","1","156180","156180","156180"
"1314","1","1","1","27437","27437","27437","1","1","1","157288","157288","157288","1","1","1","157426","157426","157426","1","1","1","157172","157172","157172","1","1","1","157217","157217","157217"
"1315","1","1","1","27441","27441","27441","0.8","0.8","0.8","157292","157292","157292","1","1","1","157430","157430","157430","1","1","1","157176","157176","157176","1","1","1","157221","157221","157221"
"1316","1","1","1","27445","27445","27445","1","1","1","157296","157296","157296","1","1","1","157434","157434","157434","1","1","1","157180","157180","157180","1","1","1","157225","157225","157225"
"1317","1","1","1","27449","27449","27449","1","1","1","157300","157300","157300","1","1","1","157438","157438","157438","1","1","1","157184","157184","157184","0.9","0.9","0.9","157229","157229","157229"
"1318","1","1","1","27453","27453","27453","1","1","1","157304","157304","157304","1","1","1","157442","157442","157442","1","1","1","157188","157188","157188","1","1","1","157233","157233","157233"
"1319","1","1","1","27457","27457","27457","1","1","1","157308","157308","157308","1","1","1","157446","157446","157446","1","1","1","157192","157192","157192","1","1","1","157237","157237","157237"
"1320","1","1","1","27461","27461","27461","1","1","1","157312","157312","157312","1","1","1","157450","157450","157450","1","1","1","157196","157196","157196","1","1","1","157241","157241","157241"
"1321","1","1","1","27465","27465","27465","1","1","1","157316","157316","157316","1","1","1","157454","157454","157454","1","1","1","157200","157200","157200","1","1","1","157245","157245","157245"
"1322","1","1","1","27469","27469","27469","1","1","1","157320","157320","157320","1","1","1","157458","157458","157458","1","1","1","157204","157204","157204","1","1","1","157249","157249","157249"
"1323","1","1","1","27624","27624","27624","1","1","1","158355","158355","158355","1","1","1","158494","158494","158494","1","1","1","158240","158240","158240","1","1","1","158284","158284","158284"
"1324","1","1","1","27628","27628","27628","1","1","1","158359","158359","158359","1","1","1","158498","158498","158498","1","1","1","158244","158244","158244","1","1","1","158288","158288","158288"
"1325","1","1","1","27632","27632","27632","1","1","1","158363","158363","158363","1","1","1","158502","158502","158502","1","1","1","158248","158248","158248","1","1","1","158292","158292","158292"
"1326","1","1","1","27636","27636","27636","1","1","1","158367","158367","158367","1","1","1","158506","158506","158506","1","1","1","158252","158252","158252","1","1","1","158296","158296","158296"
"1327","1","1","1","27640","27640","27640","1","1","1","158371","158371","158371","1","1","1","158510","158510","158510","1","1","1","158256","158256","158256","1","1","1","158300","158300","158300"
"1328","1","1","1","27644","27644","27644","1","1","1","158375","158375","158375","1","1","1","158514","158514","158514","1","1","1","158260","158260","158260","1","1","1","158304","158304","158304"
"1329","1","1","1","27648","27648","27648","1","1","1","158379","158379","158379","1","1","1","158518","158518","158518","1","1","1","158264","158264","158264","1","1","1","158308","158308","158308"
"1330","1","1","1","27652","27652","27652","1","1","1","158383","158383","158383","1","1","1","158522","158522","158522","1","1","1","158268","158268","158268","1","1","1","158312","158312","158312"
"1331","1","1","1","27656","27656","27656","1","1","1","158387","158387","158387","1","1","1","158526","158526","158526","1","1","1","158272","158272","158272","1","1","1","158316","158316","158316"
"1332","1","1","1","27812","27812","27812","1","1","1","159428","159428","159428","1","1","1","159562","159562","159562","1","1","1","159314","159314","159314","1","1","1","159357","159357","159357"
"1333","1","1","1","27816","27816","27816","1","1","1","159432","159432","159432","1","1","1","159566","159566","159566","1","1","1","159318","159318","159318","1","1","1","159361","159361","159361"
"1334","1","1","1","27820","27820","27820","1","1","1","159436","159436","159436","1","1","1","159570","159570","159570","1","1","1","159322","159322","159322","1","1","1","159365","159365","159365"
"1335","1","1","1","27824","27824","27824","1","1","1","159440","159440","159440","1","1","1","159574","159574","159574","1","1","1","159326","159326","159326","1","1","1","159369","159369","159369"
"1336","1","1","1","27828","27828","27828","1","1","1","159444","159444","159444","1","1","1","159578","159578","159578","1","1","1","159330","159330","159330","1","1","1","159373","159373","159373"
"1337","1","1","1","27832","27832","27832","1","1","1","159448","159448","159448","1","1","1","159582","159582","159582","1","1","1","159334","159334","159334","1","1","1","159377","159377","159377"
"1338","1","1","1","27836","27836","27836","1","1","1","159452","159452","159452","1","1","1","159586","159586","159586","1","1","1","159338","159338","159338","1","1","1","159381","159381","159381"
"1339","1","1","1","27840","27840","27840","1","1","1","159456","159456","159456","1","1","1","159590","159590","159590","1","1","1","159342","159342","159342","1","1","1","159385","159385","159385"
"1340","1","1","1","27844","27844","27844","1","1","1","159460","159460","159460","1","1","1","159594","159594","159594","1","1","1","159346","159346","159346","1","1","1","159389","159389","159389"
"1341","1","1","1","28004","28004","28004","1","1","1","160496","160496","160496","1","1","1","160635","160635","160635","1","1","1","160387","160387","160387","1","1","1","160425","160425","160425"
"1342","1","1","1","28008","28008","28008","1","1","1","160500","160500","160500","1","1","1","160639","160639","160639","1","1","1","160391","160391","160391","1","1","1","160429","160429","160429"
"1343","1","1","1","28012","28012","28012","1","1","1","160504","160504","160504","1","1","1","160643","160643","160643","1","1","1","160395","160395","160395","1","1","1","160433","160433","160433"
"1344","1","1","1","28016","28016","28016","1","1","1","160508","160508","160508","1","1","1","160647","160647","160647","1","1","1","160399","160399","160399","1","1","1","160437","160437","160437"
"1345","1","1","1","28020","28020","28020","1","1","1","160512","160512","160512","1","1","1","160651","160651","160651","1","1","1","160403","160403","160403","1","1","1","160441","160441","160441"
"1346","1","1","1","28024","28024","28024","1","1","1","160516","160516","160516","1","1","1","160655","160655","160655","1","1","1","160407","160407","160407","1","1","1","160445","160445","160445"
"1347","1","1","1","28028","28028","28028","1","1","1","160520","160520","160520","1","1","1","160659","160659","160659","1","1","1","160411","160411","160411","1","1","1","160449","160449","160449"
"1348","1","1","1","28032","28032","28032","1","1","1","160524","160524","160524","1","1","1","160663","160663","160663","1","1","1","160415","160415","160415","1","1","1","160453","160453","160453"
"1349","1","1","1","28036","28036","28036","1","1","1","160528","160528","160528","1","1","1","160667","160667","160667","1","1","1","160419","160419","160419","1","1","1","160457","160457","160457"
"1350","1","1","1","28188","28188","28188","1","1","1","161569","161569","161569","1","1","1","161703","161703","161703","1","1","1","161455","161455","161455","1","1","1","161493","161493","161493"
"1351","1","1","1","28192","28192","28192","1","1","1","161573","161573","161573","1","1","1","161707","161707","161707","1","1","1","161459","161459","161459","1","1","1","161497","161497","161497"
"1352","1","1","1","28196","28196","28196","1","1","1","161577","161577","161577","1","1","1","161711","161711","161711","1","1","1","161463","161463","161463","1","1","1","161501","161501","161501"
"1353","1","1","1","28200","28200","28200","1","1","1","161581","161581","161581","1","1","1","161715","161715","161715","1","1","1","161467","161467","161467","1","1","1","161505","161505","161505"
"1354","1","1","1","28204","28204","28204","1","1","1","161585","161585","161585","1","1","1","161719","161719","161719","1","1","1","161471","161471","161471","1","1","1","161509","161509","161509"
"1355","1","1","1","28208","28208","28208","1","1","1","161589","161589","161589","1","1","1","161723","161723","161723","1","1","1","161475","161475","161475","1","1","1","161513","161513","161513"
"1356","1","1","1","28212","28212","28212","1","1","1","161593","161593","161593","1","1","1","161727","161727","161727","1","1","1","161479","161479","161479","1","1","1","161517","161517","161517"
"1357","1","1","1","28216","28216","28216","1","1","1","161597","161597","161597","1","1","1","161731","161731","161731","1","1","1","161483","161483","161483","1","1","1","161521","161521","161521"
"1358","1","1","1","28220","28220","28220","1","1","1","161601","161601","161601","1","1","1","161735","161735","161735","1","1","1","161487","161487","161487","1","1","1","161525","161525","161525"
"1359","1","1","1","28373","28373","28373","1","1","1","162637","162637","162637","1","1","1","162777","162777","162777","1","1","1","162528","162528","162528","1","1","1","162561","162561","162561"
"1360","0.8","0.8","0.8","28377","28377","28377","1","1","1","162641","162641","162641","1","1","1","162781","162781","162781","1","1","1","162532","162532","162532","1","1","1","162565","162565","162565"
"1361","1","1","1","28381","28381","28381","1","1","1","162645","162645","162645","1","1","1","162785","162785","162785","1","1","1","162536","162536","162536","1","1","1","162569","162569","162569"
"1362","1","1","1","28385","28385","28385","0.9","0.9","0.9","162649","162649","162649","1","1","1","162789","162789","162789","1","1","1","162540","162540","162540","1","1","1","162573","162573","162573"
"1363","1","1","1","28389","28389","28389","1","1","1","162653","162653","162653","1","1","1","162793","162793","162793","1","1","1","162544","162544","162544","1","1","1","162577","162577","162577"
"1364","1","1","1","28393","28393","28393","1","1","1","162657","162657","162657","1","1","1","162797","162797","162797","1","1","1","162548","162548","162548","1","1","1","162581","162581","162581"
"1365","1","1","1","28397","28397","28397","1","1","1","162661","162661","162661","1","1","1","162801","162801","162801","1","1","1","162552","162552","162552","1","1","1","162585","162585","162585"
"1366","1","1","1","28401","28401","28401","1","1","1","162665","162665","162665","1","1","1","162805","162805","162805","1","1","1","162556","162556","162556","1","1","1","162589","162589","162589"
"1367","1","1","1","28405","28405","28405","1","1","1","162669","162669","162669","1","1","1","162809","162809","162809","1","1","1","162560","162560","162560","1","1","1","162593","162593","162593"
"1368","1","1","1","28556","28556","28556","1","1","1","163704","163704","163704","1","1","1","163845","163845","163845","1","1","1","163596","163596","163596","1","1","1","163635","163635","163635"
"1369","1","1","1","28560","28560","28560","1","1","1","163708","163708","163708","1","1","1","163849","163849","163849","1","1","1","163600","163600","163600","1","1","1","163639","163639","163639"
"1370","1","1","1","28564","28564","28564","1","1","1","163712","163712","163712","1","1","1","163853","163853","163853","1","1","1","163604","163604","163604","1","1","1","163643","163643","163643"
"1371","1","1","1","28568","28568","28568","1","1","1","163716","163716","163716","1","1","1","163857","163857","163857","1","1","1","163608","163608","163608","0.9","0.9","0.9","163647","163647","163647"
"1372","1","1","1","28572","28572","28572","1","1","1","163720","163720","163720","1","1","1","163861","163861","163861","1","1","1","163612","163612","163612","1","1","1","163651","163651","163651"
"1373","1","1","1","28576","28576","28576","1","1","1","163724","163724","163724","1","1","1","163865","163865","163865","1","1","1","163616","163616","163616","1","1","1","163655","163655","163655"
"1374","1","1","1","28580","28580","28580","1","1","1","163728","163728","163728","1","1","1","163869","163869","163869","1","1","1","163620","163620","163620","1","1","1","163659","163659","163659"
"1375","1","1","1","28584","28584","28584","1","1","1","163732","163732","163732","1","1","1","163873","163873","163873","1","1","1","163624","163624","163624","1","1","1","163663","163663","163663"
"1376","1","1","1","28588","28588","28588","1","1","1","163736","163736","163736","1","1","1","163877","163877","163877","1","1","1","163628","163628","163628","1","1","1","163667","163667","163667"
"1377","1","1","1","28749","28749","28749","1","1","1","164778","164778","164778","1","1","1","164918","164918","164918","1","1","1","164665","164665","164665","1","1","1","164702","164702","164702"
"1378","1","1","1","28753","28753","28753","1","1","1","164782","164782","164782","1","1","1","164922","164922","164922","1","1","1","164669","164669","164669","1","1","1","164706","164706","164706"
"1379","1","1","1","28757","28757","28757","1","1","1","164786","164786","164786","1","1","1","164926","164926","164926","1","1","1","164673","164673","164673","1","1","1","164710","164710","164710"
"1380","1","1","1","28761","28761","28761","1","1","1","164790","164790","164790","1","1","1","164930","164930","164930","1","1","1","164677","164677","164677","1","1","1","164714","164714","164714"
"1381","1","1","1","28765","28765","28765","1","1","1","164794","164794","164794","1","1","1","164934","164934","164934","1","1","1","164681","164681","164681","1","1","1","164718","164718","164718"
"1382","1","1","1","28769","28769","28769","1","1","1","164798","164798","164798","1","1","1","164938","164938","164938","1","1","1","164685","164685","164685","1","1","1","164722","164722","164722"
"1383","1","1","1","28773","28773","28773","1","1","1","164802","164802","164802","1","1","1","164942","164942","164942","1","1","1","164689","164689","164689","1","1","1","164726","164726","164726"
"1384","1","1","1","28777","28777","28777","1","1","1","164806","164806","164806","1","1","1","164946","164946","164946","1","1","1","164693","164693","164693","1","1","1","164730","164730","164730"
"1385","1","1","1","28781","28781","28781","1","1","1","164810","164810","164810","1","1","1","164950","164950","164950","1","1","1","164697","164697","164697","1","1","1","164734","164734","164734"
"1386","1","1","1","28938","28938","28938","1","1","1","165846","165846","165846","1","1","1","165991","165991","165991","1","1","1","165738","165738","165738","1","1","1","165770","165770","165770"
"1387","1","1","1","28942","28942","28942","1","1","1","165850","165850","165850","1","1","1","165995","165995","165995","1","1","1","165742","165742","165742","1","1","1","165774","165774","165774"
"1388","1","1","1","28946","28946","28946","1","1","1","165854","165854","165854","1","1","1","165999","165999","165999","1","1","1","165746","165746","165746","1","1","1","165778","165778","165778"
"1389","1","1","1","28950","28950","28950","1","1","1","165858","165858","165858","1","1","1","166003","166003","166003","1","1","1","165750","165750","165750","1","1","1","165782","165782","165782"
"1390","1","1","1","28954","28954","28954","1","1","1","165862","165862","165862","1","1","1","166007","166007","166007","1","1","1","165754","165754","165754","1","1","1","165786","165786","165786"
"1391","1","1","1","28958","28958","28958","1","1","1","165866","165866","165866","1","1","1","166011","166011","166011","1","1","1","165758","165758","165758","1","1","1","165790","165790","165790"
"1392","1","1","1","28962","28962","28962","1","1","1","165870","165870","165870","1","1","1","166015","166015","166015","1","1","1","165762","165762","165762","1","1","1","165794","165794","165794"
"1393","1","1","1","28966","28966","28966","1","1","1","165874","165874","165874","1","1","1","166019","166019","166019","1","1","1","165766","165766","165766","1","1","1","165798","165798","165798"
"1394","1","1","1","28970","28970","28970","1","1","1","165878","165878","165878","1","1","1","166023","166023","166023","1","1","1","165770","165770","165770","1","1","1","165802","165802","165802"
"1395","1","1","1","29125","29125","29125","1","1","1","166914","166914","166914","1","1","1","167059","167059","167059","1","1","1","166806","166806","166806","1","1","1","166844","166844","166844"
"1396","1","1","1","29129","29129","29129","1","1","1","166918","166918","166918","1","1","1","167063","167063","167063","1","1","1","166810","166810","166810","1","1","1","166848","166848","166848"
"1397","1","1","1","29133","29133","29133","1","1","1","166922","166922","166922","1","1","1","167067","167067","167067","1","1","1","166814","166814","166814","1","1","1","166852","166852","166852"
"1398","1","1","1","29137","29137","29137","1","1","1","166926","166926","166926","1","1","1","167071","167071","167071","1","1","1","166818","166818","166818","1","1","1","166856","166856","166856"
"1399","1","1","1","29141","29141","29141","1","1","1","166930","166930","166930","1","1","1","167075","167075","167075","1","1","1","166822","166822","166822","1","1","1","166860","166860","166860"
"1400","1","1","1","29145","29145","29145","1","1","1","166934","166934","166934","1","1","1","167079","167079","167079","1","1","1","166826","166826","166826","1","1","1","166864","166864","166864"
"1401","1","1","1","29149","29149","29149","1","1","1","166938","166938","166938","1","1","1","167083","167083","167083","1","1","1","166830","166830","166830","1","1","1","166868","166868","166868"
"1402","1","1","1","29153","29153","29153","1","1","1","166942","166942","166942","1","1","1","167087","167087","167087","1","1","1","166834","166834","166834","1","1","1","166872","166872","166872"
"1403","1","1","1","29157","29157","29157","1","1","1","166946","166946","166946","1","1","1","167091","167091","167091","1","1","1","166838","166838","166838","1","1","1","166876","166876","166876"
"1404","1","1","1","29314","29314","29314","1","1","1","167988","167988","167988","1","1","1","168128","168128","168128","1","1","1","167874","167874","167874","1","1","1","167912","167912","167912"
"1405","1","1","1","29318","29318","29318","1","1","1","167992","167992","167992","1","1","1","168132","168132","168132","1","1","1","167878","167878","167878","1","1","1","167916","167916","167916"
"1406","1","1","1","29322","29322","29322","1","1","1","167996","167996","167996","1","1","1","168136","168136","168136","1","1","1","167882","167882","167882","1","1","1","167920","167920","167920"
"1407","1","1","1","29326","29326","29326","1","1","1","168000","168000","168000","1","1","1","168140","168140","168140","1","1","1","167886","167886","167886","1","1","1","167924","167924","167924"
"1408","1","1","1","29330","29330","29330","1","1","1","168004","168004","168004","1","1","1","168144","168144","168144","1","1","1","167890","167890","167890","1","1","1","167928","167928","167928"
"1409","1","1","1","29334","29334","29334","1","1","1","168008","168008","168008","1","1","1","168148","168148","168148","1","1","1","167894","167894","167894","1","1","1","167932","167932","167932"
"1410","1","1","1","29338","29338","29338","1","1","1","168012","168012","168012","1","1","1","168152","168152","168152","1","1","1","167898","167898","167898","1","1","1","167936","167936","167936"
"1411","1","1","1","29342","29342","29342","1","1","1","168016","168016","168016","1","1","1","168156","168156","168156","1","1","1","167902","167902","167902","1","1","1","167940","167940","167940"
"1412","1","1","1","29346","29346","29346","1","1","1","168020","168020","168020","1","1","1","168160","168160","168160","1","1","1","167906","167906","167906","1","1","1","167944","167944","167944"
"1413","1","1","1","29501","29501","29501","1","1","1","169056","169056","169056","1","1","1","169196","169196","169196","1","1","1","168942","168942","168942","1","1","1","168980","168980","168980"
"1414","1","1","1","29505","29505","29505","1","1","1","169060","169060","169060","1","1","1","169200","169200","169200","1","1","1","168946","168946","168946","1","1","1","168984","168984","168984"
"1415","1","1","1","29509","29509","29509","1","1","1","169064","169064","169064","1","1","1","169204","169204","169204","1","1","1","168950","168950","168950","1","1","1","168988","168988","168988"
"1416","1","1","1","29513","29513","29513","1","1","1","169068","169068","169068","1","1","1","169208","169208","169208","1","1","1","168954","168954","168954","1","1","1","168992","168992","168992"
"1417","1","1","1","29517","29517","29517","1","1","1","169072","169072","169072","0.9","0.9","0.9","169212","169212","169212","1","1","1","168958","168958","168958","1","1","1","168996","168996","168996"
"1418","1","1","1","29521","29521","29521","1","1","1","169076","169076","169076","1","1","1","169216","169216","169216","1","1","1","168962","168962","168962","1","1","1","169000","169000","169000"
"1419","1","1","1","29525","29525","29525","1","1","1","169080","169080","169080","1","1","1","169220","169220","169220","1","1","1","168966","168966","168966","1","1","1","169004","169004","169004"
"1420","1","1","1","29529","29529","29529","1","1","1","169084","169084","169084","1","1","1","169224","169224","169224","1","1","1","168970","168970","168970","1","1","1","169008","169008","169008"
"1421","1","1","1","29533","29533","29533","1","1","1","169088","169088","169088","1","1","1","169228","169228","169228","1","1","1","168974","168974","168974","1","1","1","169012","169012","169012"
"1422","1","1","1","29687","29687","29687","1","1","1","170124","170124","170124","1","1","1","170263","170263","170263","1","1","1","170010","170010","170010","1","1","1","170048","170048","170048"
"1423","1","1","1","29691","29691","29691","1","1","1","170128","170128","170128","1","1","1","170267","170267","170267","1","1","1","170014","170014","170014","1","1","1","170052","170052","170052"
"1424","1","1","1","29695","29695","29695","1","1","1","170132","170132","170132","1","1","1","170271","170271","170271","1","1","1","170018","170018","170018","1","1","1","170056","170056","170056"
"1425","1","1","1","29699","29699","29699","1","1","1","170136","170136","170136","1","1","1","170275","170275","170275","1","1","1","170022","170022","170022","1","1","1","170060","170060","170060"
"1426","1","1","1","29703","29703","29703","1","1","1","170140","170140","170140","1","1","1","170279","170279","170279","1","1","1","170026","170026","170026","1","1","1","170064","170064","170064"
"1427","1","1","1","29707","29707","29707","1","1","1","170144","170144","170144","1","1","1","170283","170283","170283","1","1","1","170030","170030","170030","1","1","1","170068","170068","170068"
"1428","1","1","1","29711","29711","29711","1","1","1","170148","170148","170148","1","1","1","170287","170287","170287","1","1","1","170034","170034","170034","1","1","1","170072","170072","170072"
"1429","1","1","1","29715","29715","29715","1","1","1","170152","170152","170152","1","1","1","170291","170291","170291","1","1","1","170038","170038","170038","1","1","1","170076","170076","170076"
"1430","1","1","1","29719","29719","29719","1","1","1","170156","170156","170156","1","1","1","170295","170295","170295","1","1","1","170042","170042","170042","1","1","1","170080","170080","170080"
"1431","1","1","1","29873","29873","29873","1","1","1","171193","171193","171193","1","1","1","171336","171336","171336","1","1","1","171079","171079","171079","1","1","1","171117","171117","171117"
"1432","1","1","1","29877","29877","29877","1","1","1","171197","171197","171197","1","1","1","171340","171340","171340","1","1","1","171083","171083","171083","1","1","1","171121","171121","171121"
"1433","1","1","1","29881","29881","29881","1","1","1","171201","171201","171201","1","1","1","171344","171344","171344","1","1","1","171087","171087","171087","1","1","1","171125","171125","171125"
"1434","1","1","1","29885","29885","29885","1","1","1","171206","171206","171206","1","1","1","171348","171348","171348","1","1","1","171091","171091","171091","1","1","1","171129","171129","171129"
"1435","1","1","1","29889","29889","29889","1","1","1","171210","171210","171210","1","1","1","171352","171352","171352","1","1","1","171095","171095","171095","1","1","1","171133","171133","171133"
"1436","1","1","1","29893","29893","29893","1","1","1","171214","171214","171214","1","1","1","171356","171356","171356","1","1","1","171099","171099","171099","1","1","1","171137","171137","171137"
"1437","1","1","1","29897","29897","29897","1","1","1","171218","171218","171218","1","1","1","171360","171360","171360","1","1","1","171103","171103","171103","1","1","1","171141","171141","171141"
"1438","1","1","1","29901","29901","29901","1","1","1","171222","171222","171222","1","1","1","171364","171364","171364","1","1","1","171107","171107","171107","1","1","1","171145","171145","171145"
"1439","1","1","1","29905","29905","29905","1","1","1","171226","171226","171226","1","1","1","171368","171368","171368","1","1","1","171111","171111","171111","1","1","1","171149","171149","171149"
"1440","1","1","1","30061","30061","30061","1","1","1","172262","172262","172262","1","1","1","172410","172410","172410","1","1","1","172147","172147","172147","1","1","1","172185","172185","172185"
"1441","1","1","1","30065","30065","30065","1","1","1","172266","172266","172266","1","1","1","172414","172414","172414","1","1","1","172151","172151","172151","1","1","1","172189","172189","172189"
"1442","1","1","1","30069","30069","30069","1","1","1","172270","172270","172270","1","1","1","172418","172418","172418","1","1","1","172155","172155","172155","1","1","1","172193","172193","172193"
"1443","1","1","1","30073","30073","30073","1","1","1","172274","172274","172274","1","1","1","172422","172422","172422","1","1","1","172159","172159","172159","1","1","1","172197","172197","172197"
"1444","1","1","1","30077","30077","30077","1","1","1","172278","172278","172278","1","1","1","172426","172426","172426","1","1","1","172163","172163","172163","1","1","1","172201","172201","172201"
"1445","1","1","1","30081","30081","30081","1","1","1","172282","172282","172282","1","1","1","172430","172430","172430","1","1","1","172167","172167","172167","1","1","1","172205","172205","172205"
"1446","1","1","1","30085","30085","30085","1","1","1","172286","172286","172286","1","1","1","172434","172434","172434","1","1","1","172171","172171","172171","1","1","1","172209","172209","172209"
"1447","1","1","1","30089","30089","30089","1","1","1","172290","172290","172290","1","1","1","172438","172438","172438","1","1","1","172175","172175","172175","1","1","1","172213","172213","172213"
"1448","1","1","1","30093","30093","30093","1","1","1","172294","172294","172294","1","1","1","172442","172442","172442","1","1","1","172179","172179","172179","1","1","1","172217","172217","172217"
"1449","1","1","1","30249","30249","30249","1","1","1","173330","173330","173330","1","1","1","173483","173483","173483","1","1","1","173221","173221","173221","1","1","1","173253","173253","173253"
"1450","1","1","1","30253","30253","30253","1","1","1","173334","173334","173334","1","1","1","173487","173487","173487","1","1","1","173225","173225","173225","1","1","1","173257","173257","173257"
"1451","1","1","1","30257","30257","30257","1","1","1","173338","173338","173338","1","1","1","173491","173491","173491","1","1","1","173229","173229","173229","1","1","1","173261","173261","173261"
"1452","1","1","1","30261","30261","30261","1","1","1","173342","173342","173342","1","1","1","173495","173495","173495","1","1","1","173233","173233","173233","1","1","1","173265","173265","173265"
"1453","1","1","1","30265","30265","30265","1","1","1","173346","173346","173346","1","1","1","173499","173499","173499","1","1","1","173237","173237","173237","1","1","1","173269","173269","173269"
"1454","1","1","1","30269","30269","30269","1","1","1","173350","173350","173350","1","1","1","173503","173503","173503","1","1","1","173241","173241","173241","1","1","1","173273","173273","173273"
"1455","1","1","1","30273","30273","30273","1","1","1","173354","173354","173354","1","1","1","173507","173507","173507","1","1","1","173245","173245","173245","1","1","1","173277","173277","173277"
"1456","1","1","1","30277","30277","30277","1","1","1","173358","173358","173358","1","1","1","173511","173511","173511","1","1","1","173249","173249","173249","1","1","1","173281","173281","173281"
"1457","1","1","1","30281","30281","30281","1","1","1","173362","173362","173362","1","1","1","173515","173515","173515","1","1","1","173253","173253","173253","1","1","1","173285","173285","173285"
"1458","1","1","1","30434","30434","30434","1","1","1","174404","174404","174404","1","1","1","174556","174556","174556","1","1","1","174290","174290","174290","1","1","1","174322","174322","174322"
"1459","1","1","1","30438","30438","30438","1","1","1","174408","174408","174408","1","1","1","174560","174560","174560","1","1","1","174294","174294","174294","1","1","1","174326","174326","174326"
"1460","1","1","1","30442","30442","30442","1","1","1","174412","174412","174412","1","1","1","174564","174564","174564","1","1","1","174298","174298","174298","1","1","1","174330","174330","174330"
"1461","1","1","1","30446","30446","30446","1","1","1","174416","174416","174416","1","1","1","174568","174568","174568","1","1","1","174302","174302","174302","0.9","0.9","0.9","174334","174334","174334"
"1462","1","1","1","30450","30450","30450","1","1","1","174420","174420","174420","1","1","1","174572","174572","174572","1","1","1","174306","174306","174306","1","1","1","174338","174338","174338"
"1463","1","1","1","30454","30454","30454","1","1","1","174424","174424","174424","1","1","1","174576","174576","174576","1","1","1","174310","174310","174310","1","1","1","174342","174342","174342"
"1464","1","1","1","30458","30458","30458","1","1","1","174428","174428","174428","1","1","1","174580","174580","174580","1","1","1","174314","174314","174314","1","1","1","174346","174346","174346"
"1465","1","1","1","30462","30462","30462","1","1","1","174432","174432","174432","1","1","1","174584","174584","174584","1","1","1","174318","174318","174318","1","1","1","174350","174350","174350"
"1466","1","1","1","30466","30466","30466","1","1","1","174436","174436","174436","1","1","1","174588","174588","174588","1","1","1","174322","174322","174322","1","1","1","174354","174354","174354"
"1467","1","1","1","30618","30618","30618","1","1","1","175472","175472","175472","1","1","1","175624","175624","175624","1","1","1","175364","175364","175364","1","1","1","175390","175390","175390"
"1468","1","1","1","30622","30622","30622","1","1","1","175476","175476","175476","1","1","1","175628","175628","175628","1","1","1","175368","175368","175368","1","1","1","175394","175394","175394"
"1469","1","1","1","30626","30626","30626","1","1","1","175480","175480","175480","1","1","1","175632","175632","175632","1","1","1","175372","175372","175372","1","1","1","175398","175398","175398"
"1470","1","1","1","30630","30630","30630","1","1","1","175484","175484","175484","1","1","1","175636","175636","175636","1","1","1","175376","175376","175376","1","1","1","175402","175402","175402"
"1471","1","1","1","30634","30634","30634","1","1","1","175488","175488","175488","1","1","1","175640","175640","175640","1","1","1","175380","175380","175380","1","1","1","175406","175406","175406"
"1472","1","1","1","30638","30638","30638","1","1","1","175492","175492","175492","1","1","1","175644","175644","175644","1","1","1","175384","175384","175384","1","1","1","175410","175410","175410"
"1473","1","1","1","30642","30642","30642","1","1","1","175496","175496","175496","1","1","1","175648","175648","175648","1","1","1","175388","175388","175388","1","1","1","175414","175414","175414"
"1474","1","1","1","30646","30646","30646","1","1","1","175500","175500","175500","1","1","1","175652","175652","175652","1","1","1","175392","175392","175392","1","1","1","175418","175418","175418"
"1475","1","1","1","30650","30650","30650","1","1","1","175504","175504","175504","1","1","1","175656","175656","175656","1","1","1","175396","175396","175396","1","1","1","175422","175422","175422"
"1476","1","1","1","30806","30806","30806","1","1","1","176540","176540","176540","1","1","1","176692","176692","176692","1","1","1","176437","176437","176437","1","1","1","176458","176458","176458"
"1477","1","1","1","30810","30810","30810","1","1","1","176544","176544","176544","1","1","1","176696","176696","176696","1","1","1","176441","176441","176441","1","1","1","176462","176462","176462"
"1478","1","1","1","30814","30814","30814","1","1","1","176548","176548","176548","1","1","1","176700","176700","176700","1","1","1","176445","176445","176445","1","1","1","176466","176466","176466"
"1479","1","1","1","30818","30818","30818","1","1","1","176552","176552","176552","1","1","1","176704","176704","176704","1","1","1","176449","176449","176449","1","1","1","176470","176470","176470"
"1480","1","1","1","30822","30822","30822","1","1","1","176556","176556","176556","1","1","1","176708","176708","176708","1","1","1","176453","176453","176453","1","1","1","176474","176474","176474"
"1481","1","1","1","30826","30826","30826","1","1","1","176560","176560","176560","1","1","1","176712","176712","176712","1","1","1","176457","176457","176457","1","1","1","176478","176478","176478"
"1482","1","1","1","30830","30830","30830","1","1","1","176564","176564","176564","1","1","1","176716","176716","176716","1","1","1","176461","176461","176461","1","1","1","176482","176482","176482"
"1483","1","1","1","30834","30834","30834","1","1","1","176568","176568","176568","1","1","1","176720","176720","176720","1","1","1","176465","176465","176465","1","1","1","176486","176486","176486"
"1484","1","1","1","30838","30838","30838","1","1","1","176572","176572","176572","1","1","1","176724","176724","176724","1","1","1","176469","176469","176469","1","1","1","176490","176490","176490"
"1485","1","1","1","30991","30991","30991","1","1","1","177613","177613","177613","1","1","1","177765","177765","177765","1","1","1","177510","177510","177510","1","1","1","177526","177526","177526"
"1486","1","1","1","30995","30995","30995","1","1","1","177617","177617","177617","1","1","1","177769","177769","177769","1","1","1","177514","177514","177514","1","1","1","177530","177530","177530"
"1487","1","1","1","30999","30999","30999","1","1","1","177621","177621","177621","1","1","1","177773","177773","177773","1","1","1","177518","177518","177518","1","1","1","177534","177534","177534"
"1488","1","1","1","31003","31003","31003","1","1","1","177625","177625","177625","1","1","1","177777","177777","177777","1","1","1","177522","177522","177522","1","1","1","177538","177538","177538"
"1489","1","1","1","31007","31007","31007","1","1","1","177629","177629","177629","1","1","1","177781","177781","177781","1","1","1","177526","177526","177526","1","1","1","177542","177542","177542"
"1490","1","1","1","31011","31011","31011","1","1","1","177633","177633","177633","1","1","1","177785","177785","177785","1","1","1","177530","177530","177530","1","1","1","177546","177546","177546"
"1491","1","1","1","31015","31015","31015","1","1","1","177637","177637","177637","1","1","1","177789","177789","177789","1","1","1","177534","177534","177534","1","1","1","177550","177550","177550"
"1492","1","1","1","31019","31019","31019","1","1","1","177641","177641","177641","1","1","1","177793","177793","177793","1","1","1","177538","177538","177538","1","1","1","177554","177554","177554"
"1493","1","1","1","31023","31023","31023","1","1","1","177645","177645","177645","1","1","1","177797","177797","177797","1","1","1","177542","177542","177542","1","1","1","177558","177558","177558"
"1494","1","1","1","31178","31178","31178","1","1","1","178682","178682","178682","1","1","1","178833","178833","178833","1","1","1","178578","178578","178578","1","1","1","178595","178595","178595"
"1495","1","1","1","31182","31182","31182","1","1","1","178686","178686","178686","1","1","1","178837","178837","178837","1","1","1","178582","178582","178582","1","1","1","178599","178599","178599"
"1496","1","1","1","31186","31186","31186","1","1","1","178690","178690","178690","1","1","1","178841","178841","178841","1","1","1","178586","178586","178586","1","1","1","178603","178603","178603"
"1497","1","1","1","31190","31190","31190","1","1","1","178694","178694","178694","1","1","1","178845","178845","178845","1","1","1","178590","178590","178590","1","1","1","178607","178607","178607"
"1498","1","1","1","31194","31194","31194","1","1","1","178698","178698","178698","1","1","1","178849","178849","178849","1","1","1","178594","178594","178594","1","1","1","178611","178611","178611"
"1499","1","1","1","31198","31198","31198","1","1","1","178702","178702","178702","1","1","1","178853","178853","178853","1","1","1","178598","178598","178598","1","1","1","178615","178615","178615"
"1500","1","1","1","31202","31202","31202","1","1","1","178706","178706","178706","1","1","1","178857","178857","178857","1","1","1","178602","178602","178602","1","1","1","178619","178619","178619"
"1501","1","1","1","31206","31206","31206","1","1","1","178710","178710","178710","1","1","1","178861","178861","178861","1","1","1","178606","178606","178606","1","1","1","178623","178623","178623"
"1502","1","1","1","31210","31210","31210","1","1","1","178714","178714","178714","1","1","1","178865","178865","178865","1","1","1","178610","178610","178610","1","1","1","178627","178627","178627"
"1503","1","1","1","31367","31367","31367","1","1","1","179750","179750","179750","1","1","1","179901","179901","179901","1","1","1","179647","179647","179647","1","1","1","179663","179663","179663"
"1504","1","1","1","31371","31371","31371","1","1","1","179754","179754","179754","1","1","1","179905","179905","179905","1","1","1","179651","179651","179651","1","1","1","179667","179667","179667"
"1505","1","1","1","31375","31375","31375","1","1","1","179758","179758","179758","1","1","1","179909","179909","179909","1","1","1","179655","179655","179655","1","1","1","179671","179671","179671"
"1506","1","1","1","31379","31379","31379","1","1","1","179762","179762","179762","1","1","1","179913","179913","179913","1","1","1","179659","179659","179659","1","1","1","179675","179675","179675"
"1507","1","1","1","31383","31383","31383","1","1","1","179766","179766","179766","1","1","1","179917","179917","179917","1","1","1","179663","179663","179663","1","1","1","179679","179679","179679"
"1508","1","1","1","31387","31387","31387","1","1","1","179770","179770","179770","1","1","1","179921","179921","179921","1","1","1","179667","179667","179667","1","1","1","179683","179683","179683"
"1509","1","1","1","31391","31391","31391","1","1","1","179774","179774","179774","1","1","1","179925","179925","179925","1","1","1","179671","179671","179671","1","1","1","179687","179687","179687"
"1510","1","1","1","31395","31395","31395","1","1","1","179778","179778","179778","1","1","1","179929","179929","179929","1","1","1","179675","179675","179675","1","1","1","179691","179691","179691"
"1511","1","1","1","31399","31399","31399","1","1","1","179782","179782","179782","1","1","1","179933","179933","179933","1","1","1","179679","179679","179679","1","1","1","179695","179695","179695"
"1512","1","1","1","31552","31552","31552","1","1","1","180823","180823","180823","1","1","1","180975","180975","180975","1","1","1","180715","180715","180715","1","1","1","180736","180736","180736"
"1513","1","1","1","31556","31556","31556","1","1","1","180827","180827","180827","1","1","1","180979","180979","180979","1","1","1","180719","180719","180719","1","1","1","180740","180740","180740"
"1514","1","1","1","31560","31560","31560","1","1","1","180831","180831","180831","1","1","1","180983","180983","180983","1","1","1","180723","180723","180723","1","1","1","180744","180744","180744"
"1515","1","1","1","31564","31564","31564","1","1","1","180835","180835","180835","1","1","1","180987","180987","180987","1","1","1","180727","180727","180727","1","1","1","180748","180748","180748"
"1516","1","1","1","31568","31568","31568","1","1","1","180839","180839","180839","1","1","1","180991","180991","180991","1","1","1","180731","180731","180731","1","1","1","180752","180752","180752"
"1517","1","1","1","31572","31572","31572","1","1","1","180843","180843","180843","1","1","1","180995","180995","180995","1","1","1","180735","180735","180735","1","1","1","180756","180756","180756"
"1518","1","1","1","31576","31576","31576","1","1","1","180847","180847","180847","1","1","1","180999","180999","180999","1","1","1","180739","180739","180739","1","1","1","180760","180760","180760"
"1519","1","1","1","31580","31580","31580","1","1","1","180851","180851","180851","1","1","1","181003","181003","181003","1","1","1","180743","180743","180743","1","1","1","180764","180764","180764"
"1520","1","1","1","31584","31584","31584","1","1","1","180855","180855","180855","1","1","1","181007","181007","181007","1","1","1","180747","180747","180747","1","1","1","180768","180768","180768"
"1521","1","1","1","31740","31740","31740","1","1","1","181892","181892","181892","1","1","1","182043","182043","182043","1","1","1","181794","181794","181794","1","1","1","181804","181804","181804"
"1522","1","1","1","31744","31744","31744","1","1","1","181896","181896","181896","1","1","1","182047","182047","182047","1","1","1","181798","181798","181798","1","1","1","181808","181808","181808"
"1523","1","1","1","31748","31748","31748","1","1","1","181900","181900","181900","1","1","1","182051","182051","182051","1","1","1","181802","181802","181802","1","1","1","181812","181812","181812"
"1524","1","1","1","31752","31752","31752","1","1","1","181904","181904","181904","1","1","1","182055","182055","182055","1","1","1","181806","181806","181806","1","1","1","181816","181816","181816"
"1525","1","1","1","31756","31756","31756","1","1","1","181908","181908","181908","1","1","1","182059","182059","182059","1","1","1","181810","181810","181810","1","1","1","181820","181820","181820"
"1526","1","1","1","31760","31760","31760","1","1","1","181912","181912","181912","1","1","1","182063","182063","182063","1","1","1","181814","181814","181814","1","1","1","181824","181824","181824"
"1527","1","1","1","31764","31764","31764","1","1","1","181916","181916","181916","1","1","1","182067","182067","182067","1","1","1","181818","181818","181818","1","1","1","181828","181828","181828"
"1528","1","1","1","31768","31768","31768","1","1","1","181920","181920","181920","1","1","1","182071","182071","182071","1","1","1","181822","181822","181822","1","1","1","181832","181832","181832"
"1529","1","1","1","31772","31772","31772","1","1","1","181924","181924","181924","1","1","1","182075","182075","182075","1","1","1","181826","181826","181826","1","1","1","181836","181836","181836"
"1530","1","1","1","31923","31923","31923","1","1","1","182960","182960","182960","1","1","1","183111","183111","183111","1","1","1","182862","182862","182862","1","1","1","182873","182873","182873"
"1531","1","1","1","31927","31927","31927","1","1","1","182964","182964","182964","1","1","1","183115","183115","183115","1","1","1","182866","182866","182866","1","1","1","182877","182877","182877"
"1532","1","1","1","31931","31931","31931","1","1","1","182968","182968","182968","1","1","1","183119","183119","183119","1","1","1","182870","182870","182870","1","1","1","182881","182881","182881"
"1533","1","1","1","31935","31935","31935","1","1","1","182972","182972","182972","1","1","1","183123","183123","183123","1","1","1","182874","182874","182874","1","1","1","182885","182885","182885"
"1534","1","1","1","31939","31939","31939","1","1","1","182976","182976","182976","0.9","0.9","0.9","183127","183127","183127","1","1","1","182878","182878","182878","1","1","1","182889","182889","182889"
"1535","1","1","1","31943","31943","31943","1","1","1","182980","182980","182980","1","1","1","183131","183131","183131","1","1","1","182882","182882","182882","1","1","1","182893","182893","182893"
"1536","1","1","1","31947","31947","31947","1","1","1","182984","182984","182984","1","1","1","183135","183135","183135","1","1","1","182886","182886","182886","1","1","1","182897","182897","182897"
"1537","1","1","1","31951","31951","31951","1","1","1","182988","182988","182988","1","1","1","183139","183139","183139","1","1","1","182890","182890","182890","1","1","1","182901","182901","182901"
"1538","1","1","1","31955","31955","31955","1","1","1","182992","182992","182992","1","1","1","183143","183143","183143","1","1","1","182894","182894","182894","1","1","1","182905","182905","182905"
"1539","1","1","1","32110","32110","32110","1","1","1","184029","184029","184029","1","1","1","184184","184184","184184","1","1","1","183930","183930","183930","1","1","1","183941","183941","183941"
"1540","1","1","1","32114","32114","32114","1","1","1","184033","184033","184033","1","1","1","184188","184188","184188","1","1","1","183934","183934","183934","1","1","1","183945","183945","183945"
"1541","1","1","1","32118","32118","32118","1","1","1","184037","184037","184037","1","1","1","184192","184192","184192","1","1","1","183938","183938","183938","1","1","1","183949","183949","183949"
"1542","1","1","1","32122","32122","32122","1","1","1","184041","184041","184041","1","1","1","184196","184196","184196","1","1","1","183942","183942","183942","1","1","1","183953","183953","183953"
"1543","1","1","1","32126","32126","32126","1","1","1","184045","184045","184045","1","1","1","184200","184200","184200","1","1","1","183946","183946","183946","1","1","1","183957","183957","183957"
"1544","1","1","1","32130","32130","32130","1","1","1","184049","184049","184049","1","1","1","184204","184204","184204","1","1","1","183950","183950","183950","1","1","1","183961","183961","183961"
"1545","1","1","1","32134","32134","32134","1","1","1","184053","184053","184053","1","1","1","184208","184208","184208","1","1","1","183954","183954","183954","1","1","1","183965","183965","183965"
"1546","1","1","1","32138","32138","32138","1","1","1","184057","184057","184057","1","1","1","184212","184212","184212","1","1","1","183958","183958","183958","1","1","1","183969","183969","183969"
"1547","1","1","1","32142","32142","32142","1","1","1","184061","184061","184061","1","1","1","184216","184216","184216","1","1","1","183962","183962","183962","1","1","1","183973","183973","183973"
"1548","1","1","1","32298","32298","32298","1","1","1","185102","185102","185102","1","1","1","185252","185252","185252","1","1","1","184998","184998","184998","1","1","1","185010","185010","185010"
"1549","1","1","1","32302","32302","32302","1","1","1","185106","185106","185106","1","1","1","185256","185256","185256","1","1","1","185002","185002","185002","1","1","1","185014","185014","185014"
"1550","1","1","1","32306","32306","32306","1","1","1","185110","185110","185110","1","1","1","185260","185260","185260","1","1","1","185006","185006","185006","1","1","1","185018","185018","185018"
"1551","1","1","1","32310","32310","32310","1","1","1","185114","185114","185114","1","1","1","185264","185264","185264","1","1","1","185010","185010","185010","1","1","1","185022","185022","185022"
"1552","1","1","1","32314","32314","32314","1","1","1","185118","185118","185118","1","1","1","185268","185268","185268","1","1","1","185014","185014","185014","1","1","1","185026","185026","185026"
"1553","1","1","1","32318","32318","32318","1","1","1","185122","185122","185122","1","1","1","185272","185272","185272","1","1","1","185018","185018","185018","1","1","1","185030","185030","185030"
"1554","1","1","1","32322","32322","32322","1","1","1","185126","185126","185126","1","1","1","185276","185276","185276","1","1","1","185022","185022","185022","1","1","1","185034","185034","185034"
"1555","1","1","1","32326","32326","32326","1","1","1","185130","185130","185130","1","1","1","185280","185280","185280","1","1","1","185026","185026","185026","1","1","1","185038","185038","185038"
"1556","1","1","1","32330","32330","32330","1","1","1","185134","185134","185134","1","1","1","185284","185284","185284","1","1","1","185030","185030","185030","1","1","1","185042","185042","185042"
"1557","1","1","1","32482","32482","32482","1","1","1","186170","186170","186170","1","1","1","186325","186325","186325","1","1","1","186068","186068","186068","1","1","1","186078","186078","186078"
"1558","1","1","1","32486","32486","32486","1","1","1","186174","186174","186174","1","1","1","186329","186329","186329","1","1","1","186072","186072","186072","1","1","1","186082","186082","186082"
"1559","1","1","1","32490","32490","32490","1","1","1","186178","186178","186178","1","1","1","186333","186333","186333","1","1","1","186076","186076","186076","1","1","1","186086","186086","186086"
"1560","1","1","1","32494","32494","32494","1","1","1","186182","186182","186182","1","1","1","186337","186337","186337","1","1","1","186080","186080","186080","1","1","1","186090","186090","186090"
"1561","0.9","0.9","0.9","32498","32498","32498","1","1","1","186186","186186","186186","1","1","1","186341","186341","186341","1","1","1","186084","186084","186084","1","1","1","186094","186094","186094"
"1562","1","1","1","32502","32502","32502","1","1","1","186190","186190","186190","1","1","1","186345","186345","186345","1","1","1","186088","186088","186088","1","1","1","186098","186098","186098"
"1563","1","1","1","32506","32506","32506","1","1","1","186194","186194","186194","1","1","1","186349","186349","186349","1","1","1","186092","186092","186092","1","1","1","186102","186102","186102"
"1564","1","1","1","32510","32510","32510","1","1","1","186198","186198","186198","1","1","1","186353","186353","186353","1","1","1","186096","186096","186096","1","1","1","186106","186106","186106"
"1565","1","1","1","32514","32514","32514","1","1","1","186202","186202","186202","1","1","1","186357","186357","186357","1","1","1","186100","186100","186100","1","1","1","186110","186110","186110"
"1566","1","1","1","32664","32664","32664","1","1","1","187239","187239","187239","1","1","1","187398","187398","187398","1","1","1","187136","187136","187136","1","1","1","187147","187147","187147"
"1567","1","1","1","32668","32668","32668","1","1","1","187243","187243","187243","1","1","1","187402","187402","187402","1","1","1","187140","187140","187140","1","1","1","187151","187151","187151"
"1568","1","1","1","32672","32672","32672","1","1","1","187247","187247","187247","1","1","1","187406","187406","187406","1","1","1","187144","187144","187144","1","1","1","187155","187155","187155"
"1569","1","1","1","32676","32676","32676","1","1","1","187252","187252","187252","1","1","1","187410","187410","187410","1","1","1","187148","187148","187148","1","1","1","187159","187159","187159"
"1570","1","1","1","32680","32680","32680","1","1","1","187256","187256","187256","1","1","1","187414","187414","187414","1","1","1","187152","187152","187152","1","1","1","187163","187163","187163"
"1571","1","1","1","32684","32684","32684","1","1","1","187260","187260","187260","1","1","1","187418","187418","187418","1","1","1","187156","187156","187156","1","1","1","187167","187167","187167"
"1572","1","1","1","32688","32688","32688","1","1","1","187264","187264","187264","1","1","1","187422","187422","187422","1","1","1","187160","187160","187160","1","1","1","187171","187171","187171"
"1573","1","1","1","32692","32692","32692","1","1","1","187268","187268","187268","1","1","1","187426","187426","187426","1","1","1","187164","187164","187164","1","1","1","187175","187175","187175"
"1574","1","1","1","32696","32696","32696","1","1","1","187272","187272","187272","1","1","1","187430","187430","187430","1","1","1","187168","187168","187168","1","1","1","187179","187179","187179"
"1575","1","1","1","32857","32857","32857","1","1","1","188308","188308","188308","1","1","1","188471","188471","188471","1","1","1","188205","188205","188205","1","1","1","188215","188215","188215"
"1576","1","1","1","32861","32861","32861","1","1","1","188312","188312","188312","1","1","1","188475","188475","188475","1","1","1","188209","188209","188209","1","1","1","188219","188219","188219"
"1577","1","1","1","32865","32865","32865","0.8","0.8","0.8","188316","188316","188316","1","1","1","188479","188479","188479","1","1","1","188213","188213","188213","1","1","1","188223","188223","188223"
"1578","1","1","1","32869","32869","32869","1","1","1","188320","188320","188320","1","1","1","188483","188483","188483","1","1","1","188217","188217","188217","1","1","1","188227","188227","188227"
"1579","1","1","1","32873","32873","32873","1","1","1","188324","188324","188324","1","1","1","188487","188487","188487","1","1","1","188221","188221","188221","1","1","1","188231","188231","188231"
"1580","1","1","1","32877","32877","32877","1","1","1","188328","188328","188328","1","1","1","188491","188491","188491","1","1","1","188225","188225","188225","1","1","1","188235","188235","188235"
"1581","1","1","1","32881","32881","32881","1","1","1","188332","188332","188332","1","1","1","188495","188495","188495","1","1","1","188229","188229","188229","1","1","1","188239","188239","188239"
"1582","1","1","1","32885","32885","32885","1","1","1","188336","188336","188336","1","1","1","188499","188499","188499","1","1","1","188233","188233","188233","1","1","1","188243","188243","188243"
"1583","1","1","1","32889","32889","32889","1","1","1","188340","188340","188340","1","1","1","188503","188503","188503","1","1","1","188237","188237","188237","1","1","1","188247","188247","188247"
"1584","1","1","1","33045","33045","33045","1","1","1","189375","189375","189375","1","1","1","189540","189540","189540","1","1","1","189278","189278","189278","1","1","1","189283","189283","189283"
"1585","1","1","1","33049","33049","33049","1","1","1","189379","189379","189379","1","1","1","189544","189544","189544","1","1","1","189282","189282","189282","1","1","1","189287","189287","189287"
"1586","1","1","1","33053","33053","33053","1","1","1","189383","189383","189383","1","1","1","189548","189548","189548","1","1","1","189286","189286","189286","1","1","1","189291","189291","189291"
"1587","1","1","1","33057","33057","33057","1","1","1","189387","189387","189387","1","1","1","189552","189552","189552","1","1","1","189290","189290","189290","1","1","1","189295","189295","189295"
"1588","1","1","1","33061","33061","33061","1","1","1","189391","189391","189391","1","1","1","189556","189556","189556","1","1","1","189294","189294","189294","1","1","1","189299","189299","189299"
"1589","1","1","1","33065","33065","33065","1","1","1","189395","189395","189395","1","1","1","189560","189560","189560","1","1","1","189298","189298","189298","1","1","1","189303","189303","189303"
"1590","1","1","1","33069","33069","33069","1","1","1","189399","189399","189399","1","1","1","189564","189564","189564","1","1","1","189302","189302","189302","1","1","1","189307","189307","189307"
"1591","1","1","1","33073","33073","33073","1","1","1","189403","189403","189403","1","1","1","189568","189568","189568","1","1","1","189306","189306","189306","1","1","1","189311","189311","189311"
"1592","1","1","1","33077","33077","33077","1","1","1","189407","189407","189407","1","1","1","189572","189572","189572","1","1","1","189310","189310","189310","1","1","1","189315","189315","189315"
"1593","1","1","1","33234","33234","33234","1","1","1","190443","190443","190443","1","1","1","190608","190608","190608","1","1","1","190351","190351","190351","1","1","1","190351","190351","190351"
"1594","1","1","1","33238","33238","33238","1","1","1","190447","190447","190447","1","1","1","190612","190612","190612","1","1","1","190355","190355","190355","1","1","1","190355","190355","190355"
"1595","1","1","1","33242","33242","33242","1","1","1","190451","190451","190451","1","1","1","190616","190616","190616","1","1","1","190359","190359","190359","1","1","1","190359","190359","190359"
"1596","1","1","1","33246","33246","33246","1","1","1","190455","190455","190455","1","1","1","190620","190620","190620","1","1","1","190363","190363","190363","1","1","1","190363","190363","190363"
"1597","1","1","1","33250","33250","33250","1","1","1","190459","190459","190459","1","1","1","190624","190624","190624","1","1","1","190367","190367","190367","1","1","1","190367","190367","190367"
"1598","1","1","1","33254","33254","33254","1","1","1","190463","190463","190463","1","1","1","190628","190628","190628","1","1","1","190371","190371","190371","1","1","1","190371","190371","190371"
"1599","1","1","1","33258","33258","33258","1","1","1","190467","190467","190467","1","1","1","190632","190632","190632","1","1","1","190375","190375","190375","1","1","1","190375","190375","190375"
"1600","1","1","1","33262","33262","33262","1","1","1","190471","190471","190471","1","1","1","190636","190636","190636","1","1","1","190379","190379","190379","1","1","1","190379","190379","190379"
"1601","1","1","1","33266","33266","33266","1","1","1","190475","190475","190475","1","1","1","190640","190640","190640","1","1","1","190383","190383","190383","1","1","1","190383","190383","190383"
"1602","1","1","1","33418","33418","33418","1","1","1","191512","191512","191512","1","1","1","191676","191676","191676","1","1","1","191424","191424","191424","1","1","1","191430","191430","191430"
"1603","1","1","1","33422","33422","33422","1","1","1","191516","191516","191516","1","1","1","191680","191680","191680","1","1","1","191428","191428","191428","1","1","1","191434","191434","191434"
"1604","1","1","1","33426","33426","33426","1","1","1","191520","191520","191520","1","1","1","191684","191684","191684","1","1","1","191432","191432","191432","1","1","1","191438","191438","191438"
"1605","1","1","1","33432","33432","33432","1","1","1","191524","191524","191524","1","1","1","191688","191688","191688","1","1","1","191436","191436","191436","1","1","1","191442","191442","191442"
"1606","1","1","1","33436","33436","33436","1","1","1","191528","191528","191528","1","1","1","191692","191692","191692","1","1","1","191440","191440","191440","1","1","1","191446","191446","191446"
"1607","1","1","1","33440","33440","33440","1","1","1","191532","191532","191532","1","1","1","191696","191696","191696","1","1","1","191444","191444","191444","1","1","1","191450","191450","191450"
"1608","1","1","1","33444","33444","33444","1","1","1","191536","191536","191536","1","1","1","191700","191700","191700","1","1","1","191448","191448","191448","1","1","1","191454","191454","191454"
"1609","1","1","1","33448","33448","33448","1","1","1","191540","191540","191540","1","1","1","191704","191704","191704","1","1","1","191452","191452","191452","1","1","1","191458","191458","191458"
"1610","1","1","1","33452","33452","33452","1","1","1","191544","191544","191544","1","1","1","191708","191708","191708","1","1","1","191456","191456","191456","1","1","1","191462","191462","191462"
"1611","1","1","1","33605","33605","33605","1","1","1","192586","192586","192586","1","1","1","192745","192745","192745","1","1","1","192492","192492","192492","1","1","1","192498","192498","192498"
"1612","1","1","1","33609","33609","33609","1","1","1","192590","192590","192590","1","1","1","192749","192749","192749","1","1","1","192496","192496","192496","1","1","1","192502","192502","192502"
"1613","1","1","1","33613","33613","33613","0.8","0.8","0.8","192594","192594","192594","1","1","1","192753","192753","192753","1","1","1","192500","192500","192500","1","1","1","192506","192506","192506"
"1614","1","1","1","33617","33617","33617","1","1","1","192598","192598","192598","1","1","1","192757","192757","192757","1","1","1","192504","192504","192504","1","1","1","192510","192510","192510"
"1615","1","1","1","33621","33621","33621","1","1","1","192602","192602","192602","1","1","1","192761","192761","192761","1","1","1","192508","192508","192508","1","1","1","192514","192514","192514"
"1616","1","1","1","33625","33625","33625","1","1","1","192606","192606","192606","1","1","1","192765","192765","192765","1","1","1","192512","192512","192512","1","1","1","192518","192518","192518"
"1617","1","1","1","33629","33629","33629","1","1","1","192610","192610","192610","1","1","1","192769","192769","192769","1","1","1","192516","192516","192516","1","1","1","192522","192522","192522"
"1618","1","1","1","33633","33633","33633","1","1","1","192614","192614","192614","1","1","1","192773","192773","192773","1","1","1","192520","192520","192520","1","1","1","192526","192526","192526"
"1619","1","1","1","33637","33637","33637","1","1","1","192618","192618","192618","1","1","1","192777","192777","192777","1","1","1","192524","192524","192524","1","1","1","192530","192530","192530"
"1620","1","1","1","33797","33797","33797","1","1","1","193663","193663","193663","1","1","1","193818","193818","193818","1","1","1","193560","193560","193560","1","1","1","193567","193567","193567"
"1621","1","1","1","33801","33801","33801","1","1","1","193667","193667","193667","1","1","1","193822","193822","193822","1","1","1","193564","193564","193564","1","1","1","193571","193571","193571"
"1622","1","1","1","33805","33805","33805","1","1","1","193671","193671","193671","1","1","1","193826","193826","193826","1","1","1","193568","193568","193568","1","1","1","193575","193575","193575"
"1623","1","1","1","33809","33809","33809","1","1","1","193675","193675","193675","1","1","1","193830","193830","193830","1","1","1","193572","193572","193572","1","1","1","193579","193579","193579"
"1624","1","1","1","33813","33813","33813","1","1","1","193679","193679","193679","1","1","1","193834","193834","193834","1","1","1","193576","193576","193576","1","1","1","193583","193583","193583"
"1625","1","1","1","33817","33817","33817","1","1","1","193683","193683","193683","1","1","1","193838","193838","193838","1","1","1","193580","193580","193580","1","1","1","193587","193587","193587"
"1626","1","1","1","33821","33821","33821","1","1","1","193687","193687","193687","1","1","1","193842","193842","193842","1","1","1","193584","193584","193584","1","1","1","193591","193591","193591"
"1627","1","1","1","33825","33825","33825","1","1","1","193691","193691","193691","1","1","1","193846","193846","193846","1","1","1","193588","193588","193588","1","1","1","193595","193595","193595"
"1628","1","1","1","33829","33829","33829","1","1","1","193695","193695","193695","1","1","1","193850","193850","193850","1","1","1","193592","193592","193592","1","1","1","193599","193599","193599"
"1629","1","1","1","33985","33985","33985","1","1","1","194737","194737","194737","1","1","1","194886","194886","194886","1","1","1","194629","194629","194629","1","1","1","194635","194635","194635"
"1630","1","1","1","33989","33989","33989","1","1","1","194741","194741","194741","1","1","1","194890","194890","194890","1","1","1","194633","194633","194633","1","1","1","194639","194639","194639"
"1631","1","1","1","33993","33993","33993","1","1","1","194745","194745","194745","1","1","1","194894","194894","194894","1","1","1","194637","194637","194637","1","1","1","194643","194643","194643"
"1632","1","1","1","33997","33997","33997","0.9","0.9","0.9","194751","194751","194751","1","1","1","194898","194898","194898","1","1","1","194641","194641","194641","1","1","1","194647","194647","194647"
"1633","1","1","1","34001","34001","34001","1","1","1","194755","194755","194755","1","1","1","194902","194902","194902","1","1","1","194645","194645","194645","1","1","1","194651","194651","194651"
"1634","1","1","1","34005","34005","34005","1","1","1","194759","194759","194759","1","1","1","194906","194906","194906","1","1","1","194649","194649","194649","1","1","1","194655","194655","194655"
"1635","1","1","1","34009","34009","34009","1","1","1","194763","194763","194763","1","1","1","194910","194910","194910","1","1","1","194653","194653","194653","1","1","1","194659","194659","194659"
"1636","1","1","1","34013","34013","34013","1","1","1","194767","194767","194767","1","1","1","194914","194914","194914","1","1","1","194657","194657","194657","1","1","1","194663","194663","194663"
"1637","1","1","1","34017","34017","34017","1","1","1","194771","194771","194771","1","1","1","194918","194918","194918","1","1","1","194661","194661","194661","1","1","1","194667","194667","194667"
"1638","1","1","1","34172","34172","34172","1","1","1","195807","195807","195807","1","1","1","195954","195954","195954","1","1","1","195697","195697","195697","1","1","1","195703","195703","195703"
"1639","1","1","1","34176","34176","34176","1","1","1","195811","195811","195811","1","1","1","195958","195958","195958","1","1","1","195701","195701","195701","1","1","1","195707","195707","195707"
"1640","1","1","1","34180","34180","34180","1","1","1","195815","195815","195815","1","1","1","195962","195962","195962","1","1","1","195705","195705","195705","1","1","1","195711","195711","195711"
"1641","1","1","1","34184","34184","34184","1","1","1","195819","195819","195819","1","1","1","195966","195966","195966","1","1","1","195709","195709","195709","1","1","1","195715","195715","195715"
"1642","1","1","1","34188","34188","34188","1","1","1","195823","195823","195823","1","1","1","195970","195970","195970","1","1","1","195713","195713","195713","1","1","1","195719","195719","195719"
"1643","1","1","1","34192","34192","34192","1","1","1","195827","195827","195827","1","1","1","195974","195974","195974","1","1","1","195717","195717","195717","1","1","1","195723","195723","195723"
"1644","1","1","1","34196","34196","34196","1","1","1","195831","195831","195831","1","1","1","195978","195978","195978","1","1","1","195721","195721","195721","1","1","1","195727","195727","195727"
"1645","1","1","1","34200","34200","34200","1","1","1","195835","195835","195835","1","1","1","195982","195982","195982","1","1","1","195725","195725","195725","1","1","1","195731","195731","195731"
"1646","1","1","1","34204","34204","34204","1","1","1","195839","195839","195839","1","1","1","195986","195986","195986","1","1","1","195729","195729","195729","1","1","1","195735","195735","195735"
"1647","1","1","1","34357","34357","34357","1","1","1","196880","196880","196880","1","1","1","197022","197022","197022","1","1","1","196767","196767","196767","1","1","1","196777","196777","196777"
"1648","1","1","1","34361","34361","34361","1","1","1","196884","196884","196884","1","1","1","197026","197026","197026","1","1","1","196771","196771","196771","1","1","1","196781","196781","196781"
"1649","1","1","1","34365","34365","34365","1","1","1","196888","196888","196888","1","1","1","197030","197030","197030","1","1","1","196775","196775","196775","1","1","1","196785","196785","196785"
"1650","1","1","1","34369","34369","34369","1","1","1","196892","196892","196892","1","1","1","197034","197034","197034","1","1","1","196779","196779","196779","1","1","1","196789","196789","196789"
"1651","1","1","1","34373","34373","34373","1","1","1","196896","196896","196896","1","1","1","197038","197038","197038","1","1","1","196783","196783","196783","1","1","1","196793","196793","196793"
"1652","1","1","1","34377","34377","34377","1","1","1","196900","196900","196900","1","1","1","197042","197042","197042","1","1","1","196787","196787","196787","1","1","1","196797","196797","196797"
"1653","1","1","1","34381","34381","34381","1","1","1","196904","196904","196904","1","1","1","197046","197046","197046","1","1","1","196791","196791","196791","1","1","1","196801","196801","196801"
"1654","1","1","1","34385","34385","34385","1","1","1","196908","196908","196908","1","1","1","197050","197050","197050","1","1","1","196795","196795","196795","1","1","1","196805","196805","196805"
"1655","1","1","1","34389","34389","34389","1","1","1","196912","196912","196912","1","1","1","197054","197054","197054","1","1","1","196799","196799","196799","1","1","1","196809","196809","196809"
"1656","1","1","1","34543","34543","34543","1","1","1","197948","197948","197948","1","1","1","198091","198091","198091","1","1","1","197835","197835","197835","1","1","1","197845","197845","197845"
"1657","1","1","1","34547","34547","34547","1","1","1","197952","197952","197952","1","1","1","198095","198095","198095","1","1","1","197839","197839","197839","1","1","1","197849","197849","197849"
"1658","1","1","1","34551","34551","34551","1","1","1","197956","197956","197956","1","1","1","198099","198099","198099","1","1","1","197843","197843","197843","1","1","1","197853","197853","197853"
"1659","1","1","1","34555","34555","34555","1","1","1","197960","197960","197960","1","1","1","198103","198103","198103","1","1","1","197847","197847","197847","1","1","1","197857","197857","197857"
"1660","1","1","1","34559","34559","34559","1","1","1","197964","197964","197964","1","1","1","198107","198107","198107","1","1","1","197851","197851","197851","1","1","1","197861","197861","197861"
"1661","1","1","1","34563","34563","34563","1","1","1","197968","197968","197968","1","1","1","198111","198111","198111","1","1","1","197855","197855","197855","1","1","1","197865","197865","197865"
"1662","1","1","1","34567","34567","34567","1","1","1","197972","197972","197972","1","1","1","198115","198115","198115","1","1","1","197859","197859","197859","1","1","1","197869","197869","197869"
"1663","1","1","1","34571","34571","34571","1","1","1","197976","197976","197976","1","1","1","198119","198119","198119","1","1","1","197863","197863","197863","1","1","1","197873","197873","197873"
"1664","1","1","1","34575","34575","34575","1","1","1","197980","197980","197980","1","1","1","198123","198123","198123","1","1","1","197867","197867","197867","1","1","1","197877","197877","197877"
"1665","1","1","1","34730","34730","34730","1","1","1","199017","199017","199017","1","1","1","199159","199159","199159","1","1","1","198903","198903","198903","1","1","1","198923","198923","198923"
"1666","1","1","1","34734","34734","34734","1","1","1","199021","199021","199021","1","1","1","199163","199163","199163","1","1","1","198907","198907","198907","1","1","1","198927","198927","198927"
"1667","1","1","1","34738","34738","34738","1","1","1","199025","199025","199025","1","1","1","199167","199167","199167","1","1","1","198911","198911","198911","1","1","1","198931","198931","198931"
"1668","1","1","1","34742","34742","34742","1","1","1","199029","199029","199029","1","1","1","199171","199171","199171","1","1","1","198915","198915","198915","1","1","1","198935","198935","198935"
"1669","1","1","1","34746","34746","34746","1","1","1","199033","199033","199033","1","1","1","199175","199175","199175","1","1","1","198919","198919","198919","1","1","1","198939","198939","198939"
"1670","1","1","1","34750","34750","34750","1","1","1","199037","199037","199037","1","1","1","199179","199179","199179","1","1","1","198923","198923","198923","1","1","1","198943","198943","198943"
"1671","1","1","1","34754","34754","34754","1","1","1","199041","199041","199041","1","1","1","199183","199183","199183","1","1","1","198927","198927","198927","1","1","1","198947","198947","198947"
"1672","1","1","1","34758","34758","34758","1","1","1","199045","199045","199045","1","1","1","199187","199187","199187","1","1","1","198931","198931","198931","1","1","1","198951","198951","198951"
"1673","1","1","1","34762","34762","34762","1","1","1","199049","199049","199049","1","1","1","199191","199191","199191","1","1","1","198935","198935","198935","1","1","1","198955","198955","198955"
"1674","1","1","1","34918","34918","34918","1","1","1","200085","200085","200085","1","1","1","200227","200227","200227","1","1","1","199972","199972","199972","1","1","1","199997","199997","199997"
"1675","1","1","1","34922","34922","34922","1","1","1","200089","200089","200089","1","1","1","200231","200231","200231","1","1","1","199976","199976","199976","1","1","1","200001","200001","200001"
"1676","1","1","1","34926","34926","34926","1","1","1","200093","200093","200093","1","1","1","200235","200235","200235","1","1","1","199980","199980","199980","1","1","1","200005","200005","200005"
"1677","1","1","1","34930","34930","34930","1","1","1","200097","200097","200097","1","1","1","200239","200239","200239","1","1","1","199984","199984","199984","1","1","1","200009","200009","200009"
"1678","1","1","1","34934","34934","34934","1","1","1","200101","200101","200101","1","1","1","200243","200243","200243","1","1","1","199988","199988","199988","0.9","0.9","0.9","200013","200013","200013"
"1679","1","1","1","34938","34938","34938","1","1","1","200105","200105","200105","1","1","1","200247","200247","200247","1","1","1","199992","199992","199992","1","1","1","200017","200017","200017"
"1680","1","1","1","34942","34942","34942","1","1","1","200109","200109","200109","1","1","1","200251","200251","200251","1","1","1","199996","199996","199996","1","1","1","200021","200021","200021"
"1681","1","1","1","34946","34946","34946","1","1","1","200113","200113","200113","1","1","1","200255","200255","200255","1","1","1","200000","200000","200000","1","1","1","200025","200025","200025"
"1682","1","1","1","34950","34950","34950","1","1","1","200117","200117","200117","1","1","1","200259","200259","200259","1","1","1","200004","200004","200004","1","1","1","200029","200029","200029"
"1683","1","1","1","35103","35103","35103","1","1","1","201159","201159","201159","1","1","1","201295","201295","201295","1","1","1","201050","201050","201050","1","1","1","201064","201064","201064"
"1684","1","1","1","35108","35108","35108","1","1","1","201163","201163","201163","1","1","1","201299","201299","201299","1","1","1","201054","201054","201054","1","1","1","201068","201068","201068"
"1685","1","1","1","35112","35112","35112","1","1","1","201167","201167","201167","1","1","1","201303","201303","201303","1","1","1","201058","201058","201058","1","1","1","201072","201072","201072"
"1686","1","1","1","35116","35116","35116","1","1","1","201171","201171","201171","1","1","1","201307","201307","201307","1","1","1","201062","201062","201062","1","1","1","201076","201076","201076"
"1687","1","1","1","35120","35120","35120","1","1","1","201175","201175","201175","1","1","1","201311","201311","201311","1","1","1","201066","201066","201066","1","1","1","201080","201080","201080"
"1688","1","1","1","35124","35124","35124","1","1","1","201179","201179","201179","1","1","1","201315","201315","201315","1","1","1","201070","201070","201070","1","1","1","201084","201084","201084"
"1689","1","1","1","35128","35128","35128","1","1","1","201183","201183","201183","1","1","1","201319","201319","201319","1","1","1","201074","201074","201074","1","1","1","201088","201088","201088"
"1690","1","1","1","35132","35132","35132","1","1","1","201187","201187","201187","1","1","1","201323","201323","201323","1","1","1","201078","201078","201078","1","1","1","201092","201092","201092"
"1691","1","1","1","35136","35136","35136","1","1","1","201191","201191","201191","1","1","1","201327","201327","201327","1","1","1","201082","201082","201082","1","1","1","201096","201096","201096"
"1692","1","1","1","35295","35295","35295","1","1","1","202227","202227","202227","1","1","1","202363","202363","202363","1","1","1","202118","202118","202118","1","1","1","202132","202132","202132"
"1693","1","1","1","35299","35299","35299","1","1","1","202231","202231","202231","1","1","1","202367","202367","202367","1","1","1","202122","202122","202122","1","1","1","202136","202136","202136"
"1694","1","1","1","35303","35303","35303","1","1","1","202235","202235","202235","1","1","1","202371","202371","202371","1","1","1","202126","202126","202126","1","1","1","202140","202140","202140"
"1695","1","1","1","35307","35307","35307","1","1","1","202239","202239","202239","1","1","1","202375","202375","202375","1","1","1","202130","202130","202130","1","1","1","202144","202144","202144"
"1696","1","1","1","35311","35311","35311","1","1","1","202243","202243","202243","0.9","0.9","0.9","202379","202379","202379","1","1","1","202134","202134","202134","1","1","1","202148","202148","202148"
"1697","1","1","1","35315","35315","35315","1","1","1","202247","202247","202247","1","1","1","202383","202383","202383","1","1","1","202138","202138","202138","1","1","1","202152","202152","202152"
"1698","1","1","1","35319","35319","35319","1","1","1","202251","202251","202251","1","1","1","202387","202387","202387","1","1","1","202142","202142","202142","1","1","1","202156","202156","202156"
"1699","1","1","1","35323","35323","35323","1","1","1","202255","202255","202255","1","1","1","202391","202391","202391","1","1","1","202146","202146","202146","1","1","1","202160","202160","202160"
"1700","1","1","1","35327","35327","35327","1","1","1","202259","202259","202259","1","1","1","202395","202395","202395","1","1","1","202150","202150","202150","1","1","1","202164","202164","202164"
"1701","1","1","1","35484","35484","35484","1","1","1","203305","203305","203305","1","1","1","203430","203430","203430","1","1","1","203187","203187","203187","1","1","1","203201","203201","203201"
"1702","1","1","1","35488","35488","35488","1","1","1","203309","203309","203309","1","1","1","203434","203434","203434","1","1","1","203191","203191","203191","1","1","1","203205","203205","203205"
"1703","1","1","1","35492","35492","35492","1","1","1","203313","203313","203313","1","1","1","203438","203438","203438","1","1","1","203195","203195","203195","1","1","1","203209","203209","203209"
"1704","1","1","1","35496","35496","35496","1","1","1","203317","203317","203317","1","1","1","203442","203442","203442","1","1","1","203199","203199","203199","1","1","1","203213","203213","203213"
"1705","1","1","1","35500","35500","35500","1","1","1","203321","203321","203321","1","1","1","203446","203446","203446","1","1","1","203203","203203","203203","1","1","1","203217","203217","203217"
"1706","1","1","1","35504","35504","35504","1","1","1","203325","203325","203325","1","1","1","203450","203450","203450","1","1","1","203207","203207","203207","1","1","1","203221","203221","203221"
"1707","1","1","1","35508","35508","35508","1","1","1","203329","203329","203329","1","1","1","203454","203454","203454","1","1","1","203211","203211","203211","1","1","1","203225","203225","203225"
"1708","1","1","1","35512","35512","35512","1","1","1","203333","203333","203333","1","1","1","203458","203458","203458","1","1","1","203215","203215","203215","1","1","1","203229","203229","203229"
"1709","1","1","1","35516","35516","35516","1","1","1","203337","203337","203337","1","1","1","203462","203462","203462","1","1","1","203219","203219","203219","1","1","1","203233","203233","203233"
"1710","1","1","1","35669","35669","35669","1","1","1","204374","204374","204374","1","1","1","204498","204498","204498","1","1","1","204255","204255","204255","1","1","1","204274","204274","204274"
"1711","1","1","1","35673","35673","35673","1","1","1","204378","204378","204378","1","1","1","204502","204502","204502","1","1","1","204259","204259","204259","1","1","1","204278","204278","204278"
"1712","1","1","1","35677","35677","35677","1","1","1","204382","204382","204382","1","1","1","204506","204506","204506","1","1","1","204263","204263","204263","1","1","1","204282","204282","204282"
"1713","1","1","1","35681","35681","35681","1","1","1","204386","204386","204386","1","1","1","204510","204510","204510","1","1","1","204267","204267","204267","1","1","1","204286","204286","204286"
"1714","1","1","1","35685","35685","35685","1","1","1","204390","204390","204390","1","1","1","204514","204514","204514","1","1","1","204271","204271","204271","1","1","1","204290","204290","204290"
"1715","1","1","1","35689","35689","35689","1","1","1","204394","204394","204394","0.9","0.9","0.9","204518","204518","204518","1","1","1","204275","204275","204275","1","1","1","204294","204294","204294"
"1716","1","1","1","35693","35693","35693","1","1","1","204398","204398","204398","1","1","1","204522","204522","204522","1","1","1","204279","204279","204279","1","1","1","204298","204298","204298"
"1717","1","1","1","35697","35697","35697","1","1","1","204402","204402","204402","1","1","1","204526","204526","204526","1","1","1","204283","204283","204283","1","1","1","204302","204302","204302"
"1718","1","1","1","35701","35701","35701","1","1","1","204406","204406","204406","1","1","1","204530","204530","204530","1","1","1","204287","204287","204287","1","1","1","204306","204306","204306"
"1719","1","1","1","35856","35856","35856","1","1","1","205447","205447","205447","1","1","1","205565","205565","205565","1","1","1","205323","205323","205323","1","1","1","205347","205347","205347"
"1720","1","1","1","35860","35860","35860","1","1","1","205451","205451","205451","1","1","1","205569","205569","205569","0.8","0.8","0.8","205327","205327","205327","1","1","1","205351","205351","205351"
"1721","1","1","1","35865","35865","35865","1","1","1","205455","205455","205455","1","1","1","205573","205573","205573","1","1","1","205331","205331","205331","1","1","1","205355","205355","205355"
"1722","1","1","1","35869","35869","35869","1","1","1","205459","205459","205459","1","1","1","205577","205577","205577","1","1","1","205335","205335","205335","1","1","1","205359","205359","205359"
"1723","1","1","1","35873","35873","35873","1","1","1","205463","205463","205463","1","1","1","205581","205581","205581","1","1","1","205339","205339","205339","1","1","1","205363","205363","205363"
"1724","1","1","1","35877","35877","35877","1","1","1","205467","205467","205467","1","1","1","205585","205585","205585","1","1","1","205343","205343","205343","1","1","1","205367","205367","205367"
"1725","1","1","1","35881","35881","35881","1","1","1","205471","205471","205471","1","1","1","205589","205589","205589","1","1","1","205347","205347","205347","1","1","1","205371","205371","205371"
"1726","1","1","1","35885","35885","35885","1","1","1","205475","205475","205475","1","1","1","205593","205593","205593","1","1","1","205351","205351","205351","1","1","1","205375","205375","205375"
"1727","1","1","1","35889","35889","35889","1","1","1","205479","205479","205479","1","1","1","205597","205597","205597","1","1","1","205355","205355","205355","1","1","1","205379","205379","205379"
"1728","1","1","1","36045","36045","36045","1","1","1","206525","206525","206525","1","1","1","206638","206638","206638","1","1","1","206390","206390","206390","1","1","1","206416","206416","206416"
"1729","1","1","1","36049","36049","36049","1","1","1","206529","206529","206529","1","1","1","206642","206642","206642","1","1","1","206394","206394","206394","1","1","1","206420","206420","206420"
"1730","1","1","1","36053","36053","36053","1","1","1","206533","206533","206533","1","1","1","206646","206646","206646","1","1","1","206398","206398","206398","1","1","1","206424","206424","206424"
"1731","1","1","1","36057","36057","36057","1","1","1","206537","206537","206537","1","1","1","206650","206650","206650","1","1","1","206402","206402","206402","1","1","1","206428","206428","206428"
"1732","1","1","1","36061","36061","36061","1","1","1","206541","206541","206541","1","1","1","206654","206654","206654","1","1","1","206406","206406","206406","1","1","1","206432","206432","206432"
"1733","1","1","1","36065","36065","36065","1","1","1","206545","206545","206545","1","1","1","206658","206658","206658","1","1","1","206410","206410","206410","1","1","1","206436","206436","206436"
"1734","1","1","1","36069","36069","36069","1","1","1","206549","206549","206549","1","1","1","206662","206662","206662","1","1","1","206414","206414","206414","1","1","1","206440","206440","206440"
"1735","1","1","1","36073","36073","36073","1","1","1","206553","206553","206553","1","1","1","206666","206666","206666","1","1","1","206418","206418","206418","1","1","1","206444","206444","206444"
"1736","1","1","1","36077","36077","36077","1","1","1","206557","206557","206557","1","1","1","206670","206670","206670","1","1","1","206422","206422","206422","1","1","1","206448","206448","206448"
"1737","1","1","1","36234","36234","36234","1","1","1","207594","207594","207594","1","1","1","207706","207706","207706","1","1","1","207458","207458","207458","1","1","1","207484","207484","207484"
"1738","1","1","1","36238","36238","36238","1","1","1","207598","207598","207598","1","1","1","207710","207710","207710","1","1","1","207462","207462","207462","1","1","1","207488","207488","207488"
"1739","1","1","1","36242","36242","36242","1","1","1","207602","207602","207602","1","1","1","207714","207714","207714","1","1","1","207466","207466","207466","1","1","1","207492","207492","207492"
"1740","1","1","1","36246","36246","36246","0.9","0.9","0.9","207612","207612","207612","1","1","1","207718","207718","207718","1","1","1","207470","207470","207470","1","1","1","207496","207496","207496"
"1741","1","1","1","36250","36250","36250","1","1","1","207616","207616","207616","1","1","1","207722","207722","207722","1","1","1","207474","207474","207474","1","1","1","207500","207500","207500"
"1742","1","1","1","36254","36254","36254","1","1","1","207620","207620","207620","1","1","1","207726","207726","207726","1","1","1","207478","207478","207478","1","1","1","207504","207504","207504"
"1743","1","1","1","36258","36258","36258","1","1","1","207624","207624","207624","1","1","1","207730","207730","207730","1","1","1","207482","207482","207482","1","1","1","207508","207508","207508"
"1744","1","1","1","36262","36262","36262","1","1","1","207628","207628","207628","1","1","1","207734","207734","207734","1","1","1","207486","207486","207486","1","1","1","207512","207512","207512"
"1745","1","1","1","36266","36266","36266","1","1","1","207632","207632","207632","1","1","1","207738","207738","207738","1","1","1","207490","207490","207490","1","1","1","207516","207516","207516"
"1746","1","1","1","36418","36418","36418","1","1","1","208667","208667","208667","1","1","1","208779","208779","208779","1","1","1","208526","208526","208526","1","1","1","208552","208552","208552"
"1747","1","1","1","36422","36422","36422","1","1","1","208671","208671","208671","1","1","1","208783","208783","208783","1","1","1","208530","208530","208530","1","1","1","208556","208556","208556"
"1748","1","1","1","36426","36426","36426","1","1","1","208675","208675","208675","1","1","1","208787","208787","208787","1","1","1","208534","208534","208534","1","1","1","208560","208560","208560"
"1749","1","1","1","36430","36430","36430","1","1","1","208679","208679","208679","1","1","1","208791","208791","208791","1","1","1","208538","208538","208538","1","1","1","208564","208564","208564"
"1750","1","1","1","36434","36434","36434","1","1","1","208683","208683","208683","1","1","1","208795","208795","208795","1","1","1","208542","208542","208542","1","1","1","208568","208568","208568"
"1751","1","1","1","36438","36438","36438","1","1","1","208687","208687","208687","1","1","1","208799","208799","208799","1","1","1","208546","208546","208546","1","1","1","208572","208572","208572"
"1752","1","1","1","36442","36442","36442","1","1","1","208691","208691","208691","1","1","1","208803","208803","208803","1","1","1","208550","208550","208550","1","1","1","208576","208576","208576"
"1753","1","1","1","36446","36446","36446","1","1","1","208695","208695","208695","1","1","1","208807","208807","208807","1","1","1","208554","208554","208554","1","1","1","208580","208580","208580"
"1754","1","1","1","36450","36450","36450","1","1","1","208699","208699","208699","1","1","1","208811","208811","208811","1","1","1","208558","208558","208558","1","1","1","208584","208584","208584"
"1755","1","1","1","36601","36601","36601","1","1","1","209735","209735","209735","1","1","1","209847","209847","209847","1","1","1","209595","209595","209595","1","1","1","209620","209620","209620"
"1756","1","1","1","36605","36605","36605","1","1","1","209739","209739","209739","1","1","1","209851","209851","209851","1","1","1","209599","209599","209599","1","1","1","209624","209624","209624"
"1757","1","1","1","36609","36609","36609","1","1","1","209743","209743","209743","1","1","1","209855","209855","209855","1","1","1","209603","209603","209603","1","1","1","209628","209628","209628"
"1758","1","1","1","36613","36613","36613","1","1","1","209747","209747","209747","1","1","1","209859","209859","209859","1","1","1","209609","209609","209609","1","1","1","209632","209632","209632"
"1759","1","1","1","36617","36617","36617","1","1","1","209751","209751","209751","1","1","1","209863","209863","209863","1","1","1","209613","209613","209613","1","1","1","209636","209636","209636"
"1760","1","1","1","36621","36621","36621","1","1","1","209755","209755","209755","1","1","1","209867","209867","209867","1","1","1","209617","209617","209617","1","1","1","209640","209640","209640"
"1761","1","1","1","36625","36625","36625","1","1","1","209759","209759","209759","1","1","1","209871","209871","209871","1","1","1","209621","209621","209621","1","1","1","209644","209644","209644"
"1762","1","1","1","36629","36629","36629","1","1","1","209763","209763","209763","1","1","1","209875","209875","209875","1","1","1","209625","209625","209625","1","1","1","209648","209648","209648"
"1763","1","1","1","36633","36633","36633","1","1","1","209767","209767","209767","1","1","1","209879","209879","209879","1","1","1","209629","209629","209629","1","1","1","209652","209652","209652"
"1764","1","1","1","36791","36791","36791","1","1","1","210803","210803","210803","1","1","1","210916","210916","210916","1","1","1","210665","210665","210665","1","1","1","210689","210689","210689"
"1765","1","1","1","36795","36795","36795","1","1","1","210807","210807","210807","1","1","1","210920","210920","210920","1","1","1","210669","210669","210669","1","1","1","210693","210693","210693"
"1766","1","1","1","36799","36799","36799","1","1","1","210811","210811","210811","1","1","1","210924","210924","210924","1","1","1","210673","210673","210673","1","1","1","210697","210697","210697"
"1767","1","1","1","36803","36803","36803","1","1","1","210815","210815","210815","1","1","1","210928","210928","210928","1","1","1","210677","210677","210677","1","1","1","210701","210701","210701"
"1768","1","1","1","36807","36807","36807","1","1","1","210819","210819","210819","1","1","1","210932","210932","210932","1","1","1","210681","210681","210681","1","1","1","210705","210705","210705"
"1769","1","1","1","36811","36811","36811","1","1","1","210823","210823","210823","1","1","1","210936","210936","210936","1","1","1","210685","210685","210685","1","1","1","210709","210709","210709"
"1770","1","1","1","36815","36815","36815","1","1","1","210827","210827","210827","1","1","1","210940","210940","210940","1","1","1","210689","210689","210689","1","1","1","210713","210713","210713"
"1771","1","1","1","36819","36819","36819","1","1","1","210831","210831","210831","1","1","1","210944","210944","210944","1","1","1","210693","210693","210693","1","1","1","210717","210717","210717"
"1772","1","1","1","36823","36823","36823","1","1","1","210835","210835","210835","1","1","1","210948","210948","210948","1","1","1","210697","210697","210697","1","1","1","210721","210721","210721"
"1773","1","1","1","36979","36979","36979","1","1","1","211877","211877","211877","1","1","1","211984","211984","211984","1","1","1","211733","211733","211733","1","1","1","211767","211767","211767"
"1774","1","1","1","36983","36983","36983","1","1","1","211881","211881","211881","1","1","1","211988","211988","211988","1","1","1","211737","211737","211737","1","1","1","211771","211771","211771"
"1775","1","1","1","36987","36987","36987","1","1","1","211885","211885","211885","1","1","1","211992","211992","211992","1","1","1","211741","211741","211741","1","1","1","211775","211775","211775"
"1776","1","1","1","36991","36991","36991","1","1","1","211890","211890","211890","1","1","1","211996","211996","211996","1","1","1","211745","211745","211745","1","1","1","211779","211779","211779"
"1777","1","1","1","36995","36995","36995","1","1","1","211894","211894","211894","1","1","1","212000","212000","212000","1","1","1","211749","211749","211749","1","1","1","211783","211783","211783"
"1778","1","1","1","36999","36999","36999","1","1","1","211898","211898","211898","1","1","1","212004","212004","212004","1","1","1","211753","211753","211753","1","1","1","211787","211787","211787"
"1779","1","1","1","37003","37003","37003","1","1","1","211902","211902","211902","1","1","1","212008","212008","212008","1","1","1","211757","211757","211757","1","1","1","211791","211791","211791"
"1780","1","1","1","37007","37007","37007","1","1","1","211906","211906","211906","1","1","1","212012","212012","212012","1","1","1","211761","211761","211761","1","1","1","211795","211795","211795"
"1781","1","1","1","37011","37011","37011","1","1","1","211910","211910","211910","1","1","1","212016","212016","212016","1","1","1","211765","211765","211765","1","1","1","211799","211799","211799"
"1782","1","1","1","37166","37166","37166","1","1","1","212946","212946","212946","1","1","1","213052","213052","213052","1","1","1","212808","212808","212808","1","1","1","212835","212835","212835"
"1783","1","1","1","37170","37170","37170","1","1","1","212950","212950","212950","1","1","1","213056","213056","213056","1","1","1","212812","212812","212812","1","1","1","212839","212839","212839"
"1784","1","1","1","37174","37174","37174","1","1","1","212954","212954","212954","1","1","1","213060","213060","213060","1","1","1","212816","212816","212816","1","1","1","212843","212843","212843"
"1785","1","1","1","37178","37178","37178","1","1","1","212958","212958","212958","1","1","1","213064","213064","213064","1","1","1","212820","212820","212820","1","1","1","212847","212847","212847"
"1786","1","1","1","37182","37182","37182","1","1","1","212962","212962","212962","1","1","1","213068","213068","213068","1","1","1","212824","212824","212824","1","1","1","212851","212851","212851"
"1787","1","1","1","37186","37186","37186","1","1","1","212966","212966","212966","1","1","1","213072","213072","213072","1","1","1","212828","212828","212828","1","1","1","212855","212855","212855"
"1788","1","1","1","37190","37190","37190","1","1","1","212970","212970","212970","1","1","1","213076","213076","213076","1","1","1","212832","212832","212832","1","1","1","212859","212859","212859"
"1789","1","1","1","37194","37194","37194","1","1","1","212974","212974","212974","1","1","1","213080","213080","213080","1","1","1","212836","212836","212836","1","1","1","212863","212863","212863"
"1790","1","1","1","37198","37198","37198","1","1","1","212978","212978","212978","1","1","1","213084","213084","213084","1","1","1","212840","212840","212840","1","1","1","212867","212867","212867"
"1791","1","1","1","37354","37354","37354","1","1","1","214019","214019","214019","1","1","1","214121","214121","214121","1","1","1","213881","213881","213881","1","1","1","213913","213913","213913"
"1792","1","1","1","37358","37358","37358","1","1","1","214023","214023","214023","1","1","1","214125","214125","214125","1","1","1","213885","213885","213885","1","1","1","213917","213917","213917"
"1793","1","1","1","37362","37362","37362","1","1","1","214027","214027","214027","1","1","1","214129","214129","214129","1","1","1","213889","213889","213889","1","1","1","213921","213921","213921"
"1794","1","1","1","37366","37366","37366","1","1","1","214031","214031","214031","1","1","1","214133","214133","214133","1","1","1","213893","213893","213893","1","1","1","213925","213925","213925"
"1795","1","1","1","37370","37370","37370","1","1","1","214035","214035","214035","1","1","1","214137","214137","214137","1","1","1","213897","213897","213897","1","1","1","213929","213929","213929"
"1796","1","1","1","37374","37374","37374","1","1","1","214039","214039","214039","1","1","1","214141","214141","214141","1","1","1","213901","213901","213901","1","1","1","213933","213933","213933"
"1797","1","1","1","37378","37378","37378","1","1","1","214043","214043","214043","1","1","1","214145","214145","214145","1","1","1","213905","213905","213905","1","1","1","213937","213937","213937"
"1798","1","1","1","37382","37382","37382","1","1","1","214047","214047","214047","1","1","1","214149","214149","214149","1","1","1","213909","213909","213909","1","1","1","213941","213941","213941"
"1799","1","1","1","37386","37386","37386","1","1","1","214051","214051","214051","1","1","1","214153","214153","214153","1","1","1","213913","213913","213913","1","1","1","213945","213945","213945"
"1800","1","1","1","37542","37542","37542","1","1","1","215088","215088","215088","1","1","1","215189","215189","215189","1","1","1","214949","214949","214949","1","1","1","214981","214981","214981"
"1801","1","1","1","37546","37546","37546","1","1","1","215092","215092","215092","1","1","1","215193","215193","215193","1","1","1","214953","214953","214953","1","1","1","214985","214985","214985"
"1802","1","1","1","37550","37550","37550","1","1","1","215096","215096","215096","1","1","1","215197","215197","215197","1","1","1","214957","214957","214957","1","1","1","214989","214989","214989"
"1803","1","1","1","37554","37554","37554","1","1","1","215100","215100","215100","1","1","1","215201","215201","215201","1","1","1","214961","214961","214961","1","1","1","214993","214993","214993"
"1804","1","1","1","37558","37558","37558","1","1","1","215104","215104","215104","1","1","1","215205","215205","215205","1","1","1","214965","214965","214965","1","1","1","214997","214997","214997"
"1805","1","1","1","37562","37562","37562","1","1","1","215108","215108","215108","1","1","1","215209","215209","215209","1","1","1","214969","214969","214969","1","1","1","215001","215001","215001"
"1806","1","1","1","37566","37566","37566","1","1","1","215112","215112","215112","1","1","1","215213","215213","215213","1","1","1","214973","214973","214973","1","1","1","215005","215005","215005"
"1807","1","1","1","37570","37570","37570","1","1","1","215116","215116","215116","1","1","1","215217","215217","215217","1","1","1","214977","214977","214977","1","1","1","215009","215009","215009"
"1808","1","1","1","37574","37574","37574","1","1","1","215120","215120","215120","1","1","1","215221","215221","215221","1","1","1","214981","214981","214981","1","1","1","215013","215013","215013"
"1809","1","1","1","37728","37728","37728","1","1","1","216156","216156","216156","1","1","1","216257","216257","216257","1","1","1","216017","216017","216017","1","1","1","216050","216050","216050"
"1810","1","1","1","37732","37732","37732","1","1","1","216160","216160","216160","1","1","1","216261","216261","216261","1","1","1","216021","216021","216021","1","1","1","216054","216054","216054"
"1811","1","1","1","37736","37736","37736","1","1","1","216164","216164","216164","1","1","1","216265","216265","216265","1","1","1","216025","216025","216025","1","1","1","216058","216058","216058"
"1812","1","1","1","37740","37740","37740","1","1","1","216168","216168","216168","1","1","1","216269","216269","216269","1","1","1","216029","216029","216029","1","1","1","216062","216062","216062"
"1813","1","1","1","37744","37744","37744","1","1","1","216172","216172","216172","1","1","1","216273","216273","216273","1","1","1","216033","216033","216033","1","1","1","216066","216066","216066"
"1814","1","1","1","37748","37748","37748","1","1","1","216176","216176","216176","1","1","1","216277","216277","216277","1","1","1","216037","216037","216037","1","1","1","216070","216070","216070"
"1815","1","1","1","37752","37752","37752","1","1","1","216180","216180","216180","1","1","1","216281","216281","216281","1","1","1","216041","216041","216041","1","1","1","216074","216074","216074"
"1816","1","1","1","37756","37756","37756","1","1","1","216184","216184","216184","1","1","1","216285","216285","216285","1","1","1","216045","216045","216045","1","1","1","216078","216078","216078"
"1817","1","1","1","37760","37760","37760","1","1","1","216188","216188","216188","1","1","1","216289","216289","216289","1","1","1","216049","216049","216049","1","1","1","216082","216082","216082"
"1818","1","1","1","37917","37917","37917","1","1","1","217224","217224","217224","1","1","1","217325","217325","217325","1","1","1","217085","217085","217085","1","1","1","217118","217118","217118"
"1819","1","1","1","37921","37921","37921","1","1","1","217228","217228","217228","1","1","1","217329","217329","217329","1","1","1","217089","217089","217089","1","1","1","217122","217122","217122"
"1820","1","1","1","37925","37925","37925","1","1","1","217232","217232","217232","1","1","1","217333","217333","217333","1","1","1","217093","217093","217093","1","1","1","217126","217126","217126"
"1821","1","1","1","37929","37929","37929","1","1","1","217236","217236","217236","1","1","1","217337","217337","217337","1","1","1","217097","217097","217097","1","1","1","217130","217130","217130"
"1822","1","1","1","37933","37933","37933","1","1","1","217240","217240","217240","1","1","1","217341","217341","217341","1","1","1","217101","217101","217101","1","1","1","217134","217134","217134"
"1823","1","1","1","37937","37937","37937","1","1","1","217244","217244","217244","1","1","1","217345","217345","217345","1","1","1","217105","217105","217105","1","1","1","217138","217138","217138"
"1824","1","1","1","37941","37941","37941","1","1","1","217248","217248","217248","1","1","1","217349","217349","217349","1","1","1","217109","217109","217109","1","1","1","217142","217142","217142"
"1825","1","1","1","37945","37945","37945","1","1","1","217252","217252","217252","1","1","1","217353","217353","217353","1","1","1","217113","217113","217113","1","1","1","217146","217146","217146"
"1826","1","1","1","37949","37949","37949","1","1","1","217256","217256","217256","1","1","1","217357","217357","217357","1","1","1","217117","217117","217117","1","1","1","217150","217150","217150"
"1827","1","1","1","38102","38102","38102","1","1","1","218297","218297","218297","1","1","1","218398","218398","218398","1","1","1","218158","218158","218158","1","1","1","218186","218186","218186"
"1828","1","1","1","38106","38106","38106","1","1","1","218301","218301","218301","1","1","1","218402","218402","218402","1","1","1","218162","218162","218162","1","1","1","218190","218190","218190"
"1829","1","1","1","38110","38110","38110","1","1","1","218305","218305","218305","1","1","1","218406","218406","218406","1","1","1","218166","218166","218166","1","1","1","218194","218194","218194"
"1830","1","1","1","38114","38114","38114","1","1","1","218309","218309","218309","1","1","1","218410","218410","218410","1","1","1","218171","218171","218171","1","1","1","218198","218198","218198"
"1831","1","1","1","38118","38118","38118","1","1","1","218313","218313","218313","1","1","1","218414","218414","218414","1","1","1","218175","218175","218175","1","1","1","218202","218202","218202"
"1832","1","1","1","38122","38122","38122","1","1","1","218317","218317","218317","1","1","1","218418","218418","218418","1","1","1","218179","218179","218179","1","1","1","218206","218206","218206"
"1833","1","1","1","38126","38126","38126","1","1","1","218321","218321","218321","1","1","1","218422","218422","218422","1","1","1","218183","218183","218183","1","1","1","218210","218210","218210"
"1834","1","1","1","38130","38130","38130","1","1","1","218325","218325","218325","1","1","1","218426","218426","218426","1","1","1","218187","218187","218187","1","1","1","218214","218214","218214"
"1835","1","1","1","38134","38134","38134","1","1","1","218329","218329","218329","1","1","1","218430","218430","218430","1","1","1","218191","218191","218191","1","1","1","218218","218218","218218"
"1836","1","1","1","38286","38286","38286","1","1","1","219366","219366","219366","1","1","1","219467","219467","219467","1","1","1","219232","219232","219232","1","1","1","219254","219254","219254"
"1837","1","1","1","38290","38290","38290","1","1","1","219370","219370","219370","1","1","1","219471","219471","219471","1","1","1","219236","219236","219236","1","1","1","219258","219258","219258"
"1838","1","1","1","38294","38294","38294","1","1","1","219374","219374","219374","1","1","1","219475","219475","219475","1","1","1","219240","219240","219240","1","1","1","219262","219262","219262"
"1839","1","1","1","38298","38298","38298","1","1","1","219378","219378","219378","1","1","1","219479","219479","219479","1","1","1","219247","219247","219247","1","1","1","219266","219266","219266"
"1840","1","1","1","38302","38302","38302","1","1","1","219382","219382","219382","1","1","1","219483","219483","219483","1","1","1","219251","219251","219251","1","1","1","219270","219270","219270"
"1841","1","1","1","38306","38306","38306","1","1","1","219386","219386","219386","1","1","1","219487","219487","219487","1","1","1","219255","219255","219255","1","1","1","219274","219274","219274"
"1842","1","1","1","38310","38310","38310","1","1","1","219390","219390","219390","1","1","1","219491","219491","219491","1","1","1","219259","219259","219259","1","1","1","219278","219278","219278"
"1843","1","1","1","38314","38314","38314","1","1","1","219394","219394","219394","1","1","1","219495","219495","219495","1","1","1","219263","219263","219263","1","1","1","219282","219282","219282"
"1844","1","1","1","38318","38318","38318","1","1","1","219398","219398","219398","1","1","1","219499","219499","219499","1","1","1","219267","219267","219267","1","1","1","219286","219286","219286"
"1845","1","1","1","38473","38473","38473","1","1","1","220449","220449","220449","1","1","1","220535","220535","220535","1","1","1","220303","220303","220303","1","1","1","220327","220327","220327"
"1846","1","1","1","38477","38477","38477","1","1","1","220453","220453","220453","1","1","1","220539","220539","220539","1","1","1","220307","220307","220307","1","1","1","220331","220331","220331"
"1847","1","1","1","38481","38481","38481","1","1","1","220457","220457","220457","1","1","1","220543","220543","220543","1","1","1","220311","220311","220311","1","1","1","220335","220335","220335"
"1848","1","1","1","38485","38485","38485","1","1","1","220461","220461","220461","1","1","1","220547","220547","220547","1","1","1","220315","220315","220315","1","1","1","220339","220339","220339"
"1849","1","1","1","38489","38489","38489","1","1","1","220465","220465","220465","1","1","1","220551","220551","220551","1","1","1","220319","220319","220319","1","1","1","220343","220343","220343"
"1850","1","1","1","38493","38493","38493","1","1","1","220469","220469","220469","1","1","1","220555","220555","220555","1","1","1","220323","220323","220323","1","1","1","220347","220347","220347"
"1851","1","1","1","38497","38497","38497","1","1","1","220473","220473","220473","1","1","1","220559","220559","220559","1","1","1","220327","220327","220327","1","1","1","220351","220351","220351"
"1852","1","1","1","38501","38501","38501","1","1","1","220477","220477","220477","1","1","1","220563","220563","220563","1","1","1","220331","220331","220331","1","1","1","220355","220355","220355"
"1853","1","1","1","38505","38505","38505","1","1","1","220481","220481","220481","1","1","1","220567","220567","220567","1","1","1","220335","220335","220335","1","1","1","220359","220359","220359"
"1854","1","1","1","38661","38661","38661","1","1","1","221517","221517","221517","1","1","1","221603","221603","221603","1","1","1","221372","221372","221372","1","1","1","221396","221396","221396"
"1855","1","1","1","38665","38665","38665","1","1","1","221521","221521","221521","1","1","1","221607","221607","221607","1","1","1","221376","221376","221376","1","1","1","221400","221400","221400"
"1856","1","1","1","38669","38669","38669","1","1","1","221525","221525","221525","1","1","1","221611","221611","221611","1","1","1","221380","221380","221380","1","1","1","221404","221404","221404"
"1857","1","1","1","38673","38673","38673","1","1","1","221529","221529","221529","1","1","1","221615","221615","221615","1","1","1","221384","221384","221384","1","1","1","221408","221408","221408"
"1858","1","1","1","38677","38677","38677","1","1","1","221533","221533","221533","1","1","1","221619","221619","221619","1","1","1","221388","221388","221388","1","1","1","221412","221412","221412"
"1859","1","1","1","38681","38681","38681","1","1","1","221537","221537","221537","1","1","1","221623","221623","221623","1","1","1","221392","221392","221392","1","1","1","221416","221416","221416"
"1860","1","1","1","38685","38685","38685","1","1","1","221541","221541","221541","1","1","1","221627","221627","221627","1","1","1","221396","221396","221396","1","1","1","221420","221420","221420"
"1861","1","1","1","38689","38689","38689","1","1","1","221545","221545","221545","1","1","1","221631","221631","221631","1","1","1","221400","221400","221400","1","1","1","221424","221424","221424"
"1862","1","1","1","38693","38693","38693","1","1","1","221549","221549","221549","1","1","1","221635","221635","221635","1","1","1","221404","221404","221404","1","1","1","221428","221428","221428"
"1863","1","1","1","38844","38844","38844","1","1","1","222585","222585","222585","1","1","1","222676","222676","222676","1","1","1","222440","222440","222440","1","1","1","222464","222464","222464"
"1864","1","1","1","38848","38848","38848","1","1","1","222589","222589","222589","1","1","1","222680","222680","222680","1","1","1","222444","222444","222444","1","1","1","222468","222468","222468"
"1865","1","1","1","38852","38852","38852","1","1","1","222593","222593","222593","1","1","1","222684","222684","222684","1","1","1","222448","222448","222448","1","1","1","222472","222472","222472"
"1866","1","1","1","38856","38856","38856","1","1","1","222597","222597","222597","1","1","1","222688","222688","222688","1","1","1","222452","222452","222452","1","1","1","222476","222476","222476"
"1867","1","1","1","38860","38860","38860","1","1","1","222601","222601","222601","1","1","1","222692","222692","222692","1","1","1","222456","222456","222456","1","1","1","222480","222480","222480"
"1868","1","1","1","38864","38864","38864","1","1","1","222605","222605","222605","1","1","1","222696","222696","222696","1","1","1","222460","222460","222460","1","1","1","222484","222484","222484"
"1869","1","1","1","38868","38868","38868","1","1","1","222609","222609","222609","1","1","1","222700","222700","222700","1","1","1","222464","222464","222464","1","1","1","222488","222488","222488"
"1870","1","1","1","38872","38872","38872","1","1","1","222613","222613","222613","1","1","1","222704","222704","222704","1","1","1","222468","222468","222468","1","1","1","222492","222492","222492"
"1871","1","1","1","38876","38876","38876","1","1","1","222617","222617","222617","1","1","1","222708","222708","222708","1","1","1","222472","222472","222472","1","1","1","222496","222496","222496"
"1872","1","1","1","39031","39031","39031","1","1","1","223653","223653","223653","1","1","1","223749","223749","223749","1","1","1","223513","223513","223513","1","1","1","223533","223533","223533"
"1873","1","1","1","39035","39035","39035","1","1","1","223657","223657","223657","1","1","1","223753","223753","223753","1","1","1","223517","223517","223517","1","1","1","223537","223537","223537"
"1874","1","1","1","39039","39039","39039","1","1","1","223661","223661","223661","1","1","1","223757","223757","223757","1","1","1","223521","223521","223521","1","1","1","223541","223541","223541"
"1875","1","1","1","39043","39043","39043","1","1","1","223665","223665","223665","1","1","1","223761","223761","223761","1","1","1","223525","223525","223525","1","1","1","223545","223545","223545"
"1876","1","1","1","39047","39047","39047","1","1","1","223669","223669","223669","1","1","1","223765","223765","223765","1","1","1","223529","223529","223529","1","1","1","223549","223549","223549"
"1877","1","1","1","39051","39051","39051","1","1","1","223673","223673","223673","1","1","1","223769","223769","223769","1","1","1","223533","223533","223533","1","1","1","223553","223553","223553"
"1878","1","1","1","39055","39055","39055","1","1","1","223677","223677","223677","1","1","1","223773","223773","223773","1","1","1","223537","223537","223537","1","1","1","223557","223557","223557"
"1879","1","1","1","39059","39059","39059","1","1","1","223681","223681","223681","1","1","1","223777","223777","223777","1","1","1","223541","223541","223541","1","1","1","223561","223561","223561"
"1880","1","1","1","39063","39063","39063","1","1","1","223685","223685","223685","1","1","1","223781","223781","223781","1","1","1","223545","223545","223545","1","1","1","223565","223565","223565"
"1881","1","1","1","39219","39219","39219","1","1","1","224722","224722","224722","1","1","1","224817","224817","224817","1","1","1","224582","224582","224582","1","1","1","224606","224606","224606"
"1882","1","1","1","39223","39223","39223","1","1","1","224726","224726","224726","1","1","1","224821","224821","224821","1","1","1","224586","224586","224586","1","1","1","224610","224610","224610"
"1883","1","1","1","39227","39227","39227","1","1","1","224730","224730","224730","1","1","1","224825","224825","224825","1","1","1","224590","224590","224590","1","1","1","224614","224614","224614"
"1884","1","1","1","39231","39231","39231","1","1","1","224734","224734","224734","1","1","1","224829","224829","224829","1","1","1","224594","224594","224594","1","1","1","224618","224618","224618"
"1885","1","1","1","39235","39235","39235","0.9","0.9","0.9","224739","224739","224739","1","1","1","224833","224833","224833","1","1","1","224598","224598","224598","1","1","1","224622","224622","224622"
"1886","1","1","1","39239","39239","39239","1","1","1","224743","224743","224743","1","1","1","224837","224837","224837","1","1","1","224602","224602","224602","1","1","1","224626","224626","224626"
"1887","1","1","1","39243","39243","39243","1","1","1","224747","224747","224747","1","1","1","224841","224841","224841","1","1","1","224606","224606","224606","1","1","1","224630","224630","224630"
"1888","1","1","1","39247","39247","39247","1","1","1","224751","224751","224751","1","1","1","224845","224845","224845","1","1","1","224610","224610","224610","1","1","1","224634","224634","224634"
"1889","1","1","1","39251","39251","39251","1","1","1","224755","224755","224755","1","1","1","224849","224849","224849","1","1","1","224614","224614","224614","1","1","1","224638","224638","224638"
"1890","1","1","1","39405","39405","39405","1","1","1","225796","225796","225796","1","1","1","225885","225885","225885","1","1","1","225650","225650","225650","1","1","1","225679","225679","225679"
"1891","1","1","1","39409","39409","39409","1","1","1","225800","225800","225800","1","1","1","225889","225889","225889","1","1","1","225654","225654","225654","1","1","1","225683","225683","225683"
"1892","1","1","1","39413","39413","39413","1","1","1","225804","225804","225804","1","1","1","225893","225893","225893","1","1","1","225658","225658","225658","1","1","1","225687","225687","225687"
"1893","1","1","1","39417","39417","39417","1","1","1","225808","225808","225808","1","1","1","225897","225897","225897","1","1","1","225662","225662","225662","1","1","1","225691","225691","225691"
"1894","1","1","1","39421","39421","39421","1","1","1","225812","225812","225812","1","1","1","225901","225901","225901","1","1","1","225666","225666","225666","1","1","1","225695","225695","225695"
"1895","1","1","1","39425","39425","39425","1","1","1","225816","225816","225816","1","1","1","225905","225905","225905","1","1","1","225670","225670","225670","1","1","1","225699","225699","225699"
"1896","1","1","1","39429","39429","39429","1","1","1","225820","225820","225820","1","1","1","225909","225909","225909","1","1","1","225674","225674","225674","1","1","1","225703","225703","225703"
"1897","1","1","1","39433","39433","39433","1","1","1","225824","225824","225824","1","1","1","225913","225913","225913","1","1","1","225678","225678","225678","1","1","1","225707","225707","225707"
"1898","1","1","1","39437","39437","39437","1","1","1","225828","225828","225828","1","1","1","225917","225917","225917","1","1","1","225682","225682","225682","1","1","1","225711","225711","225711"
"1899","1","1","1","39590","39590","39590","1","1","1","226869","226869","226869","1","1","1","226953","226953","226953","1","1","1","226718","226718","226718","1","1","1","226747","226747","226747"
"1900","1","1","1","39594","39594","39594","1","1","1","226873","226873","226873","1","1","1","226957","226957","226957","1","1","1","226722","226722","226722","1","1","1","226751","226751","226751"
"1901","1","1","1","39598","39598","39598","1","1","1","226877","226877","226877","1","1","1","226961","226961","226961","1","1","1","226726","226726","226726","1","1","1","226755","226755","226755"
"1902","1","1","1","39602","39602","39602","1","1","1","226881","226881","226881","1","1","1","226965","226965","226965","1","1","1","226730","226730","226730","1","1","1","226759","226759","226759"
"1903","1","1","1","39606","39606","39606","0.9","0.9","0.9","226885","226885","226885","1","1","1","226969","226969","226969","1","1","1","226734","226734","226734","1","1","1","226763","226763","226763"
"1904","1","1","1","39610","39610","39610","1","1","1","226889","226889","226889","1","1","1","226973","226973","226973","1","1","1","226738","226738","226738","1","1","1","226767","226767","226767"
"1905","1","1","1","39614","39614","39614","1","1","1","226893","226893","226893","1","1","1","226977","226977","226977","1","1","1","226742","226742","226742","1","1","1","226771","226771","226771"
"1906","1","1","1","39618","39618","39618","1","1","1","226897","226897","226897","1","1","1","226981","226981","226981","1","1","1","226746","226746","226746","1","1","1","226775","226775","226775"
"1907","1","1","1","39622","39622","39622","1","1","1","226901","226901","226901","1","1","1","226985","226985","226985","1","1","1","226750","226750","226750","1","1","1","226779","226779","226779"
"1908","1","1","1","39778","39778","39778","1","1","1","227936","227936","227936","1","1","1","228021","228021","228021","1","1","1","227791","227791","227791","1","1","1","227816","227816","227816"
"1909","1","1","1","39782","39782","39782","1","1","1","227940","227940","227940","1","1","1","228025","228025","228025","1","1","1","227795","227795","227795","1","1","1","227820","227820","227820"
"1910","1","1","1","39786","39786","39786","1","1","1","227944","227944","227944","1","1","1","228029","228029","228029","1","1","1","227799","227799","227799","1","1","1","227824","227824","227824"
"1911","1","1","1","39790","39790","39790","1","1","1","227948","227948","227948","1","1","1","228033","228033","228033","0.9","0.9","0.9","227803","227803","227803","1","1","1","227828","227828","227828"
"1912","1","1","1","39794","39794","39794","1","1","1","227952","227952","227952","1","1","1","228037","228037","228037","1","1","1","227807","227807","227807","1","1","1","227832","227832","227832"
"1913","1","1","1","39798","39798","39798","1","1","1","227956","227956","227956","1","1","1","228041","228041","228041","1","1","1","227811","227811","227811","1","1","1","227836","227836","227836"
"1914","1","1","1","39802","39802","39802","1","1","1","227960","227960","227960","1","1","1","228045","228045","228045","1","1","1","227815","227815","227815","1","1","1","227840","227840","227840"
"1915","1","1","1","39806","39806","39806","1","1","1","227964","227964","227964","1","1","1","228049","228049","228049","1","1","1","227819","227819","227819","1","1","1","227844","227844","227844"
"1916","1","1","1","39810","39810","39810","1","1","1","227968","227968","227968","1","1","1","228053","228053","228053","1","1","1","227823","227823","227823","1","1","1","227848","227848","227848"
"1917","1","1","1","39961","39961","39961","1","1","1","229004","229004","229004","1","1","1","229090","229090","229090","1","1","1","228859","228859","228859","1","1","1","228884","228884","228884"
"1918","1","1","1","39965","39965","39965","1","1","1","229008","229008","229008","1","1","1","229094","229094","229094","1","1","1","228863","228863","228863","1","1","1","228888","228888","228888"
"1919","1","1","1","39969","39969","39969","1","1","1","229012","229012","229012","1","1","1","229098","229098","229098","1","1","1","228867","228867","228867","1","1","1","228892","228892","228892"
"1920","1","1","1","39973","39973","39973","1","1","1","229016","229016","229016","1","1","1","229102","229102","229102","1","1","1","228871","228871","228871","1","1","1","228896","228896","228896"
"1921","1","1","1","39977","39977","39977","1","1","1","229020","229020","229020","1","1","1","229106","229106","229106","1","1","1","228875","228875","228875","1","1","1","228900","228900","228900"
"1922","1","1","1","39981","39981","39981","1","1","1","229024","229024","229024","1","1","1","229110","229110","229110","1","1","1","228879","228879","228879","1","1","1","228904","228904","228904"
"1923","1","1","1","39985","39985","39985","1","1","1","229028","229028","229028","1","1","1","229114","229114","229114","1","1","1","228883","228883","228883","1","1","1","228908","228908","228908"
"1924","1","1","1","39989","39989","39989","1","1","1","229032","229032","229032","1","1","1","229118","229118","229118","1","1","1","228887","228887","228887","1","1","1","228912","228912","228912"
"1925","1","1","1","39993","39993","39993","1","1","1","229036","229036","229036","1","1","1","229122","229122","229122","1","1","1","228891","228891","228891","1","1","1","228916","228916","228916"
"1926","1","1","1","40151","40151","40151","1","1","1","230072","230072","230072","","","","","","","1","1","1","229927","229927","229927","1","1","1","229952","229952","229952"
"1927","1","1","1","40155","40155","40155","1","1","1","230076","230076","230076","","","","","","","1","1","1","229931","229931","229931","1","1","1","229956","229956","229956"
"1928","1","1","1","40159","40159","40159","1","1","1","230080","230080","230080","","","","","","","1","1","1","229935","229935","229935","1","1","1","229960","229960","229960"
"1929","1","1","1","40163","40163","40163","1","1","1","230084","230084","230084","","","","","","","1","1","1","229939","229939","229939","1","1","1","229964","229964","229964"
"1930","1","1","1","40167","40167","40167","1","1","1","230088","230088","230088","","","","","","","1","1","1","229943","229943","229943","1","1","1","229968","229968","229968"
"1931","1","1","1","40171","40171","40171","1","1","1","230092","230092","230092","","","","","","","1","1","1","229947","229947","229947","1","1","1","229972","229972","229972"
"1932","1","1","1","40175","40175","40175","1","1","1","230096","230096","230096","","","","","","","1","1","1","229951","229951","229951","1","1","1","229976","229976","229976"
"1933","1","1","1","40179","40179","40179","1","1","1","230100","230100","230100","","","","","","","1","1","1","229955","229955","229955","1","1","1","229980","229980","229980"
"1934","1","1","1","40183","40183","40183","1","1","1","230104","230104","230104","","","","","","","1","1","1","229959","229959","229959","1","1","1","229984","229984","229984"
"1935","1","1","1","40341","40341","40341","1","1","1","231141","231141","231141","","","","","","","1","1","1","231005","231005","231005","1","1","1","231025","231025","231025"
"1936","1","1","1","40345","40345","40345","1","1","1","231145","231145","231145","","","","","","","1","1","1","231009","231009","231009","1","1","1","231029","231029","231029"
"1937","1","1","1","40349","40349","40349","0.8","0.8","0.8","231149","231149","231149","","","","","","","1","1","1","231013","231013","231013","1","1","1","231033","231033","231033"
"1938","1","1","1","40353","40353","40353","1","1","1","231153","231153","231153","","","","","","","1","1","1","231017","231017","231017","1","1","1","231037","231037","231037"
"1939","1","1","1","40357","40357","40357","1","1","1","231157","231157","231157","","","","","","","1","1","1","231021","231021","231021","1","1","1","231041","231041","231041"
"1940","1","1","1","40361","40361","40361","1","1","1","231161","231161","231161","","","","","","","1","1","1","231025","231025","231025","1","1","1","231045","231045","231045"
"1941","1","1","1","40365","40365","40365","1","1","1","231165","231165","231165","","","","","","","1","1","1","231029","231029","231029","1","1","1","231049","231049","231049"
"1942","1","1","1","40369","40369","40369","1","1","1","231169","231169","231169","","","","","","","1","1","1","231033","231033","231033","1","1","1","231053","231053","231053"
"1943","1","1","1","40373","40373","40373","1","1","1","231173","231173","231173","","","","","","","1","1","1","231037","231037","231037","1","1","1","231057","231057","231057"
"1944","1","1","1","40527","40527","40527","1","1","1","232218","232218","232218","","","","","","","1","1","1","232073","232073","232073","1","1","1","232094","232094","232094"
"1945","1","1","1","40531","40531","40531","1","1","1","232222","232222","232222","","","","","","","1","1","1","232077","232077","232077","1","1","1","232098","232098","232098"
"1946","1","1","1","40535","40535","40535","1","1","1","232226","232226","232226","","","","","","","1","1","1","232081","232081","232081","1","1","1","232102","232102","232102"
"1947","1","1","1","40539","40539","40539","1","1","1","232230","232230","232230","","","","","","","1","1","1","232085","232085","232085","1","1","1","232106","232106","232106"
"1948","1","1","1","40543","40543","40543","1","1","1","232234","232234","232234","","","","","","","1","1","1","232089","232089","232089","1","1","1","232110","232110","232110"
"1949","1","1","1","40547","40547","40547","1","1","1","232238","232238","232238","","","","","","","1","1","1","232093","232093","232093","1","1","1","232114","232114","232114"
"1950","1","1","1","40551","40551","40551","1","1","1","232242","232242","232242","","","","","","","1","1","1","232097","232097","232097","1","1","1","232118","232118","232118"
"1951","1","1","1","40555","40555","40555","1","1","1","232246","232246","232246","","","","","","","1","1","1","232101","232101","232101","1","1","1","232122","232122","232122"
"1952","1","1","1","40559","40559","40559","1","1","1","232250","232250","232250","","","","","","","1","1","1","232105","232105","232105","1","1","1","232126","232126","232126"
"1953","1","1","1","40711","40711","40711","1","1","1","233291","233291","233291","","","","","","","1","1","1","233142","233142","233142","1","1","1","233163","233163","233163"
"1954","1","1","1","40715","40715","40715","1","1","1","233295","233295","233295","","","","","","","0.8","0.8","0.8","233146","233146","233146","1","1","1","233167","233167","233167"
"1955","1","1","1","40719","40719","40719","1","1","1","233299","233299","233299","","","","","","","0.8","0.8","0.8","233150","233150","233150","1","1","1","233171","233171","233171"
"1956","1","1","1","40723","40723","40723","1","1","1","233303","233303","233303","","","","","","","1","1","1","233154","233154","233154","1","1","1","233175","233175","233175"
"1957","1","1","1","40727","40727","40727","1","1","1","233307","233307","233307","","","","","","","1","1","1","233158","233158","233158","1","1","1","233179","233179","233179"
"1958","1","1","1","40731","40731","40731","1","1","1","233311","233311","233311","","","","","","","1","1","1","233162","233162","233162","1","1","1","233183","233183","233183"
"1959","1","1","1","40735","40735","40735","1","1","1","233315","233315","233315","","","","","","","1","1","1","233166","233166","233166","1","1","1","233187","233187","233187"
"1960","1","1","1","40739","40739","40739","1","1","1","233319","233319","233319","","","","","","","1","1","1","233170","233170","233170","1","1","1","233191","233191","233191"
"1961","1","1","1","40743","40743","40743","1","1","1","233323","233323","233323","","","","","","","1","1","1","233174","233174","233174","1","1","1","233195","233195","233195"
"1962","1","1","1","40898","40898","40898","","","","","","","","","","","","","1","1","1","234209","234209","234209","1","1","1","234242","234242","234242"
"1963","1","1","1","40902","40902","40902","","","","","","","","","","","","","1","1","1","234213","234213","234213","1","1","1","234246","234246","234246"
"1964","1","1","1","40906","40906","40906","","","","","","","","","","","","","1","1","1","234217","234217","234217","1","1","1","234250","234250","234250"
"1965","1","1","1","40910","40910","40910","","","","","","","","","","","","","1","1","1","234221","234221","234221","1","1","1","234254","234254","234254"
"1966","1","1","1","40914","40914","40914","","","","","","","","","","","","","1","1","1","234225","234225","234225","1","1","1","234258","234258","234258"
"1967","1","1","1","40918","40918","40918","","","","","","","","","","","","","1","1","1","234229","234229","234229","1","1","1","234262","234262","234262"
"1968","1","1","1","40922","40922","40922","","","","","","","","","","","","","1","1","1","234233","234233","234233","1","1","1","234266","234266","234266"
"1969","1","1","1","40926","40926","40926","","","","","","","","","","","","","1","1","1","234237","234237","234237","1","1","1","234270","234270","234270"
"1970","1","1","1","40930","40930","40930","","","","","","","","","","","","","1","1","1","234241","234241","234241","1","1","1","234274","234274","234274"
"1971","1","1","1","41085","41085","41085","","","","","","","","","","","","","1","1","1","235277","235277","235277","1","1","1","235310","235310","235310"
"1972","1","1","1","41089","41089","41089","","","","","","","","","","","","","1","1","1","235281","235281","235281","1","1","1","235314","235314","235314"
"1973","1","1","1","41093","41093","41093","","","","","","","","","","","","","1","1","1","235285","235285","235285","1","1","1","235318","235318","235318"
"1974","1","1","1","41097","41097","41097","","","","","","","","","","","","","1","1","1","235289","235289","235289","0.9","0.9","0.9","235322","235322","235322"
"1975","1","1","1","41101","41101","41101","","","","","","","","","","","","","1","1","1","235293","235293","235293","1","1","1","235326","235326","235326"
"1976","1","1","1","41105","41105","41105","","","","","","","","","","","","","1","1","1","235297","235297","235297","1","1","1","235330","235330","235330"
"1977","1","1","1","41109","41109","41109","","","","","","","","","","","","","1","1","1","235301","235301","235301","1","1","1","235334","235334","235334"
"1978","1","1","1","41113","41113","41113","","","","","","","","","","","","","1","1","1","235305","235305","235305","1","1","1","235338","235338","235338"
"1979","1","1","1","41117","41117","41117","","","","","","","","","","","","","1","1","1","235309","235309","235309","1","1","1","235342","235342","235342"
"1980","1","1","1","41272","41272","41272","","","","","","","","","","","","","","","","","","","1","1","1","236378","236378","236378"
"1981","1","1","1","41276","41276","41276","","","","","","","","","","","","","","","","","","","1","1","1","236382","236382","236382"
"1982","1","1","1","41280","41280","41280","","","","","","","","","","","","","","","","","","","1","1","1","236386","236386","236386"
"1983","1","1","1","41284","41284","41284","","","","","","","","","","","","","","","","","","","1","1","1","236390","236390","236390"
"1984","1","1","1","41288","41288","41288","","","","","","","","","","","","","","","","","","","1","1","1","236394","236394","236394"
"1985","1","1","1","41292","41292","41292","","","","","","","","","","","","","","","","","","","1","1","1","236398","236398","236398"
"1986","1","1","1","41296","41296","41296","","","","","","","","","","","","","","","","","","","1","1","1","236402","236402","236402"
"1987","1","1","1","41300","41300","41300","","","","","","","","","","","","","","","","","","","1","1","1","236406","236406","236406"
"1988","1","1","1","41304","41304","41304","","","","","","","","","","","","","","","","","","","1","1","1","236410","236410","236410"
"1989","1","1","1","41460","41460","41460","","","","","","","","","","","","","","","","","","","1","1","1","237447","237447","237447"
"1990","1","1","1","41464","41464","41464","","","","","","","","","","","","","","","","","","","1","1","1","237451","237451","237451"
"1991","1","1","1","41468","41468","41468","","","","","","","","","","","","","","","","","","","1","1","1","237455","237455","237455"
"1992","1","1","1","41472","41472","41472","","","","","","","","","","","","","","","","","","","1","1","1","237459","237459","237459"
"1993","1","1","1","41476","41476","41476","","","","","","","","","","","","","","","","","","","1","1","1","237463","237463","237463"
"1994","1","1","1","41480","41480","41480","","","","","","","","","","","","","","","","","","","1","1","1","237467","237467","237467"
"1995","1","1","1","41484","41484","41484","","","","","","","","","","","","","","","","","","","1","1","1","237471","237471","237471"
"1996","1","1","1","41488","41488","41488","","","","","","","","","","","","","","","","","","","1","1","1","237475","237475","237475"
"1997","1","1","1","41492","41492","41492","","","","","","","","","","","","","","","","","","","1","1","1","237479","237479","237479"
"1998","1","1","1","41645","41645","41645","","","","","","","","","","","","","","","","","","","1","1","1","238515","238515","238515"
"1999","1","1","1","41649","41649","41649","","","","","","","","","","","","","","","","","","","1","1","1","238519","238519","238519"
"2000","1","1","1","41653","41653","41653","","","","","","","","","","","","","","","","","","","1","1","1","238523","238523","238523"
"2001","1","1","1","41657","41657","41657","","","","","","","","","","","","","","","","","","","1","1","1","238527","238527","238527"
"2002","1","1","1","41661","41661","41661","","","","","","","","","","","","","","","","","","","1","1","1","238531","238531","238531"
"2003","1","1","1","41665","41665","41665","","","","","","","","","","","","","","","","","","","1","1","1","238535","238535","238535"
"2004","1","1","1","41669","41669","41669","","","","","","","","","","","","","","","","","","","1","1","1","238539","238539","238539"
"2005","1","1","1","41673","41673","41673","","","","","","","","","","","","","","","","","","","1","1","1","238543","238543","238543"
"2006","1","1","1","41677","41677","41677","","","","","","","","","","","","","","","","","","","1","1","1","238547","238547","238547"
"2007","1","1","1","41831","41831","41831","","","","","","","","","","","","","","","","","","","1","1","1","239583","239583","239583"
"2008","1","1","1","41835","41835","41835","","","","","","","","","","","","","","","","","","","1","1","1","239587","239587","239587"
"2009","1","1","1","41839","41839","41839","","","","","","","","","","","","","","","","","","","1","1","1","239591","239591","239591"
"2010","1","1","1","41843","41843","41843","","","","","","","","","","","","","","","","","","","1","1","1","239595","239595","239595"
"2011","1","1","1","41847","41847","41847","","","","","","","","","","","","","","","","","","","1","1","1","239599","239599","239599"
"2012","1","1","1","41851","41851","41851","","","","","","","","","","","","","","","","","","","1","1","1","239603","239603","239603"
"2013","1","1","1","41855","41855","41855","","","","","","","","","","","","","","","","","","","1","1","1","239607","239607","239607"
"2014","1","1","1","41859","41859","41859","","","","","","","","","","","","","","","","","","","1","1","1","239611","239611","239611"
"2015","1","1","1","41863","41863","41863","","","","","","","","","","","","","","","","","","","1","1","1","239615","239615","239615"
"2016","1","1","1","42017","42017","42017","","","","","","","","","","","","","","","","","","","1","1","1","240651","240651","240651"
"2017","1","1","1","42021","42021","42021","","","","","","","","","","","","","","","","","","","1","1","1","240655","240655","240655"
"2018","1","1","1","42025","42025","42025","","","","","","","","","","","","","","","","","","","1","1","1","240659","240659","240659"
"2019","1","1","1","42029","42029","42029","","","","","","","","","","","","","","","","","","","1","1","1","240663","240663","240663"
"2020","1","1","1","42033","42033","42033","","","","","","","","","","","","","","","","","","","1","1","1","240667","240667","240667"
"2021","1","1","1","42037","42037","42037","","","","","","","","","","","","","","","","","","","1","1","1","240671","240671","240671"
"2022","1","1","1","42041","42041","42041","","","","","","","","","","","","","","","","","","","1","1","1","240675","240675","240675"
"2023","1","1","1","42045","42045","42045","","","","","","","","","","","","","","","","","","","1","1","1","240679","240679","240679"
"2024","1","1","1","42049","42049","42049","","","","","","","","","","","","","","","","","","","1","1","1","240683","240683","240683"
"2025","1","1","1","42203","42203","42203","","","","","","","","","","","","","","","","","","","1","1","1","241720","241720","241720"
"2026","1","1","1","42207","42207","42207","","","","","","","","","","","","","","","","","","","0.8","0.8","0.8","241724","241724","241724"
"2027","1","1","1","42211","42211","42211","","","","","","","","","","","","","","","","","","","1","1","1","241728","241728","241728"
"2028","1","1","1","42215","42215","42215","","","","","","","","","","","","","","","","","","","1","1","1","241732","241732","241732"
"2029","1","1","1","42219","42219","42219","","","","","","","","","","","","","","","","","","","1","1","1","241736","241736","241736"
"2030","1","1","1","42223","42223","42223","","","","","","","","","","","","","","","","","","","1","1","1","241740","241740","241740"
"2031","1","1","1","42227","42227","42227","","","","","","","","","","","","","","","","","","","1","1","1","241744","241744","241744"
"2032","1","1","1","42231","42231","42231","","","","","","","","","","","","","","","","","","","1","1","1","241748","241748","241748"
"2033","1","1","1","42235","42235","42235","","","","","","","","","","","","","","","","","","","1","1","1","241752","241752","241752"
"2034","1","1","1","42391","42391","42391","","","","","","","","","","","","","","","","","","","1","1","1","242787","242787","242787"
"2035","1","1","1","42395","42395","42395","","","","","","","","","","","","","","","","","","","1","1","1","242791","242791","242791"
"2036","1","1","1","42399","42399","42399","","","","","","","","","","","","","","","","","","","1","1","1","242795","242795","242795"
"2037","1","1","1","42403","42403","42403","","","","","","","","","","","","","","","","","","","1","1","1","242799","242799","242799"
"2038","1","1","1","42407","42407","42407","","","","","","","","","","","","","","","","","","","1","1","1","242803","242803","242803"
"2039","1","1","1","42411","42411","42411","","","","","","","","","","","","","","","","","","","1","1","1","242807","242807","242807"
"2040","1","1","1","42415","42415","42415","","","","","","","","","","","","","","","","","","","1","1","1","242811","242811","242811"
"2041","1","1","1","42419","42419","42419","","","","","","","","","","","","","","","","","","","1","1","1","242815","242815","242815"
"2042","1","1","1","42423","42423","42423","","","","","","","","","","","","","","","","","","","1","1","1","242819","242819","242819"
"2043","1","1","1","42578","42578","42578","","","","","","","","","","","","","","","","","","","1","1","1","243856","243856","243856"
"2044","1","1","1","42582","42582","42582","","","","","","","","","","","","","","","","","","","0.8","0.8","0.8","243860","243860","243860"
"2045","1","1","1","42586","42586","42586","","","","","","","","","","","","","","","","","","","1","1","1","243864","243864","243864"
"2046","1","1","1","42590","42590","42590","","","","","","","","","","","","","","","","","","","1","1","1","243868","243868","243868"
"2047","1","1","1","42594","42594","42594","","","","","","","","","","","","","","","","","","","1","1","1","243872","243872","243872"
"2048","1","1","1","42598","42598","42598","","","","","","","","","","","","","","","","","","","1","1","1","243876","243876","243876"
"2049","1","1","1","42602","42602","42602","","","","","","","","","","","","","","","","","","","1","1","1","243880","243880","243880"
"2050","1","1","1","42606","42606","42606","","","","","","","","","","","","","","","","","","","1","1","1","243884","243884","243884"
"2051","1","1","1","42610","42610","42610","","","","","","","","","","","","","","","","","","","1","1","1","243888","243888","243888"
"2052","1","1","1","42764","42764","42764","","","","","","","","","","","","","","","","","","","1","1","1","244923","244923","244923"
"2053","1","1","1","42768","42768","42768","","","","","","","","","","","","","","","","","","","1","1","1","244927","244927","244927"
"2054","1","1","1","42772","42772","42772","","","","","","","","","","","","","","","","","","","1","1","1","244931","244931","244931"
"2055","1","1","1","42776","42776","42776","","","","","","","","","","","","","","","","","","","1","1","1","244935","244935","244935"
"2056","1","1","1","42780","42780","42780","","","","","","","","","","","","","","","","","","","1","1","1","244939","244939","244939"
"2057","1","1","1","42784","42784","42784","","","","","","","","","","","","","","","","","","","1","1","1","244943","244943","244943"
"2058","1","1","1","42788","42788","42788","","","","","","","","","","","","","","","","","","","1","1","1","244947","244947","244947"
"2059","1","1","1","42792","42792","42792","","","","","","","","","","","","","","","","","","","1","1","1","244951","244951","244951"
"2060","1","1","1","42796","42796","42796","","","","","","","","","","","","","","","","","","","1","1","1","244955","244955","244955"
"2061","1","1","1","42951","42951","42951","","","","","","","","","","","","","","","","","","","1","1","1","245996","245996","245996"
"2062","1","1","1","42955","42955","42955","","","","","","","","","","","","","","","","","","","0.8","0.8","0.8","246000","246000","246000"
"2063","1","1","1","42959","42959","42959","","","","","","","","","","","","","","","","","","","1","1","1","246004","246004","246004"
"2064","1","1","1","42963","42963","42963","","","","","","","","","","","","","","","","","","","1","1","1","246008","246008","246008"
"2065","1","1","1","42967","42967","42967","","","","","","","","","","","","","","","","","","","1","1","1","246012","246012","246012"
"2066","1","1","1","42971","42971","42971","","","","","","","","","","","","","","","","","","","1","1","1","246016","246016","246016"
"2067","1","1","1","42975","42975","42975","","","","","","","","","","","","","","","","","","","1","1","1","246020","246020","246020"
"2068","1","1","1","42979","42979","42979","","","","","","","","","","","","","","","","","","","1","1","1","246024","246024","246024"
"2069","1","1","1","42983","42983","42983","","","","","","","","","","","","","","","","","","","1","1","1","246028","246028","246028"
"2070","1","1","1","43140","43140","43140","","","","","","","","","","","","","","","","","","","","","","","",""
"2071","1","1","1","43144","43144","43144","","","","","","","","","","","","","","","","","","","","","","","",""
"2072","1","1","1","43148","43148","43148","","","","","","","","","","","","","","","","","","","","","","","",""
"2073","1","1","1","43152","43152","43152","","","","","","","","","","","","","","","","","","","","","","","",""
"2074","1","1","1","43156","43156","43156","","","","","","","","","","","","","","","","","","","","","","","",""
"2075","1","1","1","43160","43160","43160","","","","","","","","","","","","","","","","","","","","","","","",""
"2076","1","1","1","43164","43164","43164","","","","","","","","","","","","","","","","","","","","","","","",""
"2077","1","1","1","43168","43168","43168","","","","","","","","","","","","","","","","","","","","","","","",""
"2078","1","1","1","43172","43172","43172","","","","","","","","","","","","","","","","","","","","","","","",""
"2079","1","1","1","43333","43333","43333","","","","","","","","","","","","","","","","","","","","","","","",""
"2080","1","1","1","43337","43337","43337","","","","","","","","","","","","","","","","","","","","","","","",""
"2081","1","1","1","43341","43341","43341","","","","","","","","","","","","","","","","","","","","","","","",""
"2082","1","1","1","43345","43345","43345","","","","","","","","","","","","","","","","","","","","","","","",""
"2083","1","1","1","43349","43349","43349","","","","","","","","","","","","","","","","","","","","","","","",""
"2084","1","1","1","43353","43353","43353","","","","","","","","","","","","","","","","","","","","","","","",""
"2085","1","1","1","43357","43357","43357","","","","","","","","","","","","","","","","","","","","","","","",""
"2086","1","1","1","43361","43361","43361","","","","","","","","","","","","","","","","","","","","","","","",""
"2087","1","1","1","43365","43365","43365","","","","","","","","","","","","","","","","","","","","","","","",""
"2088","1","1","1","43519","43519","43519","","","","","","","","","","","","","","","","","","","","","","","",""
"2089","1","1","1","43523","43523","43523","","","","","","","","","","","","","","","","","","","","","","","",""
"2090","1","1","1","43527","43527","43527","","","","","","","","","","","","","","","","","","","","","","","",""
"2091","1","1","1","43531","43531","43531","","","","","","","","","","","","","","","","","","","","","","","",""
"2092","1","1","1","43535","43535","43535","","","","","","","","","","","","","","","","","","","","","","","",""
"2093","1","1","1","43539","43539","43539","","","","","","","","","","","","","","","","","","","","","","","",""
"2094","1","1","1","43543","43543","43543","","","","","","","","","","","","","","","","","","","","","","","",""
"2095","1","1","1","43547","43547","43547","","","","","","","","","","","","","","","","","","","","","","","",""
"2096","1","1","1","43551","43551","43551","","","","","","","","","","","","","","","","","","","","","","","",""
"2097","1","1","1","43706","43706","43706","","","","","","","","","","","","","","","","","","","","","","","",""
"2098","1","1","1","43710","43710","43710","","","","","","","","","","","","","","","","","","","","","","","",""
"2099","1","1","1","43714","43714","43714","","","","","","","","","","","","","","","","","","","","","","","",""
"2100","1","1","1","43718","43718","43718","","","","","","","","","","","","","","","","","","","","","","","",""
"2101","1","1","1","43722","43722","43722","","","","","","","","","","","","","","","","","","","","","","","",""
"2102","1","1","1","43726","43726","43726","","","","","","","","","","","","","","","","","","","","","","","",""
"2103","1","1","1","43730","43730","43730","","","","","","","","","","","","","","","","","","","","","","","",""
"2104","1","1","1","43734","43734","43734","","","","","","","","","","","","","","","","","","","","","","","",""
"2105","1","1","1","43738","43738","43738","","","","","","","","","","","","","","","","","","","","","","","",""
"2106","1","1","1","43895","43895","43895","","","","","","","","","","","","","","","","","","","","","","","",""
"2107","1","1","1","43899","43899","43899","","","","","","","","","","","","","","","","","","","","","","","",""
"2108","1","1","1","43903","43903","43903","","","","","","","","","","","","","","","","","","","","","","","",""
"2109","1","1","1","43907","43907","43907","","","","","","","","","","","","","","","","","","","","","","","",""
"2110","1","1","1","43911","43911","43911","","","","","","","","","","","","","","","","","","","","","","","",""
"2111","1","1","1","43915","43915","43915","","","","","","","","","","","","","","","","","","","","","","","",""
"2112","1","1","1","43919","43919","43919","","","","","","","","","","","","","","","","","","","","","","","",""
"2113","1","1","1","43923","43923","43923","","","","","","","","","","","","","","","","","","","","","","","",""
"2114","1","1","1","43927","43927","43927","","","","","","","","","","","","","","","","","","","","","","","",""
"2115","1","1","1","44083","44083","44083","","","","","","","","","","","","","","","","","","","","","","","",""
"2116","1","1","1","44087","44087","44087","","","","","","","","","","","","","","","","","","","","","","","",""
"2117","1","1","1","44091","44091","44091","","","","","","","","","","","","","","","","","","","","","","","",""
"2118","1","1","1","44095","44095","44095","","","","","","","","","","","","","","","","","","","","","","","",""
"2119","1","1","1","44099","44099","44099","","","","","","","","","","","","","","","","","","","","","","","",""
"2120","1","1","1","44103","44103","44103","","","","","","","","","","","","","","","","","","","","","","","",""
"2121","1","1","1","44107","44107","44107","","","","","","","","","","","","","","","","","","","","","","","",""
"2122","1","1","1","44111","44111","44111","","","","","","","","","","","","","","","","","","","","","","","",""
"2123","1","1","1","44115","44115","44115","","","","","","","","","","","","","","","","","","","","","","","",""
"2124","1","1","1","44270","44270","44270","","","","","","","","","","","","","","","","","","","","","","","",""
"2125","1","1","1","44274","44274","44274","","","","","","","","","","","","","","","","","","","","","","","",""
"2126","1","1","1","44278","44278","44278","","","","","","","","","","","","","","","","","","","","","","","",""
"2127","1","1","1","44282","44282","44282","","","","","","","","","","","","","","","","","","","","","","","",""
"2128","1","1","1","44286","44286","44286","","","","","","","","","","","","","","","","","","","","","","","",""
"2129","1","1","1","44290","44290","44290","","","","","","","","","","","","","","","","","","","","","","","",""
"2130","1","1","1","44294","44294","44294","","","","","","","","","","","","","","","","","","","","","","","",""
"2131","1","1","1","44298","44298","44298","","","","","","","","","","","","","","","","","","","","","","","",""
"2132","1","1","1","44302","44302","44302","","","","","","","","","","","","","","","","","","","","","","","",""
"2133","1","1","1","44459","44459","44459","","","","","","","","","","","","","","","","","","","","","","","",""
"2134","1","1","1","44463","44463","44463","","","","","","","","","","","","","","","","","","","","","","","",""
"2135","1","1","1","44467","44467","44467","","","","","","","","","","","","","","","","","","","","","","","",""
"2136","1","1","1","44471","44471","44471","","","","","","","","","","","","","","","","","","","","","","","",""
"2137","1","1","1","44475","44475","44475","","","","","","","","","","","","","","","","","","","","","","","",""
"2138","1","1","1","44479","44479","44479","","","","","","","","","","","","","","","","","","","","","","","",""
"2139","1","1","1","44483","44483","44483","","","","","","","","","","","","","","","","","","","","","","","",""
"2140","1","1","1","44487","44487","44487","","","","","","","","","","","","","","","","","","","","","","","",""
"2141","1","1","1","44491","44491","44491","","","","","","","","","","","","","","","","","","","","","","","",""
"2142","1","1","1","44644","44644","44644","","","","","","","","","","","","","","","","","","","","","","","",""
"2143","1","1","1","44648","44648","44648","","","","","","","","","","","","","","","","","","","","","","","",""
"2144","1","1","1","44652","44652","44652","","","","","","","","","","","","","","","","","","","","","","","",""
"2145","1","1","1","44656","44656","44656","","","","","","","","","","","","","","","","","","","","","","","",""
"2146","1","1","1","44660","44660","44660","","","","","","","","","","","","","","","","","","","","","","","",""
"2147","1","1","1","44664","44664","44664","","","","","","","","","","","","","","","","","","","","","","","",""
"2148","1","1","1","44668","44668","44668","","","","","","","","","","","","","","","","","","","","","","","",""
"2149","1","1","1","44672","44672","44672","","","","","","","","","","","","","","","","","","","","","","","",""
"2150","1","1","1","44676","44676","44676","","","","","","","","","","","","","","","","","","","","","","","",""
"2151","1","1","1","44826","44826","44826","","","","","","","","","","","","","","","","","","","","","","","",""
"2152","1","1","1","44830","44830","44830","","","","","","","","","","","","","","","","","","","","","","","",""
"2153","1","1","1","44834","44834","44834","","","","","","","","","","","","","","","","","","","","","","","",""
"2154","1","1","1","44838","44838","44838","","","","","","","","","","","","","","","","","","","","","","","",""
"2155","1","1","1","44842","44842","44842","","","","","","","","","","","","","","","","","","","","","","","",""
"2156","1","1","1","44846","44846","44846","","","","","","","","","","","","","","","","","","","","","","","",""
"2157","1","1","1","44850","44850","44850","","","","","","","","","","","","","","","","","","","","","","","",""
"2158","1","1","1","44854","44854","44854","","","","","","","","","","","","","","","","","","","","","","","",""
"2159","1","1","1","44858","44858","44858","","","","","","","","","","","","","","","","","","","","","","","",""
"2160","1","1","1","45010","45010","45010","","","","","","","","","","","","","","","","","","","","","","","",""
"2161","1","1","1","45014","45014","45014","","","","","","","","","","","","","","","","","","","","","","","",""
"2162","1","1","1","45018","45018","45018","","","","","","","","","","","","","","","","","","","","","","","",""
"2163","1","1","1","45022","45022","45022","","","","","","","","","","","","","","","","","","","","","","","",""
"2164","1","1","1","45026","45026","45026","","","","","","","","","","","","","","","","","","","","","","","",""
"2165","1","1","1","45030","45030","45030","","","","","","","","","","","","","","","","","","","","","","","",""
"2166","1","1","1","45034","45034","45034","","","","","","","","","","","","","","","","","","","","","","","",""
"2167","1","1","1","45038","45038","45038","","","","","","","","","","","","","","","","","","","","","","","",""
"2168","1","1","1","45042","45042","45042","","","","","","","","","","","","","","","","","","","","","","","",""
"2169","1","1","1","45195","45195","45195","","","","","","","","","","","","","","","","","","","","","","","",""
"2170","1","1","1","45199","45199","45199","","","","","","","","","","","","","","","","","","","","","","","",""
"2171","1","1","1","45203","45203","45203","","","","","","","","","","","","","","","","","","","","","","","",""
"2172","1","1","1","45207","45207","45207","","","","","","","","","","","","","","","","","","","","","","","",""
"2173","1","1","1","45211","45211","45211","","","","","","","","","","","","","","","","","","","","","","","",""
"2174","1","1","1","45215","45215","45215","","","","","","","","","","","","","","","","","","","","","","","",""
"2175","1","1","1","45219","45219","45219","","","","","","","","","","","","","","","","","","","","","","","",""
"2176","1","1","1","45223","45223","45223","","","","","","","","","","","","","","","","","","","","","","","",""
"2177","1","1","1","45227","45227","45227","","","","","","","","","","","","","","","","","","","","","","","",""
"2178","1","1","1","45380","45380","45380","","","","","","","","","","","","","","","","","","","","","","","",""
"2179","1","1","1","45384","45384","45384","","","","","","","","","","","","","","","","","","","","","","","",""
"2180","1","1","1","45388","45388","45388","","","","","","","","","","","","","","","","","","","","","","","",""
"2181","1","1","1","45392","45392","45392","","","","","","","","","","","","","","","","","","","","","","","",""
"2182","1","1","1","45396","45396","45396","","","","","","","","","","","","","","","","","","","","","","","",""
"2183","1","1","1","45400","45400","45400","","","","","","","","","","","","","","","","","","","","","","","",""
"2184","1","1","1","45404","45404","45404","","","","","","","","","","","","","","","","","","","","","","","",""
"2185","1","1","1","45408","45408","45408","","","","","","","","","","","","","","","","","","","","","","","",""
"2186","1","1","1","45412","45412","45412","","","","","","","","","","","","","","","","","","","","","","","",""
"2187","1","1","1","45567","45567","45567","","","","","","","","","","","","","","","","","","","","","","","",""
"2188","1","1","1","45571","45571","45571","","","","","","","","","","","","","","","","","","","","","","","",""
"2189","1","1","1","45575","45575","45575","","","","","","","","","","","","","","","","","","","","","","","",""
"2190","1","1","1","45579","45579","45579","","","","","","","","","","","","","","","","","","","","","","","",""
"2191","1","1","1","45583","45583","45583","","","","","","","","","","","","","","","","","","","","","","","",""
"2192","1","1","1","45587","45587","45587","","","","","","","","","","","","","","","","","","","","","","","",""
"2193","1","1","1","45591","45591","45591","","","","","","","","","","","","","","","","","","","","","","","",""
"2194","1","1","1","45595","45595","45595","","","","","","","","","","","","","","","","","","","","","","","",""
"2195","1","1","1","45599","45599","45599","","","","","","","","","","","","","","","","","","","","","","","",""
"2196","1","1","1","45750","45750","45750","","","","","","","","","","","","","","","","","","","","","","","",""
"2197","1","1","1","45754","45754","45754","","","","","","","","","","","","","","","","","","","","","","","",""
"2198","1","1","1","45758","45758","45758","","","","","","","","","","","","","","","","","","","","","","","",""
"2199","1","1","1","45762","45762","45762","","","","","","","","","","","","","","","","","","","","","","","",""
"2200","1","1","1","45766","45766","45766","","","","","","","","","","","","","","","","","","","","","","","",""
"2201","1","1","1","45770","45770","45770","","","","","","","","","","","","","","","","","","","","","","","",""
"2202","1","1","1","45774","45774","45774","","","","","","","","","","","","","","","","","","","","","","","",""
"2203","1","1","1","45778","45778","45778","","","","","","","","","","","","","","","","","","","","","","","",""
"2204","1","1","1","45782","45782","45782","","","","","","","","","","","","","","","","","","","","","","","",""
"2205","1","1","1","45940","45940","45940","","","","","","","","","","","","","","","","","","","","","","","",""
"2206","1","1","1","45944","45944","45944","","","","","","","","","","","","","","","","","","","","","","","",""
"2207","1","1","1","45948","45948","45948","","","","","","","","","","","","","","","","","","","","","","","",""
"2208","1","1","1","45952","45952","45952","","","","","","","","","","","","","","","","","","","","","","","",""
"2209","1","1","1","45956","45956","45956","","","","","","","","","","","","","","","","","","","","","","","",""
"2210","1","1","1","45960","45960","45960","","","","","","","","","","","","","","","","","","","","","","","",""
"2211","1","1","1","45964","45964","45964","","","","","","","","","","","","","","","","","","","","","","","",""
"2212","1","1","1","45968","45968","45968","","","","","","","","","","","","","","","","","","","","","","","",""
"2213","1","1","1","45972","45972","45972","","","","","","","","","","","","","","","","","","","","","","","",""
"2214","1","1","1","46127","46127","46127","","","","","","","","","","","","","","","","","","","","","","","",""
"2215","1","1","1","46131","46131","46131","","","","","","","","","","","","","","","","","","","","","","","",""
"2216","1","1","1","46135","46135","46135","","","","","","","","","","","","","","","","","","","","","","","",""
"2217","1","1","1","46139","46139","46139","","","","","","","","","","","","","","","","","","","","","","","",""
"2218","1","1","1","46143","46143","46143","","","","","","","","","","","","","","","","","","","","","","","",""
"2219","1","1","1","46147","46147","46147","","","","","","","","","","","","","","","","","","","","","","","",""
"2220","1","1","1","46151","46151","46151","","","","","","","","","","","","","","","","","","","","","","","",""
"2221","1","1","1","46155","46155","46155","","","","","","","","","","","","","","","","","","","","","","","",""
"2222","1","1","1","46159","46159","46159","","","","","","","","","","","","","","","","","","","","","","","",""
"2223","1","1","1","46314","46314","46314","","","","","","","","","","","","","","","","","","","","","","","",""
"2224","1","1","1","46318","46318","46318","","","","","","","","","","","","","","","","","","","","","","","",""
"2225","1","1","1","46322","46322","46322","","","","","","","","","","","","","","","","","","","","","","","",""
"2226","1","1","1","46326","46326","46326","","","","","","","","","","","","","","","","","","","","","","","",""
"2227","1","1","1","46330","46330","46330","","","","","","","","","","","","","","","","","","","","","","","",""
"2228","1","1","1","46334","46334","46334","","","","","","","","","","","","","","","","","","","","","","","",""
"2229","1","1","1","46338","46338","46338","","","","","","","","","","","","","","","","","","","","","","","",""
"2230","1","1","1","46342","46342","46342","","","","","","","","","","","","","","","","","","","","","","","",""
"2231","1","1","1","46346","46346","46346","","","","","","","","","","","","","","","","","","","","","","","",""
"2232","1","1","1","46497","46497","46497","","","","","","","","","","","","","","","","","","","","","","","",""
"2233","1","1","1","46501","46501","46501","","","","","","","","","","","","","","","","","","","","","","","",""
"2234","1","1","1","46505","46505","46505","","","","","","","","","","","","","","","","","","","","","","","",""
"2235","1","1","1","46509","46509","46509","","","","","","","","","","","","","","","","","","","","","","","",""
"2236","1","1","1","46513","46513","46513","","","","","","","","","","","","","","","","","","","","","","","",""
"2237","1","1","1","46517","46517","46517","","","","","","","","","","","","","","","","","","","","","","","",""
"2238","1","1","1","46521","46521","46521","","","","","","","","","","","","","","","","","","","","","","","",""
"2239","1","1","1","46525","46525","46525","","","","","","","","","","","","","","","","","","","","","","","",""
"2240","1","1","1","46529","46529","46529","","","","","","","","","","","","","","","","","","","","","","","",""
"2241","1","1","1","46688","46688","46688","","","","","","","","","","","","","","","","","","","","","","","",""
"2242","1","1","1","46692","46692","46692","","","","","","","","","","","","","","","","","","","","","","","",""
"2243","1","1","1","46696","46696","46696","","","","","","","","","","","","","","","","","","","","","","","",""
"2244","1","1","1","46700","46700","46700","","","","","","","","","","","","","","","","","","","","","","","",""
"2245","1","1","1","46704","46704","46704","","","","","","","","","","","","","","","","","","","","","","","",""
"2246","1","1","1","46708","46708","46708","","","","","","","","","","","","","","","","","","","","","","","",""
"2247","1","1","1","46712","46712","46712","","","","","","","","","","","","","","","","","","","","","","","",""
"2248","1","1","1","46716","46716","46716","","","","","","","","","","","","","","","","","","","","","","","",""
"2249","1","1","1","46720","46720","46720","","","","","","","","","","","","","","","","","","","","","","","",""
"2250","1","1","1","46877","46877","46877","","","","","","","","","","","","","","","","","","","","","","","",""
"2251","1","1","1","46881","46881","46881","","","","","","","","","","","","","","","","","","","","","","","",""
"2252","1","1","1","46885","46885","46885","","","","","","","","","","","","","","","","","","","","","","","",""
"2253","1","1","1","46889","46889","46889","","","","","","","","","","","","","","","","","","","","","","","",""
"2254","1","1","1","46893","46893","46893","","","","","","","","","","","","","","","","","","","","","","","",""
"2255","1","1","1","46897","46897","46897","","","","","","","","","","","","","","","","","","","","","","","",""
"2256","1","1","1","46901","46901","46901","","","","","","","","","","","","","","","","","","","","","","","",""
"2257","1","1","1","46905","46905","46905","","","","","","","","","","","","","","","","","","","","","","","",""
"2258","1","1","1","46909","46909","46909","","","","","","","","","","","","","","","","","","","","","","","",""
"2259","1","1","1","47062","47062","47062","","","","","","","","","","","","","","","","","","","","","","","",""
"2260","1","1","1","47066","47066","47066","","","","","","","","","","","","","","","","","","","","","","","",""
"2261","1","1","1","47070","47070","47070","","","","","","","","","","","","","","","","","","","","","","","",""
"2262","1","1","1","47074","47074","47074","","","","","","","","","","","","","","","","","","","","","","","",""
"2263","1","1","1","47078","47078","47078","","","","","","","","","","","","","","","","","","","","","","","",""
"2264","1","1","1","47082","47082","47082","","","","","","","","","","","","","","","","","","","","","","","",""
"2265","1","1","1","47086","47086","47086","","","","","","","","","","","","","","","","","","","","","","","",""
"2266","1","1","1","47090","47090","47090","","","","","","","","","","","","","","","","","","","","","","","",""
"2267","1","1","1","47094","47094","47094","","","","","","","","","","","","","","","","","","","","","","","",""
"2268","1","1","1","47248","47248","47248","","","","","","","","","","","","","","","","","","","","","","","",""
"2269","1","1","1","47252","47252","47252","","","","","","","","","","","","","","","","","","","","","","","",""
"2270","1","1","1","47256","47256","47256","","","","","","","","","","","","","","","","","","","","","","","",""
"2271","1","1","1","47260","47260","47260","","","","","","","","","","","","","","","","","","","","","","","",""
"2272","1","1","1","47264","47264","47264","","","","","","","","","","","","","","","","","","","","","","","",""
"2273","1","1","1","47268","47268","47268","","","","","","","","","","","","","","","","","","","","","","","",""
"2274","1","1","1","47272","47272","47272","","","","","","","","","","","","","","","","","","","","","","","",""
"2275","1","1","1","47276","47276","47276","","","","","","","","","","","","","","","","","","","","","","","",""
"2276","1","1","1","47280","47280","47280","","","","","","","","","","","","","","","","","","","","","","","",""
"2277","1","1","1","47433","47433","47433","","","","","","","","","","","","","","","","","","","","","","","",""
"2278","1","1","1","47437","47437","47437","","","","","","","","","","","","","","","","","","","","","","","",""
"2279","1","1","1","47441","47441","47441","","","","","","","","","","","","","","","","","","","","","","","",""
"2280","1","1","1","47445","47445","47445","","","","","","","","","","","","","","","","","","","","","","","",""
"2281","1","1","1","47449","47449","47449","","","","","","","","","","","","","","","","","","","","","","","",""
"2282","1","1","1","47453","47453","47453","","","","","","","","","","","","","","","","","","","","","","","",""
"2283","1","1","1","47457","47457","47457","","","","","","","","","","","","","","","","","","","","","","","",""
"2284","1","1","1","47461","47461","47461","","","","","","","","","","","","","","","","","","","","","","","",""
"2285","1","1","1","47465","47465","47465","","","","","","","","","","","","","","","","","","","","","","","",""
"2286","1","1","1","47617","47617","47617","","","","","","","","","","","","","","","","","","","","","","","",""
"2287","1","1","1","47621","47621","47621","","","","","","","","","","","","","","","","","","","","","","","",""
"2288","1","1","1","47625","47625","47625","","","","","","","","","","","","","","","","","","","","","","","",""
"2289","1","1","1","47629","47629","47629","","","","","","","","","","","","","","","","","","","","","","","",""
"2290","1","1","1","47633","47633","47633","","","","","","","","","","","","","","","","","","","","","","","",""
"2291","1","1","1","47637","47637","47637","","","","","","","","","","","","","","","","","","","","","","","",""
"2292","1","1","1","47641","47641","47641","","","","","","","","","","","","","","","","","","","","","","","",""
"2293","1","1","1","47645","47645","47645","","","","","","","","","","","","","","","","","","","","","","","",""
"2294","1","1","1","47649","47649","47649","","","","","","","","","","","","","","","","","","","","","","","",""
"2295","1","1","1","47804","47804","47804","","","","","","","","","","","","","","","","","","","","","","","",""
"2296","1","1","1","47808","47808","47808","","","","","","","","","","","","","","","","","","","","","","","",""
"2297","1","1","1","47812","47812","47812","","","","","","","","","","","","","","","","","","","","","","","",""
"2298","1","1","1","47816","47816","47816","","","","","","","","","","","","","","","","","","","","","","","",""
"2299","1","1","1","47820","47820","47820","","","","","","","","","","","","","","","","","","","","","","","",""
"2300","1","1","1","47824","47824","47824","","","","","","","","","","","","","","","","","","","","","","","",""
"2301","1","1","1","47828","47828","47828","","","","","","","","","","","","","","","","","","","","","","","",""
"2302","1","1","1","47832","47832","47832","","","","","","","","","","","","","","","","","","","","","","","",""
"2303","1","1","1","47836","47836","47836","","","","","","","","","","","","","","","","","","","","","","","",""
"2304","1","1","1","47986","47986","47986","","","","","","","","","","","","","","","","","","","","","","","",""
"2305","1","1","1","47990","47990","47990","","","","","","","","","","","","","","","","","","","","","","","",""
"2306","1","1","1","47994","47994","47994","","","","","","","","","","","","","","","","","","","","","","","",""
"2307","1","1","1","47998","47998","47998","","","","","","","","","","","","","","","","","","","","","","","",""
"2308","1","1","1","48002","48002","48002","","","","","","","","","","","","","","","","","","","","","","","",""
"2309","1","1","1","48006","48006","48006","","","","","","","","","","","","","","","","","","","","","","","",""
"2310","1","1","1","48010","48010","48010","","","","","","","","","","","","","","","","","","","","","","","",""
"2311","1","1","1","48014","48014","48014","","","","","","","","","","","","","","","","","","","","","","","",""
"2312","1","1","1","48018","48018","48018","","","","","","","","","","","","","","","","","","","","","","","",""
"2313","1","1","1","48171","48171","48171","","","","","","","","","","","","","","","","","","","","","","","",""
"2314","1","1","1","48175","48175","48175","","","","","","","","","","","","","","","","","","","","","","","",""
"2315","1","1","1","48179","48179","48179","","","","","","","","","","","","","","","","","","","","","","","",""
"2316","1","1","1","48183","48183","48183","","","","","","","","","","","","","","","","","","","","","","","",""
"2317","1","1","1","48187","48187","48187","","","","","","","","","","","","","","","","","","","","","","","",""
"2318","1","1","1","48191","48191","48191","","","","","","","","","","","","","","","","","","","","","","","",""
"2319","1","1","1","48195","48195","48195","","","","","","","","","","","","","","","","","","","","","","","",""
"2320","1","1","1","48199","48199","48199","","","","","","","","","","","","","","","","","","","","","","","",""
"2321","1","1","1","48203","48203","48203","","","","","","","","","","","","","","","","","","","","","","","",""
"2322","1","1","1","48360","48360","48360","","","","","","","","","","","","","","","","","","","","","","","",""
"2323","1","1","1","48364","48364","48364","","","","","","","","","","","","","","","","","","","","","","","",""
"2324","1","1","1","48368","48368","48368","","","","","","","","","","","","","","","","","","","","","","","",""
"2325","1","1","1","48372","48372","48372","","","","","","","","","","","","","","","","","","","","","","","",""
"2326","1","1","1","48376","48376","48376","","","","","","","","","","","","","","","","","","","","","","","",""
"2327","1","1","1","48380","48380","48380","","","","","","","","","","","","","","","","","","","","","","","",""
"2328","1","1","1","48384","48384","48384","","","","","","","","","","","","","","","","","","","","","","","",""
"2329","1","1","1","48388","48388","48388","","","","","","","","","","","","","","","","","","","","","","","",""
"2330","1","1","1","48392","48392","48392","","","","","","","","","","","","","","","","","","","","","","","",""
"2331","1","1","1","48547","48547","48547","","","","","","","","","","","","","","","","","","","","","","","",""
"2332","1","1","1","48551","48551","48551","","","","","","","","","","","","","","","","","","","","","","","",""
"2333","1","1","1","48555","48555","48555","","","","","","","","","","","","","","","","","","","","","","","",""
"2334","1","1","1","48559","48559","48559","","","","","","","","","","","","","","","","","","","","","","","",""
"2335","1","1","1","48563","48563","48563","","","","","","","","","","","","","","","","","","","","","","","",""
"2336","1","1","1","48567","48567","48567","","","","","","","","","","","","","","","","","","","","","","","",""
"2337","1","1","1","48571","48571","48571","","","","","","","","","","","","","","","","","","","","","","","",""
"2338","1","1","1","48575","48575","48575","","","","","","","","","","","","","","","","","","","","","","","",""
"2339","1","1","1","48579","48579","48579","","","","","","","","","","","","","","","","","","","","","","","",""
"2340","1","1","1","48731","48731","48731","","","","","","","","","","","","","","","","","","","","","","","",""
"2341","1","1","1","48735","48735","48735","","","","","","","","","","","","","","","","","","","","","","","",""
"2342","1","1","1","48739","48739","48739","","","","","","","","","","","","","","","","","","","","","","","",""
"2343","1","1","1","48743","48743","48743","","","","","","","","","","","","","","","","","","","","","","","",""
"2344","1","1","1","48747","48747","48747","","","","","","","","","","","","","","","","","","","","","","","",""
"2345","1","1","1","48751","48751","48751","","","","","","","","","","","","","","","","","","","","","","","",""
"2346","1","1","1","48755","48755","48755","","","","","","","","","","","","","","","","","","","","","","","",""
"2347","1","1","1","48759","48759","48759","","","","","","","","","","","","","","","","","","","","","","","",""
"2348","1","1","1","48763","48763","48763","","","","","","","","","","","","","","","","","","","","","","","",""
"2349","1","1","1","48917","48917","48917","","","","","","","","","","","","","","","","","","","","","","","",""
"2350","1","1","1","48921","48921","48921","","","","","","","","","","","","","","","","","","","","","","","",""
"2351","1","1","1","48925","48925","48925","","","","","","","","","","","","","","","","","","","","","","","",""
"2352","1","1","1","48929","48929","48929","","","","","","","","","","","","","","","","","","","","","","","",""
"2353","1","1","1","48933","48933","48933","","","","","","","","","","","","","","","","","","","","","","","",""
"2354","1","1","1","48937","48937","48937","","","","","","","","","","","","","","","","","","","","","","","",""
"2355","1","1","1","48941","48941","48941","","","","","","","","","","","","","","","","","","","","","","","",""
"2356","1","1","1","48945","48945","48945","","","","","","","","","","","","","","","","","","","","","","","",""
"2357","1","1","1","48949","48949","48949","","","","","","","","","","","","","","","","","","","","","","","",""
"2358","1","1","1","49104","49104","49104","","","","","","","","","","","","","","","","","","","","","","","",""
"2359","1","1","1","49108","49108","49108","","","","","","","","","","","","","","","","","","","","","","","",""
"2360","1","1","1","49112","49112","49112","","","","","","","","","","","","","","","","","","","","","","","",""
"2361","1","1","1","49116","49116","49116","","","","","","","","","","","","","","","","","","","","","","","",""
"2362","1","1","1","49120","49120","49120","","","","","","","","","","","","","","","","","","","","","","","",""
"2363","1","1","1","49124","49124","49124","","","","","","","","","","","","","","","","","","","","","","","",""
"2364","1","1","1","49128","49128","49128","","","","","","","","","","","","","","","","","","","","","","","",""
"2365","1","1","1","49132","49132","49132","","","","","","","","","","","","","","","","","","","","","","","",""
"2366","1","1","1","49136","49136","49136","","","","","","","","","","","","","","","","","","","","","","","",""
"2367","1","1","1","49289","49289","49289","","","","","","","","","","","","","","","","","","","","","","","",""
"2368","1","1","1","49293","49293","49293","","","","","","","","","","","","","","","","","","","","","","","",""
"2369","1","1","1","49297","49297","49297","","","","","","","","","","","","","","","","","","","","","","","",""
"2370","1","1","1","49301","49301","49301","","","","","","","","","","","","","","","","","","","","","","","",""
"2371","1","1","1","49305","49305","49305","","","","","","","","","","","","","","","","","","","","","","","",""
"2372","1","1","1","49309","49309","49309","","","","","","","","","","","","","","","","","","","","","","","",""
"2373","1","1","1","49313","49313","49313","","","","","","","","","","","","","","","","","","","","","","","",""
"2374","1","1","1","49317","49317","49317","","","","","","","","","","","","","","","","","","","","","","","",""
"2375","1","1","1","49321","49321","49321","","","","","","","","","","","","","","","","","","","","","","","",""
"2376","1","1","1","49476","49476","49476","","","","","","","","","","","","","","","","","","","","","","","",""
"2377","1","1","1","49480","49480","49480","","","","","","","","","","","","","","","","","","","","","","","",""
"2378","1","1","1","49484","49484","49484","","","","","","","","","","","","","","","","","","","","","","","",""
"2379","1","1","1","49488","49488","49488","","","","","","","","","","","","","","","","","","","","","","","",""
"2380","1","1","1","49492","49492","49492","","","","","","","","","","","","","","","","","","","","","","","",""
"2381","1","1","1","49496","49496","49496","","","","","","","","","","","","","","","","","","","","","","","",""
"2382","1","1","1","49500","49500","49500","","","","","","","","","","","","","","","","","","","","","","","",""
"2383","1","1","1","49504","49504","49504","","","","","","","","","","","","","","","","","","","","","","","",""
"2384","1","1","1","49508","49508","49508","","","","","","","","","","","","","","","","","","","","","","","",""
"2385","1","1","1","49662","49662","49662","","","","","","","","","","","","","","","","","","","","","","","",""
"2386","1","1","1","49666","49666","49666","","","","","","","","","","","","","","","","","","","","","","","",""
"2387","1","1","1","49670","49670","49670","","","","","","","","","","","","","","","","","","","","","","","",""
"2388","1","1","1","49674","49674","49674","","","","","","","","","","","","","","","","","","","","","","","",""
"2389","1","1","1","49678","49678","49678","","","","","","","","","","","","","","","","","","","","","","","",""
"2390","1","1","1","49682","49682","49682","","","","","","","","","","","","","","","","","","","","","","","",""
"2391","1","1","1","49686","49686","49686","","","","","","","","","","","","","","","","","","","","","","","",""
"2392","1","1","1","49690","49690","49690","","","","","","","","","","","","","","","","","","","","","","","",""
"2393","1","1","1","49694","49694","49694","","","","","","","","","","","","","","","","","","","","","","","",""
"2394","1","1","1","49849","49849","49849","","","","","","","","","","","","","","","","","","","","","","","",""
"2395","1","1","1","49853","49853","49853","","","","","","","","","","","","","","","","","","","","","","","",""
"2396","1","1","1","49857","49857","49857","","","","","","","","","","","","","","","","","","","","","","","",""
"2397","1","1","1","49861","49861","49861","","","","","","","","","","","","","","","","","","","","","","","",""
"2398","1","1","1","49865","49865","49865","","","","","","","","","","","","","","","","","","","","","","","",""
"2399","1","1","1","49869","49869","49869","","","","","","","","","","","","","","","","","","","","","","","",""
"2400","1","1","1","49873","49873","49873","","","","","","","","","","","","","","","","","","","","","","","",""
"2401","1","1","1","49877","49877","49877","","","","","","","","","","","","","","","","","","","","","","","",""
"2402","1","1","1","49881","49881","49881","","","","","","","","","","","","","","","","","","","","","","","",""
"2403","1","1","1","50036","50036","50036","","","","","","","","","","","","","","","","","","","","","","","",""
"2404","1","1","1","50040","50040","50040","","","","","","","","","","","","","","","","","","","","","","","",""
"2405","1","1","1","50044","50044","50044","","","","","","","","","","","","","","","","","","","","","","","",""
"2406","1","1","1","50048","50048","50048","","","","","","","","","","","","","","","","","","","","","","","",""
"2407","1","1","1","50052","50052","50052","","","","","","","","","","","","","","","","","","","","","","","",""
"2408","1","1","1","50056","50056","50056","","","","","","","","","","","","","","","","","","","","","","","",""
"2409","1","1","1","50060","50060","50060","","","","","","","","","","","","","","","","","","","","","","","",""
"2410","1","1","1","50064","50064","50064","","","","","","","","","","","","","","","","","","","","","","","",""
"2411","1","1","1","50068","50068","50068","","","","","","","","","","","","","","","","","","","","","","","",""
"2412","1","1","1","50226","50226","50226","","","","","","","","","","","","","","","","","","","","","","","",""
"2413","1","1","1","50230","50230","50230","","","","","","","","","","","","","","","","","","","","","","","",""
"2414","1","1","1","50234","50234","50234","","","","","","","","","","","","","","","","","","","","","","","",""
"2415","1","1","1","50238","50238","50238","","","","","","","","","","","","","","","","","","","","","","","",""
"2416","1","1","1","50242","50242","50242","","","","","","","","","","","","","","","","","","","","","","","",""
"2417","1","1","1","50246","50246","50246","","","","","","","","","","","","","","","","","","","","","","","",""
"2418","1","1","1","50250","50250","50250","","","","","","","","","","","","","","","","","","","","","","","",""
"2419","1","1","1","50254","50254","50254","","","","","","","","","","","","","","","","","","","","","","","",""
"2420","1","1","1","50258","50258","50258","","","","","","","","","","","","","","","","","","","","","","","",""
"2421","1","1","1","50415","50415","50415","","","","","","","","","","","","","","","","","","","","","","","",""
"2422","1","1","1","50419","50419","50419","","","","","","","","","","","","","","","","","","","","","","","",""
"2423","1","1","1","50423","50423","50423","","","","","","","","","","","","","","","","","","","","","","","",""
"2424","1","1","1","50427","50427","50427","","","","","","","","","","","","","","","","","","","","","","","",""
"2425","1","1","1","50431","50431","50431","","","","","","","","","","","","","","","","","","","","","","","",""
"2426","1","1","1","50435","50435","50435","","","","","","","","","","","","","","","","","","","","","","","",""
"2427","1","1","1","50439","50439","50439","","","","","","","","","","","","","","","","","","","","","","","",""
"2428","1","1","1","50443","50443","50443","","","","","","","","","","","","","","","","","","","","","","","",""
"2429","1","1","1","50447","50447","50447","","","","","","","","","","","","","","","","","","","","","","","",""
"2430","1","1","1","50601","50601","50601","","","","","","","","","","","","","","","","","","","","","","","",""
"2431","1","1","1","50605","50605","50605","","","","","","","","","","","","","","","","","","","","","","","",""
"2432","1","1","1","50609","50609","50609","","","","","","","","","","","","","","","","","","","","","","","",""
"2433","1","1","1","50613","50613","50613","","","","","","","","","","","","","","","","","","","","","","","",""
"2434","1","1","1","50617","50617","50617","","","","","","","","","","","","","","","","","","","","","","","",""
"2435","1","1","1","50621","50621","50621","","","","","","","","","","","","","","","","","","","","","","","",""
"2436","1","1","1","50625","50625","50625","","","","","","","","","","","","","","","","","","","","","","","",""
"2437","1","1","1","50629","50629","50629","","","","","","","","","","","","","","","","","","","","","","","",""
"2438","1","1","1","50633","50633","50633","","","","","","","","","","","","","","","","","","","","","","","",""
"2439","1","1","1","50788","50788","50788","","","","","","","","","","","","","","","","","","","","","","","",""
"2440","1","1","1","50792","50792","50792","","","","","","","","","","","","","","","","","","","","","","","",""
"2441","1","1","1","50796","50796","50796","","","","","","","","","","","","","","","","","","","","","","","",""
"2442","1","1","1","50800","50800","50800","","","","","","","","","","","","","","","","","","","","","","","",""
"2443","1","1","1","50804","50804","50804","","","","","","","","","","","","","","","","","","","","","","","",""
"2444","1","1","1","50808","50808","50808","","","","","","","","","","","","","","","","","","","","","","","",""
"2445","1","1","1","50812","50812","50812","","","","","","","","","","","","","","","","","","","","","","","",""
"2446","1","1","1","50816","50816","50816","","","","","","","","","","","","","","","","","","","","","","","",""
"2447","1","1","1","50820","50820","50820","","","","","","","","","","","","","","","","","","","","","","","",""
"2448","1","1","1","50977","50977","50977","","","","","","","","","","","","","","","","","","","","","","","",""
"2449","1","1","1","50981","50981","50981","","","","","","","","","","","","","","","","","","","","","","","",""
"2450","1","1","1","50985","50985","50985","","","","","","","","","","","","","","","","","","","","","","","",""
"2451","1","1","1","50989","50989","50989","","","","","","","","","","","","","","","","","","","","","","","",""
"2452","1","1","1","50993","50993","50993","","","","","","","","","","","","","","","","","","","","","","","",""
"2453","1","1","1","50997","50997","50997","","","","","","","","","","","","","","","","","","","","","","","",""
"2454","1","1","1","51001","51001","51001","","","","","","","","","","","","","","","","","","","","","","","",""
"2455","1","1","1","51005","51005","51005","","","","","","","","","","","","","","","","","","","","","","","",""
"2456","1","1","1","51009","51009","51009","","","","","","","","","","","","","","","","","","","","","","","",""
"2457","1","1","1","51164","51164","51164","","","","","","","","","","","","","","","","","","","","","","","",""
"2458","1","1","1","51168","51168","51168","","","","","","","","","","","","","","","","","","","","","","","",""
"2459","1","1","1","51172","51172","51172","","","","","","","","","","","","","","","","","","","","","","","",""
"2460","1","1","1","51176","51176","51176","","","","","","","","","","","","","","","","","","","","","","","",""
"2461","1","1","1","51180","51180","51180","","","","","","","","","","","","","","","","","","","","","","","",""
"2462","1","1","1","51184","51184","51184","","","","","","","","","","","","","","","","","","","","","","","",""
"2463","1","1","1","51188","51188","51188","","","","","","","","","","","","","","","","","","","","","","","",""
"2464","1","1","1","51192","51192","51192","","","","","","","","","","","","","","","","","","","","","","","",""
"2465","1","1","1","51196","51196","51196","","","","","","","","","","","","","","","","","","","","","","","",""
"2466","1","1","1","51348","51348","51348","","","","","","","","","","","","","","","","","","","","","","","",""
"2467","1","1","1","51352","51352","51352","","","","","","","","","","","","","","","","","","","","","","","",""
"2468","1","1","1","51356","51356","51356","","","","","","","","","","","","","","","","","","","","","","","",""
"2469","1","1","1","51360","51360","51360","","","","","","","","","","","","","","","","","","","","","","","",""
"2470","1","1","1","51364","51364","51364","","","","","","","","","","","","","","","","","","","","","","","",""
"2471","1","1","1","51368","51368","51368","","","","","","","","","","","","","","","","","","","","","","","",""
"2472","1","1","1","51372","51372","51372","","","","","","","","","","","","","","","","","","","","","","","",""
"2473","1","1","1","51376","51376","51376","","","","","","","","","","","","","","","","","","","","","","","",""
"2474","1","1","1","51380","51380","51380","","","","","","","","","","","","","","","","","","","","","","","",""
"2475","1","1","1","51535","51535","51535","","","","","","","","","","","","","","","","","","","","","","","",""
"2476","1","1","1","51539","51539","51539","","","","","","","","","","","","","","","","","","","","","","","",""
"2477","1","1","1","51543","51543","51543","","","","","","","","","","","","","","","","","","","","","","","",""
"2478","1","1","1","51547","51547","51547","","","","","","","","","","","","","","","","","","","","","","","",""
"2479","1","1","1","51551","51551","51551","","","","","","","","","","","","","","","","","","","","","","","",""
"2480","1","1","1","51555","51555","51555","","","","","","","","","","","","","","","","","","","","","","","",""
"2481","1","1","1","51559","51559","51559","","","","","","","","","","","","","","","","","","","","","","","",""
"2482","1","1","1","51563","51563","51563","","","","","","","","","","","","","","","","","","","","","","","",""
"2483","1","1","1","51567","51567","51567","","","","","","","","","","","","","","","","","","","","","","","",""
"2484","1","1","1","51724","51724","51724","","","","","","","","","","","","","","","","","","","","","","","",""
"2485","1","1","1","51728","51728","51728","","","","","","","","","","","","","","","","","","","","","","","",""
"2486","1","1","1","51732","51732","51732","","","","","","","","","","","","","","","","","","","","","","","",""
"2487","1","1","1","51736","51736","51736","","","","","","","","","","","","","","","","","","","","","","","",""
"2488","1","1","1","51740","51740","51740","","","","","","","","","","","","","","","","","","","","","","","",""
"2489","1","1","1","51744","51744","51744","","","","","","","","","","","","","","","","","","","","","","","",""
"2490","1","1","1","51748","51748","51748","","","","","","","","","","","","","","","","","","","","","","","",""
"2491","1","1","1","51752","51752","51752","","","","","","","","","","","","","","","","","","","","","","","",""
"2492","1","1","1","51756","51756","51756","","","","","","","","","","","","","","","","","","","","","","","",""
"2493","1","1","1","51911","51911","51911","","","","","","","","","","","","","","","","","","","","","","","",""
"2494","1","1","1","51915","51915","51915","","","","","","","","","","","","","","","","","","","","","","","",""
"2495","1","1","1","51919","51919","51919","","","","","","","","","","","","","","","","","","","","","","","",""
"2496","1","1","1","51923","51923","51923","","","","","","","","","","","","","","","","","","","","","","","",""
"2497","1","1","1","51927","51927","51927","","","","","","","","","","","","","","","","","","","","","","","",""
"2498","1","1","1","51931","51931","51931","","","","","","","","","","","","","","","","","","","","","","","",""
"2499","1","1","1","51935","51935","51935","","","","","","","","","","","","","","","","","","","","","","","",""
"2500","1","1","1","51939","51939","51939","","","","","","","","","","","","","","","","","","","","","","","",""
"2501","1","1","1","51943","51943","51943","","","","","","","","","","","","","","","","","","","","","","","",""
"2502","1","1","1","52095","52095","52095","","","","","","","","","","","","","","","","","","","","","","","",""
"2503","1","1","1","52099","52099","52099","","","","","","","","","","","","","","","","","","","","","","","",""
"2504","1","1","1","52103","52103","52103","","","","","","","","","","","","","","","","","","","","","","","",""
"2505","1","1","1","52107","52107","52107","","","","","","","","","","","","","","","","","","","","","","","",""
"2506","1","1","1","52111","52111","52111","","","","","","","","","","","","","","","","","","","","","","","",""
"2507","1","1","1","52115","52115","52115","","","","","","","","","","","","","","","","","","","","","","","",""
"2508","1","1","1","52119","52119","52119","","","","","","","","","","","","","","","","","","","","","","","",""
"2509","1","1","1","52123","52123","52123","","","","","","","","","","","","","","","","","","","","","","","",""
"2510","1","1","1","52127","52127","52127","","","","","","","","","","","","","","","","","","","","","","","",""
"2511","1","1","1","52281","52281","52281","","","","","","","","","","","","","","","","","","","","","","","",""
"2512","1","1","1","52285","52285","52285","","","","","","","","","","","","","","","","","","","","","","","",""
"2513","1","1","1","52289","52289","52289","","","","","","","","","","","","","","","","","","","","","","","",""
"2514","1","1","1","52293","52293","52293","","","","","","","","","","","","","","","","","","","","","","","",""
"2515","1","1","1","52297","52297","52297","","","","","","","","","","","","","","","","","","","","","","","",""
"2516","1","1","1","52301","52301","52301","","","","","","","","","","","","","","","","","","","","","","","",""
"2517","1","1","1","52305","52305","52305","","","","","","","","","","","","","","","","","","","","","","","",""
"2518","1","1","1","52309","52309","52309","","","","","","","","","","","","","","","","","","","","","","","",""
"2519","1","1","1","52313","52313","52313","","","","","","","","","","","","","","","","","","","","","","","",""
"2520","1","1","1","52469","52469","52469","","","","","","","","","","","","","","","","","","","","","","","",""
"2521","1","1","1","52473","52473","52473","","","","","","","","","","","","","","","","","","","","","","","",""
"2522","1","1","1","52477","52477","52477","","","","","","","","","","","","","","","","","","","","","","","",""
"2523","1","1","1","52481","52481","52481","","","","","","","","","","","","","","","","","","","","","","","",""
"2524","1","1","1","52485","52485","52485","","","","","","","","","","","","","","","","","","","","","","","",""
"2525","1","1","1","52489","52489","52489","","","","","","","","","","","","","","","","","","","","","","","",""
"2526","1","1","1","52493","52493","52493","","","","","","","","","","","","","","","","","","","","","","","",""
"2527","1","1","1","52497","52497","52497","","","","","","","","","","","","","","","","","","","","","","","",""
"2528","1","1","1","52501","52501","52501","","","","","","","","","","","","","","","","","","","","","","","",""
"2529","1","1","1","52658","52658","52658","","","","","","","","","","","","","","","","","","","","","","","",""
"2530","1","1","1","52662","52662","52662","","","","","","","","","","","","","","","","","","","","","","","",""
"2531","1","1","1","52666","52666","52666","","","","","","","","","","","","","","","","","","","","","","","",""
"2532","1","1","1","52670","52670","52670","","","","","","","","","","","","","","","","","","","","","","","",""
"2533","1","1","1","52674","52674","52674","","","","","","","","","","","","","","","","","","","","","","","",""
"2534","1","1","1","52678","52678","52678","","","","","","","","","","","","","","","","","","","","","","","",""
"2535","1","1","1","52682","52682","52682","","","","","","","","","","","","","","","","","","","","","","","",""
"2536","1","1","1","52686","52686","52686","","","","","","","","","","","","","","","","","","","","","","","",""
"2537","1","1","1","52690","52690","52690","","","","","","","","","","","","","","","","","","","","","","","",""
"2538","1","1","1","52846","52846","52846","","","","","","","","","","","","","","","","","","","","","","","",""
"2539","1","1","1","52850","52850","52850","","","","","","","","","","","","","","","","","","","","","","","",""
"2540","1","1","1","52854","52854","52854","","","","","","","","","","","","","","","","","","","","","","","",""
"2541","1","1","1","52858","52858","52858","","","","","","","","","","","","","","","","","","","","","","","",""
"2542","1","1","1","52862","52862","52862","","","","","","","","","","","","","","","","","","","","","","","",""
"2543","1","1","1","52866","52866","52866","","","","","","","","","","","","","","","","","","","","","","","",""
"2544","1","1","1","52870","52870","52870","","","","","","","","","","","","","","","","","","","","","","","",""
"2545","1","1","1","52874","52874","52874","","","","","","","","","","","","","","","","","","","","","","","",""
"2546","1","1","1","52878","52878","52878","","","","","","","","","","","","","","","","","","","","","","","",""
"2547","1","1","1","53034","53034","53034","","","","","","","","","","","","","","","","","","","","","","","",""
"2548","1","1","1","53038","53038","53038","","","","","","","","","","","","","","","","","","","","","","","",""
"2549","1","1","1","53042","53042","53042","","","","","","","","","","","","","","","","","","","","","","","",""
"2550","1","1","1","53046","53046","53046","","","","","","","","","","","","","","","","","","","","","","","",""
"2551","1","1","1","53050","53050","53050","","","","","","","","","","","","","","","","","","","","","","","",""
"2552","1","1","1","53054","53054","53054","","","","","","","","","","","","","","","","","","","","","","","",""
"2553","1","1","1","53058","53058","53058","","","","","","","","","","","","","","","","","","","","","","","",""
"2554","1","1","1","53062","53062","53062","","","","","","","","","","","","","","","","","","","","","","","",""
"2555","1","1","1","53066","53066","53066","","","","","","","","","","","","","","","","","","","","","","","",""
"2556","1","1","1","53220","53220","53220","","","","","","","","","","","","","","","","","","","","","","","",""
"2557","1","1","1","53224","53224","53224","","","","","","","","","","","","","","","","","","","","","","","",""
"2558","1","1","1","53228","53228","53228","","","","","","","","","","","","","","","","","","","","","","","",""
"2559","1","1","1","53232","53232","53232","","","","","","","","","","","","","","","","","","","","","","","",""
"2560","1","1","1","53236","53236","53236","","","","","","","","","","","","","","","","","","","","","","","",""
"2561","1","1","1","53240","53240","53240","","","","","","","","","","","","","","","","","","","","","","","",""
"2562","1","1","1","53244","53244","53244","","","","","","","","","","","","","","","","","","","","","","","",""
"2563","1","1","1","53248","53248","53248","","","","","","","","","","","","","","","","","","","","","","","",""
"2564","1","1","1","53252","53252","53252","","","","","","","","","","","","","","","","","","","","","","","",""
"2565","1","1","1","53404","53404","53404","","","","","","","","","","","","","","","","","","","","","","","",""
"2566","1","1","1","53408","53408","53408","","","","","","","","","","","","","","","","","","","","","","","",""
"2567","1","1","1","53412","53412","53412","","","","","","","","","","","","","","","","","","","","","","","",""
"2568","1","1","1","53416","53416","53416","","","","","","","","","","","","","","","","","","","","","","","",""
"2569","1","1","1","53420","53420","53420","","","","","","","","","","","","","","","","","","","","","","","",""
"2570","1","1","1","53424","53424","53424","","","","","","","","","","","","","","","","","","","","","","","",""
"2571","1","1","1","53428","53428","53428","","","","","","","","","","","","","","","","","","","","","","","",""
"2572","1","1","1","53432","53432","53432","","","","","","","","","","","","","","","","","","","","","","","",""
"2573","1","1","1","53436","53436","53436","","","","","","","","","","","","","","","","","","","","","","","",""
"2574","1","1","1","53592","53592","53592","","","","","","","","","","","","","","","","","","","","","","","",""
"2575","1","1","1","53596","53596","53596","","","","","","","","","","","","","","","","","","","","","","","",""
"2576","1","1","1","53600","53600","53600","","","","","","","","","","","","","","","","","","","","","","","",""
"2577","1","1","1","53604","53604","53604","","","","","","","","","","","","","","","","","","","","","","","",""
"2578","1","1","1","53608","53608","53608","","","","","","","","","","","","","","","","","","","","","","","",""
"2579","1","1","1","53612","53612","53612","","","","","","","","","","","","","","","","","","","","","","","",""
"2580","1","1","1","53616","53616","53616","","","","","","","","","","","","","","","","","","","","","","","",""
"2581","1","1","1","53620","53620","53620","","","","","","","","","","","","","","","","","","","","","","","",""
"2582","1","1","1","53624","53624","53624","","","","","","","","","","","","","","","","","","","","","","","",""