"Evaluate/step_episode","test_ppolag_filter_dis_49600_2025-08-08_13-49-16_ftg_1.0 - _step","test_ppolag_filter_dis_49600_2025-08-08_13-49-16_ftg_1.0 - _step__MIN","test_ppolag_filter_dis_49600_2025-08-08_13-49-16_ftg_1.0 - _step__MAX","test_ppolag_filter_dis_49600_2025-08-08_13-49-16_ftg_1.0 - Evaluate/EpOverCost","test_ppolag_filter_dis_49600_2025-08-08_13-49-16_ftg_1.0 - Evaluate/EpOverCost__MIN","test_ppolag_filter_dis_49600_2025-08-08_13-49-16_ftg_1.0 - Evaluate/EpOverCost__MAX","test_ppolag_filter_dis_49600_2025-08-08_13-49-16_ftg_0.95 - _step","test_ppolag_filter_dis_49600_2025-08-08_13-49-16_ftg_0.95 - _step__MIN","test_ppolag_filter_dis_49600_2025-08-08_13-49-16_ftg_0.95 - _step__MAX","test_ppolag_filter_dis_49600_2025-08-08_13-49-16_ftg_0.95 - Evaluate/EpOverCost","test_ppolag_filter_dis_49600_2025-08-08_13-49-16_ftg_0.95 - Evaluate/EpOverCost__MIN","test_ppolag_filter_dis_49600_2025-08-08_13-49-16_ftg_0.95 - Evaluate/EpOverCost__MAX","test_ppolag_filter_dis_49600_2025-08-08_13-49-16_ftg_0.9 - _step","test_ppolag_filter_dis_49600_2025-08-08_13-49-16_ftg_0.9 - _step__MIN","test_ppolag_filter_dis_49600_2025-08-08_13-49-16_ftg_0.9 - _step__MAX","test_ppolag_filter_dis_49600_2025-08-08_13-49-16_ftg_0.9 - Evaluate/EpOverCost","test_ppolag_filter_dis_49600_2025-08-08_13-49-16_ftg_0.9 - Evaluate/EpOverCost__MIN","test_ppolag_filter_dis_49600_2025-08-08_13-49-16_ftg_0.9 - Evaluate/EpOverCost__MAX","test_ppolag_filter_dis_49600_2025-08-08_13-49-16_ftg_0.85 - _step","test_ppolag_filter_dis_49600_2025-08-08_13-49-16_ftg_0.85 - _step__MIN","test_ppolag_filter_dis_49600_2025-08-08_13-49-16_ftg_0.85 - _step__MAX","test_ppolag_filter_dis_49600_2025-08-08_13-49-16_ftg_0.85 - Evaluate/EpOverCost","test_ppolag_filter_dis_49600_2025-08-08_13-49-16_ftg_0.85 - Evaluate/EpOverCost__MIN","test_ppolag_filter_dis_49600_2025-08-08_13-49-16_ftg_0.85 - Evaluate/EpOverCost__MAX","test_ppolag_filter_dis_49600_2025-08-08_13-49-16_ftg_0.8 - _step","test_ppolag_filter_dis_49600_2025-08-08_13-49-16_ftg_0.8 - _step__MIN","test_ppolag_filter_dis_49600_2025-08-08_13-49-16_ftg_0.8 - _step__MAX","test_ppolag_filter_dis_49600_2025-08-08_13-49-16_ftg_0.8 - Evaluate/EpOverCost","test_ppolag_filter_dis_49600_2025-08-08_13-49-16_ftg_0.8 - Evaluate/EpOverCost__MIN","test_ppolag_filter_dis_49600_2025-08-08_13-49-16_ftg_0.8 - Evaluate/EpOverCost__MAX","test_ppolag_filter_dis_49600_2025-08-08_13-49-16_ftg_0.75 - _step","test_ppolag_filter_dis_49600_2025-08-08_13-49-16_ftg_0.75 - _step__MIN","test_ppolag_filter_dis_49600_2025-08-08_13-49-16_ftg_0.75 - _step__MAX","test_ppolag_filter_dis_49600_2025-08-08_13-49-16_ftg_0.75 - Evaluate/EpOverCost","test_ppolag_filter_dis_49600_2025-08-08_13-49-16_ftg_0.75 - Evaluate/EpOverCost__MIN","test_ppolag_filter_dis_49600_2025-08-08_13-49-16_ftg_0.75 - Evaluate/EpOverCost__MAX","test_ppolag_filter_dis_49600_2025-08-08_13-49-16_ftg_0.7 - _step","test_ppolag_filter_dis_49600_2025-08-08_13-49-16_ftg_0.7 - _step__MIN","test_ppolag_filter_dis_49600_2025-08-08_13-49-16_ftg_0.7 - _step__MAX","test_ppolag_filter_dis_49600_2025-08-08_13-49-16_ftg_0.7 - Evaluate/EpOverCost","test_ppolag_filter_dis_49600_2025-08-08_13-49-16_ftg_0.7 - Evaluate/EpOverCost__MIN","test_ppolag_filter_dis_49600_2025-08-08_13-49-16_ftg_0.7 - Evaluate/EpOverCost__MAX","test_ppolag_filter_dis_49600_2025-08-08_13-49-16_ftg_0.65 - _step","test_ppolag_filter_dis_49600_2025-08-08_13-49-16_ftg_0.65 - _step__MIN","test_ppolag_filter_dis_49600_2025-08-08_13-49-16_ftg_0.65 - _step__MAX","test_ppolag_filter_dis_49600_2025-08-08_13-49-16_ftg_0.65 - Evaluate/EpOverCost","test_ppolag_filter_dis_49600_2025-08-08_13-49-16_ftg_0.65 - Evaluate/EpOverCost__MIN","test_ppolag_filter_dis_49600_2025-08-08_13-49-16_ftg_0.65 - Evaluate/EpOverCost__MAX","test_ppolag_filter_dis_49600_2025-08-08_13-49-16_ftg_0.6 - _step","test_ppolag_filter_dis_49600_2025-08-08_13-49-16_ftg_0.6 - _step__MIN","test_ppolag_filter_dis_49600_2025-08-08_13-49-16_ftg_0.6 - _step__MAX","test_ppolag_filter_dis_49600_2025-08-08_13-49-16_ftg_0.6 - Evaluate/EpOverCost","test_ppolag_filter_dis_49600_2025-08-08_13-49-16_ftg_0.6 - Evaluate/EpOverCost__MIN","test_ppolag_filter_dis_49600_2025-08-08_13-49-16_ftg_0.6 - Evaluate/EpOverCost__MAX","test_ppolag_filter_dis_49600_2025-08-08_13-49-16_ftg_0.55 - _step","test_ppolag_filter_dis_49600_2025-08-08_13-49-16_ftg_0.55 - _step__MIN","test_ppolag_filter_dis_49600_2025-08-08_13-49-16_ftg_0.55 - _step__MAX","test_ppolag_filter_dis_49600_2025-08-08_13-49-16_ftg_0.55 - Evaluate/EpOverCost","test_ppolag_filter_dis_49600_2025-08-08_13-49-16_ftg_0.55 - Evaluate/EpOverCost__MIN","test_ppolag_filter_dis_49600_2025-08-08_13-49-16_ftg_0.55 - Evaluate/EpOverCost__MAX","test_ppolag_filter_dis_49600_2025-08-08_13-49-16_ftg_0.5 - _step","test_ppolag_filter_dis_49600_2025-08-08_13-49-16_ftg_0.5 - _step__MIN","test_ppolag_filter_dis_49600_2025-08-08_13-49-16_ftg_0.5 - _step__MAX","test_ppolag_filter_dis_49600_2025-08-08_13-49-16_ftg_0.5 - Evaluate/EpOverCost","test_ppolag_filter_dis_49600_2025-08-08_13-49-16_ftg_0.5 - Evaluate/EpOverCost__MIN","test_ppolag_filter_dis_49600_2025-08-08_13-49-16_ftg_0.5 - Evaluate/EpOverCost__MAX","test_ppolag_filter_dis_49600_2025-08-08_13-49-16_ftg_0.45 - _step","test_ppolag_filter_dis_49600_2025-08-08_13-49-16_ftg_0.45 - _step__MIN","test_ppolag_filter_dis_49600_2025-08-08_13-49-16_ftg_0.45 - _step__MAX","test_ppolag_filter_dis_49600_2025-08-08_13-49-16_ftg_0.45 - Evaluate/EpOverCost","test_ppolag_filter_dis_49600_2025-08-08_13-49-16_ftg_0.45 - Evaluate/EpOverCost__MIN","test_ppolag_filter_dis_49600_2025-08-08_13-49-16_ftg_0.45 - Evaluate/EpOverCost__MAX","test_ppolag_filter_dis_49600_2025-08-08_13-49-16_ftg_0.4 - _step","test_ppolag_filter_dis_49600_2025-08-08_13-49-16_ftg_0.4 - _step__MIN","test_ppolag_filter_dis_49600_2025-08-08_13-49-16_ftg_0.4 - _step__MAX","test_ppolag_filter_dis_49600_2025-08-08_13-49-16_ftg_0.4 - Evaluate/EpOverCost","test_ppolag_filter_dis_49600_2025-08-08_13-49-16_ftg_0.4 - Evaluate/EpOverCost__MIN","test_ppolag_filter_dis_49600_2025-08-08_13-49-16_ftg_0.4 - Evaluate/EpOverCost__MAX","test_ppolag_filter_dis_49600_2025-08-08_13-49-16_ftg_0.35 - _step","test_ppolag_filter_dis_49600_2025-08-08_13-49-16_ftg_0.35 - _step__MIN","test_ppolag_filter_dis_49600_2025-08-08_13-49-16_ftg_0.35 - _step__MAX","test_ppolag_filter_dis_49600_2025-08-08_13-49-16_ftg_0.35 - Evaluate/EpOverCost","test_ppolag_filter_dis_49600_2025-08-08_13-49-16_ftg_0.35 - Evaluate/EpOverCost__MIN","test_ppolag_filter_dis_49600_2025-08-08_13-49-16_ftg_0.35 - Evaluate/EpOverCost__MAX","test_ppolag_filter_dis_49600_2025-08-08_13-49-16_ftg_0.3 - _step","test_ppolag_filter_dis_49600_2025-08-08_13-49-16_ftg_0.3 - _step__MIN","test_ppolag_filter_dis_49600_2025-08-08_13-49-16_ftg_0.3 - _step__MAX","test_ppolag_filter_dis_49600_2025-08-08_13-49-16_ftg_0.3 - Evaluate/EpOverCost","test_ppolag_filter_dis_49600_2025-08-08_13-49-16_ftg_0.3 - Evaluate/EpOverCost__MIN","test_ppolag_filter_dis_49600_2025-08-08_13-49-16_ftg_0.3 - Evaluate/EpOverCost__MAX","test_ppolag_filter_dis_49600_2025-08-08_13-49-16_ftg_0.25 - _step","test_ppolag_filter_dis_49600_2025-08-08_13-49-16_ftg_0.25 - _step__MIN","test_ppolag_filter_dis_49600_2025-08-08_13-49-16_ftg_0.25 - _step__MAX","test_ppolag_filter_dis_49600_2025-08-08_13-49-16_ftg_0.25 - Evaluate/EpOverCost","test_ppolag_filter_dis_49600_2025-08-08_13-49-16_ftg_0.25 - Evaluate/EpOverCost__MIN","test_ppolag_filter_dis_49600_2025-08-08_13-49-16_ftg_0.25 - Evaluate/EpOverCost__MAX","test_ppolag_filter_dis_49600_2025-08-08_13-49-16_ftg_0.2 - _step","test_ppolag_filter_dis_49600_2025-08-08_13-49-16_ftg_0.2 - _step__MIN","test_ppolag_filter_dis_49600_2025-08-08_13-49-16_ftg_0.2 - _step__MAX","test_ppolag_filter_dis_49600_2025-08-08_13-49-16_ftg_0.2 - Evaluate/EpOverCost","test_ppolag_filter_dis_49600_2025-08-08_13-49-16_ftg_0.2 - Evaluate/EpOverCost__MIN","test_ppolag_filter_dis_49600_2025-08-08_13-49-16_ftg_0.2 - Evaluate/EpOverCost__MAX","test_ppolag_filter_dis_49600_2025-08-08_13-49-16_ftg_0.15 - _step","test_ppolag_filter_dis_49600_2025-08-08_13-49-16_ftg_0.15 - _step__MIN","test_ppolag_filter_dis_49600_2025-08-08_13-49-16_ftg_0.15 - _step__MAX","test_ppolag_filter_dis_49600_2025-08-08_13-49-16_ftg_0.15 - Evaluate/EpOverCost","test_ppolag_filter_dis_49600_2025-08-08_13-49-16_ftg_0.15 - Evaluate/EpOverCost__MIN","test_ppolag_filter_dis_49600_2025-08-08_13-49-16_ftg_0.15 - Evaluate/EpOverCost__MAX","test_ppolag_filter_dis_49600_2025-08-08_13-49-16_ftg_0.1 - _step","test_ppolag_filter_dis_49600_2025-08-08_13-49-16_ftg_0.1 - _step__MIN","test_ppolag_filter_dis_49600_2025-08-08_13-49-16_ftg_0.1 - _step__MAX","test_ppolag_filter_dis_49600_2025-08-08_13-49-16_ftg_0.1 - Evaluate/EpOverCost","test_ppolag_filter_dis_49600_2025-08-08_13-49-16_ftg_0.1 - Evaluate/EpOverCost__MIN","test_ppolag_filter_dis_49600_2025-08-08_13-49-16_ftg_0.1 - Evaluate/EpOverCost__MAX","test_ppolag_filter_dis_49600_2025-08-08_13-49-16_ftg_0.05 - _step","test_ppolag_filter_dis_49600_2025-08-08_13-49-16_ftg_0.05 - _step__MIN","test_ppolag_filter_dis_49600_2025-08-08_13-49-16_ftg_0.05 - _step__MAX","test_ppolag_filter_dis_49600_2025-08-08_13-49-16_ftg_0.05 - Evaluate/EpOverCost","test_ppolag_filter_dis_49600_2025-08-08_13-49-16_ftg_0.05 - Evaluate/EpOverCost__MIN","test_ppolag_filter_dis_49600_2025-08-08_13-49-16_ftg_0.05 - Evaluate/EpOverCost__MAX","test_ppolag_filter_dis_49600_2025-08-08_13-49-16_ftg_0.0 - _step","test_ppolag_filter_dis_49600_2025-08-08_13-49-16_ftg_0.0 - _step__MIN","test_ppolag_filter_dis_49600_2025-08-08_13-49-16_ftg_0.0 - _step__MAX","test_ppolag_filter_dis_49600_2025-08-08_13-49-16_ftg_0.0 - Evaluate/EpOverCost","test_ppolag_filter_dis_49600_2025-08-08_13-49-16_ftg_0.0 - Evaluate/EpOverCost__MIN","test_ppolag_filter_dis_49600_2025-08-08_13-49-16_ftg_0.0 - Evaluate/EpOverCost__MAX","test_rl_filter_49600_2025-07-20_12-17-12_ftg_1.0 - _step","test_rl_filter_49600_2025-07-20_12-17-12_ftg_1.0 - _step__MIN","test_rl_filter_49600_2025-07-20_12-17-12_ftg_1.0 - _step__MAX","test_rl_filter_49600_2025-07-20_12-17-12_ftg_1.0 - Evaluate/EpOverCost","test_rl_filter_49600_2025-07-20_12-17-12_ftg_1.0 - Evaluate/EpOverCost__MIN","test_rl_filter_49600_2025-07-20_12-17-12_ftg_1.0 - Evaluate/EpOverCost__MAX","test_rl_filter_49600_2025-07-20_12-17-12_ftg_0.95 - _step","test_rl_filter_49600_2025-07-20_12-17-12_ftg_0.95 - _step__MIN","test_rl_filter_49600_2025-07-20_12-17-12_ftg_0.95 - _step__MAX","test_rl_filter_49600_2025-07-20_12-17-12_ftg_0.95 - Evaluate/EpOverCost","test_rl_filter_49600_2025-07-20_12-17-12_ftg_0.95 - Evaluate/EpOverCost__MIN","test_rl_filter_49600_2025-07-20_12-17-12_ftg_0.95 - Evaluate/EpOverCost__MAX","test_rl_filter_49600_2025-07-20_12-17-12_ftg_0.9 - _step","test_rl_filter_49600_2025-07-20_12-17-12_ftg_0.9 - _step__MIN","test_rl_filter_49600_2025-07-20_12-17-12_ftg_0.9 - _step__MAX","test_rl_filter_49600_2025-07-20_12-17-12_ftg_0.9 - Evaluate/EpOverCost","test_rl_filter_49600_2025-07-20_12-17-12_ftg_0.9 - Evaluate/EpOverCost__MIN","test_rl_filter_49600_2025-07-20_12-17-12_ftg_0.9 - Evaluate/EpOverCost__MAX","test_rl_filter_49600_2025-07-20_12-17-12_ftg_0.85 - _step","test_rl_filter_49600_2025-07-20_12-17-12_ftg_0.85 - _step__MIN","test_rl_filter_49600_2025-07-20_12-17-12_ftg_0.85 - _step__MAX","test_rl_filter_49600_2025-07-20_12-17-12_ftg_0.85 - Evaluate/EpOverCost","test_rl_filter_49600_2025-07-20_12-17-12_ftg_0.85 - Evaluate/EpOverCost__MIN","test_rl_filter_49600_2025-07-20_12-17-12_ftg_0.85 - Evaluate/EpOverCost__MAX","test_rl_filter_49600_2025-07-20_12-17-12_ftg_0.8 - _step","test_rl_filter_49600_2025-07-20_12-17-12_ftg_0.8 - _step__MIN","test_rl_filter_49600_2025-07-20_12-17-12_ftg_0.8 - _step__MAX","test_rl_filter_49600_2025-07-20_12-17-12_ftg_0.8 - Evaluate/EpOverCost","test_rl_filter_49600_2025-07-20_12-17-12_ftg_0.8 - Evaluate/EpOverCost__MIN","test_rl_filter_49600_2025-07-20_12-17-12_ftg_0.8 - Evaluate/EpOverCost__MAX","test_rl_filter_49600_2025-07-20_12-17-12_ftg_0.75 - _step","test_rl_filter_49600_2025-07-20_12-17-12_ftg_0.75 - _step__MIN","test_rl_filter_49600_2025-07-20_12-17-12_ftg_0.75 - _step__MAX","test_rl_filter_49600_2025-07-20_12-17-12_ftg_0.75 - Evaluate/EpOverCost","test_rl_filter_49600_2025-07-20_12-17-12_ftg_0.75 - Evaluate/EpOverCost__MIN","test_rl_filter_49600_2025-07-20_12-17-12_ftg_0.75 - Evaluate/EpOverCost__MAX","test_rl_filter_49600_2025-07-20_12-17-12_ftg_0.7 - _step","test_rl_filter_49600_2025-07-20_12-17-12_ftg_0.7 - _step__MIN","test_rl_filter_49600_2025-07-20_12-17-12_ftg_0.7 - _step__MAX","test_rl_filter_49600_2025-07-20_12-17-12_ftg_0.7 - Evaluate/EpOverCost","test_rl_filter_49600_2025-07-20_12-17-12_ftg_0.7 - Evaluate/EpOverCost__MIN","test_rl_filter_49600_2025-07-20_12-17-12_ftg_0.7 - Evaluate/EpOverCost__MAX","test_rl_filter_49600_2025-07-20_12-17-12_ftg_0.65 - _step","test_rl_filter_49600_2025-07-20_12-17-12_ftg_0.65 - _step__MIN","test_rl_filter_49600_2025-07-20_12-17-12_ftg_0.65 - _step__MAX","test_rl_filter_49600_2025-07-20_12-17-12_ftg_0.65 - Evaluate/EpOverCost","test_rl_filter_49600_2025-07-20_12-17-12_ftg_0.65 - Evaluate/EpOverCost__MIN","test_rl_filter_49600_2025-07-20_12-17-12_ftg_0.65 - Evaluate/EpOverCost__MAX","test_rl_filter_49600_2025-07-20_12-17-12_ftg_0.6 - _step","test_rl_filter_49600_2025-07-20_12-17-12_ftg_0.6 - _step__MIN","test_rl_filter_49600_2025-07-20_12-17-12_ftg_0.6 - _step__MAX","test_rl_filter_49600_2025-07-20_12-17-12_ftg_0.6 - Evaluate/EpOverCost","test_rl_filter_49600_2025-07-20_12-17-12_ftg_0.6 - Evaluate/EpOverCost__MIN","test_rl_filter_49600_2025-07-20_12-17-12_ftg_0.6 - Evaluate/EpOverCost__MAX","test_rl_filter_49600_2025-07-20_12-17-12_ftg_0.55 - _step","test_rl_filter_49600_2025-07-20_12-17-12_ftg_0.55 - _step__MIN","test_rl_filter_49600_2025-07-20_12-17-12_ftg_0.55 - _step__MAX","test_rl_filter_49600_2025-07-20_12-17-12_ftg_0.55 - Evaluate/EpOverCost","test_rl_filter_49600_2025-07-20_12-17-12_ftg_0.55 - Evaluate/EpOverCost__MIN","test_rl_filter_49600_2025-07-20_12-17-12_ftg_0.55 - Evaluate/EpOverCost__MAX","test_rl_filter_49600_2025-07-20_12-17-12_ftg_0.5 - _step","test_rl_filter_49600_2025-07-20_12-17-12_ftg_0.5 - _step__MIN","test_rl_filter_49600_2025-07-20_12-17-12_ftg_0.5 - _step__MAX","test_rl_filter_49600_2025-07-20_12-17-12_ftg_0.5 - Evaluate/EpOverCost","test_rl_filter_49600_2025-07-20_12-17-12_ftg_0.5 - Evaluate/EpOverCost__MIN","test_rl_filter_49600_2025-07-20_12-17-12_ftg_0.5 - Evaluate/EpOverCost__MAX","test_rl_filter_49600_2025-07-20_12-17-12_ftg_0.45 - _step","test_rl_filter_49600_2025-07-20_12-17-12_ftg_0.45 - _step__MIN","test_rl_filter_49600_2025-07-20_12-17-12_ftg_0.45 - _step__MAX","test_rl_filter_49600_2025-07-20_12-17-12_ftg_0.45 - Evaluate/EpOverCost","test_rl_filter_49600_2025-07-20_12-17-12_ftg_0.45 - Evaluate/EpOverCost__MIN","test_rl_filter_49600_2025-07-20_12-17-12_ftg_0.45 - Evaluate/EpOverCost__MAX","test_rl_filter_49600_2025-07-20_12-17-12_ftg_0.4 - _step","test_rl_filter_49600_2025-07-20_12-17-12_ftg_0.4 - _step__MIN","test_rl_filter_49600_2025-07-20_12-17-12_ftg_0.4 - _step__MAX","test_rl_filter_49600_2025-07-20_12-17-12_ftg_0.4 - Evaluate/EpOverCost","test_rl_filter_49600_2025-07-20_12-17-12_ftg_0.4 - Evaluate/EpOverCost__MIN","test_rl_filter_49600_2025-07-20_12-17-12_ftg_0.4 - Evaluate/EpOverCost__MAX","test_rl_filter_49600_2025-07-20_12-17-12_ftg_0.35 - _step","test_rl_filter_49600_2025-07-20_12-17-12_ftg_0.35 - _step__MIN","test_rl_filter_49600_2025-07-20_12-17-12_ftg_0.35 - _step__MAX","test_rl_filter_49600_2025-07-20_12-17-12_ftg_0.35 - Evaluate/EpOverCost","test_rl_filter_49600_2025-07-20_12-17-12_ftg_0.35 - Evaluate/EpOverCost__MIN","test_rl_filter_49600_2025-07-20_12-17-12_ftg_0.35 - Evaluate/EpOverCost__MAX","test_rl_filter_49600_2025-07-20_12-17-12_ftg_0.3 - _step","test_rl_filter_49600_2025-07-20_12-17-12_ftg_0.3 - _step__MIN","test_rl_filter_49600_2025-07-20_12-17-12_ftg_0.3 - _step__MAX","test_rl_filter_49600_2025-07-20_12-17-12_ftg_0.3 - Evaluate/EpOverCost","test_rl_filter_49600_2025-07-20_12-17-12_ftg_0.3 - Evaluate/EpOverCost__MIN","test_rl_filter_49600_2025-07-20_12-17-12_ftg_0.3 - Evaluate/EpOverCost__MAX","test_rl_filter_49600_2025-07-20_12-17-12_ftg_0.25 - _step","test_rl_filter_49600_2025-07-20_12-17-12_ftg_0.25 - _step__MIN","test_rl_filter_49600_2025-07-20_12-17-12_ftg_0.25 - _step__MAX","test_rl_filter_49600_2025-07-20_12-17-12_ftg_0.25 - Evaluate/EpOverCost","test_rl_filter_49600_2025-07-20_12-17-12_ftg_0.25 - Evaluate/EpOverCost__MIN","test_rl_filter_49600_2025-07-20_12-17-12_ftg_0.25 - Evaluate/EpOverCost__MAX","test_rl_filter_49600_2025-07-20_12-17-12_ftg_0.2 - _step","test_rl_filter_49600_2025-07-20_12-17-12_ftg_0.2 - _step__MIN","test_rl_filter_49600_2025-07-20_12-17-12_ftg_0.2 - _step__MAX","test_rl_filter_49600_2025-07-20_12-17-12_ftg_0.2 - Evaluate/EpOverCost","test_rl_filter_49600_2025-07-20_12-17-12_ftg_0.2 - Evaluate/EpOverCost__MIN","test_rl_filter_49600_2025-07-20_12-17-12_ftg_0.2 - Evaluate/EpOverCost__MAX","test_rl_filter_49600_2025-07-20_12-17-12_ftg_0.15 - _step","test_rl_filter_49600_2025-07-20_12-17-12_ftg_0.15 - _step__MIN","test_rl_filter_49600_2025-07-20_12-17-12_ftg_0.15 - _step__MAX","test_rl_filter_49600_2025-07-20_12-17-12_ftg_0.15 - Evaluate/EpOverCost","test_rl_filter_49600_2025-07-20_12-17-12_ftg_0.15 - Evaluate/EpOverCost__MIN","test_rl_filter_49600_2025-07-20_12-17-12_ftg_0.15 - Evaluate/EpOverCost__MAX","test_rl_filter_49600_2025-07-20_12-17-12_ftg_0.1 - _step","test_rl_filter_49600_2025-07-20_12-17-12_ftg_0.1 - _step__MIN","test_rl_filter_49600_2025-07-20_12-17-12_ftg_0.1 - _step__MAX","test_rl_filter_49600_2025-07-20_12-17-12_ftg_0.1 - Evaluate/EpOverCost","test_rl_filter_49600_2025-07-20_12-17-12_ftg_0.1 - Evaluate/EpOverCost__MIN","test_rl_filter_49600_2025-07-20_12-17-12_ftg_0.1 - Evaluate/EpOverCost__MAX","test_rl_filter_49600_2025-07-20_12-17-12_ftg_0.05 - _step","test_rl_filter_49600_2025-07-20_12-17-12_ftg_0.05 - _step__MIN","test_rl_filter_49600_2025-07-20_12-17-12_ftg_0.05 - _step__MAX","test_rl_filter_49600_2025-07-20_12-17-12_ftg_0.05 - Evaluate/EpOverCost","test_rl_filter_49600_2025-07-20_12-17-12_ftg_0.05 - Evaluate/EpOverCost__MIN","test_rl_filter_49600_2025-07-20_12-17-12_ftg_0.05 - Evaluate/EpOverCost__MAX","test_rl_filter_49600_2025-07-20_12-17-12_ftg_0.0 - _step","test_rl_filter_49600_2025-07-20_12-17-12_ftg_0.0 - _step__MIN","test_rl_filter_49600_2025-07-20_12-17-12_ftg_0.0 - _step__MAX","test_rl_filter_49600_2025-07-20_12-17-12_ftg_0.0 - Evaluate/EpOverCost","test_rl_filter_49600_2025-07-20_12-17-12_ftg_0.0 - Evaluate/EpOverCost__MIN","test_rl_filter_49600_2025-07-20_12-17-12_ftg_0.0 - Evaluate/EpOverCost__MAX"
"0","4","4","4","0","0","0","6","6","6","2","2","2","20","20","20","16","16","16","27","27","27","23","23","23","30","30","30","26","26","26","32","32","32","28","28","28","32","32","32","28","28","28","32","32","32","28","28","28","33","33","33","29","29","29","34","34","34","30","30","30","34","34","34","30","30","30","34","34","34","30","30","30","34","34","34","30","30","30","34","34","34","30","30","30","35","35","35","31","31","31","35","35","35","31","31","31","35","35","35","31","31","31","35","35","35","31","31","31","35","35","35","31","31","31","35","35","35","31","31","31","35","35","35","31","31","31","3","3","3","0","0","0","3","3","3","0","0","0","3","3","3","0","0","0","4","4","4","1","1","1","5","5","5","2","2","2","4","4","4","1","1","1","4","4","4","1","1","1","5","5","5","2","2","2","5","5","5","2","2","2","4","4","4","1","1","1","3","3","3","0","0","0","3","3","3","0","0","0","3","3","3","0","0","0","3","3","3","0","0","0","3","3","3","0","0","0","3","3","3","0","0","0","3","3","3","0","0","0","3","3","3","0","0","0","3","3","3","0","0","0","3","3","3","0","0","0","4","4","4","1","1","1"
"1","10","10","10","0","0","0","12","12","12","0","0","0","29","29","29","3","3","3","48","48","48","15","15","15","59","59","59","23","23","23","62","62","62","24","24","24","65","65","65","27","27","27","65","65","65","27","27","27","67","67","67","28","28","28","68","68","68","28","28","28","69","69","69","29","29","29","70","70","70","30","30","30","70","70","70","30","30","30","70","70","70","30","30","30","71","71","71","30","30","30","72","72","72","31","31","31","72","72","72","31","31","31","72","72","72","31","31","31","72","72","72","31","31","31","72","72","72","31","31","31","72","72","72","31","31","31","8","8","8","0","0","0","8","8","8","0","0","0","8","8","8","0","0","0","9","9","9","0","0","0","10","10","10","0","0","0","11","11","11","2","2","2","12","12","12","3","3","3","12","12","12","2","2","2","11","11","11","1","1","1","10","10","10","1","1","1","10","10","10","2","2","2","10","10","10","2","2","2","9","9","9","1","1","1","9","9","9","1","1","1","8","8","8","0","0","0","9","9","9","1","1","1","8","8","8","0","0","0","8","8","8","0","0","0","8","8","8","0","0","0","8","8","8","0","0","0","10","10","10","1","1","1"
"2","16","16","16","0","0","0","18","18","18","0","0","0","38","38","38","3","3","3","68","68","68","14","14","14","88","88","88","23","23","23","92","92","92","24","24","24","98","98","98","27","27","27","98","98","98","27","27","27","101","101","101","28","28","28","102","102","102","28","28","28","103","103","103","28","28","28","106","106","106","30","30","30","106","106","106","30","30","30","106","106","106","30","30","30","107","107","107","30","30","30","109","109","109","31","31","31","109","109","109","31","31","31","109","109","109","31","31","31","109","109","109","31","31","31","109","109","109","31","31","31","109","109","109","31","31","31","13","13","13","0","0","0","13","13","13","0","0","0","13","13","13","0","0","0","14","14","14","0","0","0","15","15","15","0","0","0","18","18","18","2","2","2","18","18","18","1","1","1","19","19","19","2","2","2","17","17","17","1","1","1","16","16","16","1","1","1","17","17","17","2","2","2","16","16","16","1","1","1","16","16","16","2","2","2","15","15","15","1","1","1","13","13","13","0","0","0","14","14","14","0","0","0","13","13","13","0","0","0","13","13","13","0","0","0","13","13","13","0","0","0","13","13","13","0","0","0","16","16","16","1","1","1"
"3","22","22","22","0","0","0","28","28","28","4","4","4","60","60","60","16","16","16","98","98","98","24","24","24","120","120","120","26","26","26","126","126","126","28","28","28","132","132","132","28","28","28","132","132","132","28","28","28","137","137","137","30","30","30","138","138","138","30","30","30","139","139","139","30","30","30","142","142","142","30","30","30","142","142","142","30","30","30","143","143","143","31","31","31","144","144","144","31","31","31","146","146","146","31","31","31","146","146","146","31","31","31","146","146","146","31","31","31","146","146","146","31","31","31","146","146","146","31","31","31","146","146","146","31","31","31","18","18","18","0","0","0","18","18","18","0","0","0","18","18","18","0","0","0","21","21","21","2","2","2","22","22","22","2","2","2","25","25","25","2","2","2","24","24","24","1","1","1","27","27","27","3","3","3","24","24","24","2","2","2","22","22","22","1","1","1","22","22","22","0","0","0","21","21","21","0","0","0","21","21","21","0","0","0","20","20","20","0","0","0","18","18","18","0","0","0","19","19","19","0","0","0","18","18","18","0","0","0","18","18","18","0","0","0","18","18","18","0","0","0","18","18","18","0","0","0","22","22","22","1","1","1"
"4","28","28","28","0","0","0","35","35","35","1","1","1","78","78","78","12","12","12","124","124","124","20","20","20","151","151","151","25","25","25","159","159","159","27","27","27","166","166","166","28","28","28","166","166","166","28","28","28","171","171","171","28","28","28","174","174","174","30","30","30","175","175","175","30","30","30","178","178","178","30","30","30","178","178","178","30","30","30","179","179","179","30","30","30","181","181","181","31","31","31","183","183","183","31","31","31","183","183","183","31","31","31","183","183","183","31","31","31","183","183","183","31","31","31","183","183","183","31","31","31","183","183","183","31","31","31","23","23","23","0","0","0","23","23","23","0","0","0","23","23","23","0","0","0","27","27","27","1","1","1","29","29","29","2","2","2","32","32","32","2","2","2","31","31","31","2","2","2","33","33","33","1","1","1","31","31","31","2","2","2","29","29","29","2","2","2","28","28","28","1","1","1","27","27","27","1","1","1","26","26","26","0","0","0","25","25","25","0","0","0","23","23","23","0","0","0","24","24","24","0","0","0","23","23","23","0","0","0","23","23","23","0","0","0","23","23","23","0","0","0","23","23","23","0","0","0","28","28","28","1","1","1"
"5","34","34","34","0","0","0","41","41","41","0","0","0","87","87","87","3","3","3","144","144","144","14","14","14","179","179","179","22","22","22","189","189","189","24","24","24","199","199","199","27","27","27","199","199","199","27","27","27","205","205","205","28","28","28","208","208","208","28","28","28","210","210","210","29","29","29","214","214","214","30","30","30","214","214","214","30","30","30","215","215","215","30","30","30","217","217","217","30","30","30","220","220","220","31","31","31","220","220","220","31","31","31","220","220","220","31","31","31","220","220","220","31","31","31","220","220","220","31","31","31","220","220","220","31","31","31","28","28","28","0","0","0","28","28","28","0","0","0","28","28","28","0","0","0","32","32","32","0","0","0","34","34","34","0","0","0","39","39","39","2","2","2","38","38","38","2","2","2","40","40","40","2","2","2","37","37","37","1","1","1","36","36","36","2","2","2","35","35","35","2","2","2","33","33","33","1","1","1","32","32","32","1","1","1","30","30","30","0","0","0","29","29","29","1","1","1","29","29","29","0","0","0","28","28","28","0","0","0","28","28","28","0","0","0","28","28","28","0","0","0","28","28","28","0","0","0","34","34","34","1","1","1"
"6","40","40","40","0","0","0","47","47","47","0","0","0","96","96","96","3","3","3","164","164","164","14","14","14","207","207","207","22","22","22","219","219","219","24","24","24","232","232","232","27","27","27","232","232","232","27","27","27","239","239","239","28","28","28","242","242","242","28","28","28","244","244","244","28","28","28","249","249","249","29","29","29","250","250","250","30","30","30","251","251","251","30","30","30","253","253","253","30","30","30","257","257","257","31","31","31","257","257","257","31","31","31","257","257","257","31","31","31","257","257","257","31","31","31","257","257","257","31","31","31","257","257","257","31","31","31","33","33","33","0","0","0","33","33","33","0","0","0","33","33","33","0","0","0","37","37","37","0","0","0","39","39","39","0","0","0","46","46","46","2","2","2","45","45","45","2","2","2","47","47","47","2","2","2","43","43","43","1","1","1","42","42","42","1","1","1","42","42","42","2","2","2","39","39","39","1","1","1","38","38","38","1","1","1","35","35","35","0","0","0","34","34","34","0","0","0","34","34","34","0","0","0","33","33","33","0","0","0","33","33","33","0","0","0","33","33","33","0","0","0","33","33","33","0","0","0","40","40","40","1","1","1"
"7","46","46","46","0","0","0","53","53","53","0","0","0","105","105","105","3","3","3","185","185","185","15","15","15","235","235","235","22","22","22","249","249","249","24","24","24","265","265","265","27","27","27","265","265","265","27","27","27","273","273","273","28","28","28","276","276","276","28","28","28","278","278","278","28","28","28","285","285","285","30","30","30","286","286","286","30","30","30","287","287","287","30","30","30","289","289","289","30","30","30","293","293","293","30","30","30","294","294","294","31","31","31","294","294","294","31","31","31","294","294","294","31","31","31","294","294","294","31","31","31","294","294","294","31","31","31","38","38","38","0","0","0","38","38","38","0","0","0","38","38","38","0","0","0","42","42","42","0","0","0","44","44","44","0","0","0","53","53","53","2","2","2","52","52","52","2","2","2","54","54","54","2","2","2","49","49","49","1","1","1","48","48","48","1","1","1","49","49","49","2","2","2","45","45","45","1","1","1","44","44","44","1","1","1","40","40","40","0","0","0","40","40","40","1","1","1","39","39","39","0","0","0","38","38","38","0","0","0","38","38","38","0","0","0","38","38","38","0","0","0","38","38","38","0","0","0","46","46","46","1","1","1"
"8","52","52","52","0","0","0","61","61","61","2","2","2","127","127","127","16","16","16","215","215","215","24","24","24","267","267","267","26","26","26","283","283","283","28","28","28","299","299","299","28","28","28","299","299","299","28","28","28","309","309","309","30","30","30","312","312","312","30","30","30","314","314","314","30","30","30","321","321","321","30","30","30","322","322","322","30","30","30","324","324","324","31","31","31","326","326","326","31","31","31","330","330","330","31","31","31","331","331","331","31","31","31","331","331","331","31","31","31","331","331","331","31","31","31","331","331","331","31","31","31","331","331","331","31","31","31","43","43","43","0","0","0","43","43","43","0","0","0","43","43","43","0","0","0","48","48","48","1","1","1","51","51","51","2","2","2","59","59","59","1","1","1","58","58","58","1","1","1","62","62","62","3","3","3","56","56","56","2","2","2","56","56","56","3","3","3","55","55","55","1","1","1","50","50","50","0","0","0","49","49","49","0","0","0","45","45","45","0","0","0","46","46","46","1","1","1","44","44","44","0","0","0","43","43","43","0","0","0","43","43","43","0","0","0","43","43","43","0","0","0","43","43","43","0","0","0","52","52","52","1","1","1"
"9","58","58","58","0","0","0","67","67","67","0","0","0","136","136","136","3","3","3","236","236","236","15","15","15","296","296","296","23","23","23","313","313","313","24","24","24","332","332","332","27","27","27","332","332","332","27","27","27","343","343","343","28","28","28","346","346","346","28","28","28","349","349","349","29","29","29","357","357","357","30","30","30","358","358","358","30","30","30","360","360","360","30","30","30","362","362","362","30","30","30","367","367","367","31","31","31","368","368","368","31","31","31","368","368","368","31","31","31","368","368","368","31","31","31","368","368","368","31","31","31","368","368","368","31","31","31","48","48","48","0","0","0","48","48","48","0","0","0","48","48","48","0","0","0","53","53","53","0","0","0","56","56","56","0","0","0","67","67","67","3","3","3","65","65","65","2","2","2","69","69","69","2","2","2","62","62","62","1","1","1","62","62","62","1","1","1","62","62","62","2","2","2","56","56","56","1","1","1","55","55","55","1","1","1","50","50","50","0","0","0","51","51","51","0","0","0","49","49","49","0","0","0","48","48","48","0","0","0","48","48","48","0","0","0","48","48","48","0","0","0","48","48","48","0","0","0","58","58","58","1","1","1"
"10","64","64","64","0","0","0","82","82","82","9","9","9","162","162","162","20","20","20","267","267","267","25","25","25","328","328","328","26","26","26","347","347","347","28","28","28","366","366","366","28","28","28","367","367","367","29","29","29","379","379","379","30","30","30","382","382","382","30","30","30","385","385","385","30","30","30","393","393","393","30","30","30","394","394","394","30","30","30","397","397","397","31","31","31","399","399","399","31","31","31","404","404","404","31","31","31","405","405","405","31","31","31","405","405","405","31","31","31","405","405","405","31","31","31","405","405","405","31","31","31","405","405","405","31","31","31","53","53","53","0","0","0","53","53","53","0","0","0","53","53","53","0","0","0","58","58","58","0","0","0","61","61","61","0","0","0","72","72","72","0","0","0","70","70","70","0","0","0","75","75","75","1","1","1","67","67","67","0","0","0","67","67","67","0","0","0","68","68","68","1","1","1","61","61","61","0","0","0","61","61","61","1","1","1","55","55","55","0","0","0","56","56","56","0","0","0","54","54","54","0","0","0","53","53","53","0","0","0","53","53","53","0","0","0","53","53","53","0","0","0","53","53","53","0","0","0","64","64","64","1","1","1"
"11","70","70","70","0","0","0","95","95","95","7","7","7","189","189","189","21","21","21","298","298","298","25","25","25","361","361","361","27","27","27","381","381","381","28","28","28","400","400","400","28","28","28","402","402","402","29","29","29","415","415","415","30","30","30","418","418","418","30","30","30","421","421","421","30","30","30","429","429","429","30","30","30","430","430","430","30","30","30","434","434","434","31","31","31","436","436","436","31","31","31","441","441","441","31","31","31","442","442","442","31","31","31","442","442","442","31","31","31","442","442","442","31","31","31","442","442","442","31","31","31","442","442","442","31","31","31","58","58","58","0","0","0","58","58","58","0","0","0","58","58","58","0","0","0","63","63","63","0","0","0","66","66","66","0","0","0","77","77","77","0","0","0","75","75","75","0","0","0","81","81","81","1","1","1","73","73","73","1","1","1","73","73","73","1","1","1","74","74","74","1","1","1","66","66","66","0","0","0","66","66","66","0","0","0","60","60","60","0","0","0","61","61","61","0","0","0","59","59","59","0","0","0","58","58","58","0","0","0","58","58","58","0","0","0","58","58","58","0","0","0","58","58","58","0","0","0","70","70","70","1","1","1"
"12","76","76","76","0","0","0","108","108","108","7","7","7","215","215","215","20","20","20","329","329","329","25","25","25","393","393","393","26","26","26","415","415","415","28","28","28","434","434","434","28","28","28","436","436","436","28","28","28","451","451","451","30","30","30","454","454","454","30","30","30","457","457","457","30","30","30","465","465","465","30","30","30","466","466","466","30","30","30","471","471","471","31","31","31","473","473","473","31","31","31","478","478","478","31","31","31","479","479","479","31","31","31","479","479","479","31","31","31","479","479","479","31","31","31","479","479","479","31","31","31","479","479","479","31","31","31","63","63","63","0","0","0","63","63","63","0","0","0","63","63","63","0","0","0","68","68","68","0","0","0","71","71","71","0","0","0","83","83","83","1","1","1","80","80","80","0","0","0","87","87","87","1","1","1","78","78","78","0","0","0","80","80","80","2","2","2","79","79","79","0","0","0","71","71","71","0","0","0","71","71","71","0","0","0","65","65","65","0","0","0","66","66","66","0","0","0","64","64","64","0","0","0","63","63","63","0","0","0","63","63","63","0","0","0","63","63","63","0","0","0","63","63","63","0","0","0","76","76","76","1","1","1"
"13","82","82","82","0","0","0","117","117","117","3","3","3","233","233","233","12","12","12","356","356","356","21","21","21","421","421","421","22","22","22","446","446","446","25","25","25","467","467","467","27","27","27","469","469","469","27","27","27","485","485","485","28","28","28","488","488","488","28","28","28","492","492","492","29","29","29","501","501","501","30","30","30","502","502","502","30","30","30","507","507","507","30","30","30","509","509","509","30","30","30","515","515","515","31","31","31","516","516","516","31","31","31","516","516","516","31","31","31","516","516","516","31","31","31","516","516","516","31","31","31","516","516","516","31","31","31","68","68","68","0","0","0","68","68","68","0","0","0","68","68","68","0","0","0","73","73","73","0","0","0","76","76","76","0","0","0","88","88","88","0","0","0","85","85","85","0","0","0","92","92","92","0","0","0","83","83","83","0","0","0","85","85","85","0","0","0","84","84","84","0","0","0","77","77","77","1","1","1","77","77","77","1","1","1","70","70","70","0","0","0","71","71","71","0","0","0","70","70","70","1","1","1","69","69","69","1","1","1","68","68","68","0","0","0","68","68","68","0","0","0","68","68","68","0","0","0","82","82","82","1","1","1"
"14","88","88","88","0","0","0","129","129","129","6","6","6","261","261","261","22","22","22","387","387","387","25","25","25","453","453","453","26","26","26","480","480","480","28","28","28","501","501","501","28","28","28","504","504","504","29","29","29","521","521","521","30","30","30","524","524","524","30","30","30","528","528","528","30","30","30","537","537","537","30","30","30","538","538","538","30","30","30","544","544","544","31","31","31","546","546","546","31","31","31","552","552","552","31","31","31","553","553","553","31","31","31","553","553","553","31","31","31","553","553","553","31","31","31","553","553","553","31","31","31","553","553","553","31","31","31","73","73","73","0","0","0","73","73","73","0","0","0","73","73","73","0","0","0","78","78","78","0","0","0","81","81","81","0","0","0","94","94","94","1","1","1","90","90","90","0","0","0","97","97","97","0","0","0","89","89","89","1","1","1","91","91","91","1","1","1","90","90","90","1","1","1","82","82","82","0","0","0","83","83","83","1","1","1","75","75","75","0","0","0","76","76","76","0","0","0","75","75","75","0","0","0","74","74","74","0","0","0","73","73","73","0","0","0","73","73","73","0","0","0","73","73","73","0","0","0","88","88","88","1","1","1"
"15","94","94","94","0","0","0","141","141","141","6","6","6","284","284","284","17","17","17","415","415","415","22","22","22","485","485","485","26","26","26","513","513","513","27","27","27","535","535","535","28","28","28","538","538","538","28","28","28","555","555","555","28","28","28","559","559","559","29","29","29","564","564","564","30","30","30","573","573","573","30","30","30","574","574","574","30","30","30","580","580","580","30","30","30","583","583","583","31","31","31","589","589","589","31","31","31","590","590","590","31","31","31","590","590","590","31","31","31","590","590","590","31","31","31","590","590","590","31","31","31","590","590","590","31","31","31","78","78","78","0","0","0","78","78","78","0","0","0","78","78","78","0","0","0","83","83","83","0","0","0","86","86","86","0","0","0","99","99","99","0","0","0","96","96","96","1","1","1","102","102","102","0","0","0","94","94","94","0","0","0","97","97","97","1","1","1","97","97","97","2","2","2","88","88","88","1","1","1","88","88","88","0","0","0","80","80","80","0","0","0","81","81","81","0","0","0","80","80","80","0","0","0","79","79","79","0","0","0","78","78","78","0","0","0","78","78","78","0","0","0","78","78","78","0","0","0","94","94","94","1","1","1"
"16","100","100","100","0","0","0","149","149","149","2","2","2","302","302","302","12","12","12","442","442","442","21","21","21","513","513","513","22","22","22","544","544","544","25","25","25","568","568","568","27","27","27","571","571","571","27","27","27","589","589","589","28","28","28","593","593","593","28","28","28","599","599","599","29","29","29","609","609","609","30","30","30","610","610","610","30","30","30","616","616","616","30","30","30","619","619","619","30","30","30","626","626","626","31","31","31","627","627","627","31","31","31","627","627","627","31","31","31","627","627","627","31","31","31","627","627","627","31","31","31","627","627","627","31","31","31","83","83","83","0","0","0","83","83","83","0","0","0","83","83","83","0","0","0","88","88","88","0","0","0","91","91","91","0","0","0","104","104","104","0","0","0","101","101","101","0","0","0","107","107","107","0","0","0","99","99","99","0","0","0","102","102","102","0","0","0","102","102","102","0","0","0","93","93","93","0","0","0","94","94","94","1","1","1","85","85","85","0","0","0","86","86","86","0","0","0","85","85","85","0","0","0","84","84","84","0","0","0","83","83","83","0","0","0","83","83","83","0","0","0","84","84","84","1","1","1","100","100","100","1","1","1"
"17","106","106","106","0","0","0","157","157","157","2","2","2","322","322","322","14","14","14","469","469","469","21","21","21","541","541","541","22","22","22","575","575","575","25","25","25","601","601","601","27","27","27","604","604","604","27","27","27","623","623","623","28","28","28","627","627","627","28","28","28","634","634","634","29","29","29","645","645","645","30","30","30","646","646","646","30","30","30","652","652","652","30","30","30","655","655","655","30","30","30","663","663","663","31","31","31","664","664","664","31","31","31","664","664","664","31","31","31","664","664","664","31","31","31","664","664","664","31","31","31","664","664","664","31","31","31","88","88","88","0","0","0","88","88","88","0","0","0","88","88","88","0","0","0","93","93","93","0","0","0","96","96","96","0","0","0","109","109","109","0","0","0","106","106","106","0","0","0","112","112","112","0","0","0","104","104","104","0","0","0","108","108","108","1","1","1","108","108","108","1","1","1","99","99","99","1","1","1","100","100","100","1","1","1","90","90","90","0","0","0","91","91","91","0","0","0","91","91","91","1","1","1","89","89","89","0","0","0","88","88","88","0","0","0","88","88","88","0","0","0","89","89","89","0","0","0","106","106","106","1","1","1"
"18","112","112","112","0","0","0","165","165","165","2","2","2","340","340","340","12","12","12","496","496","496","21","21","21","569","569","569","22","22","22","606","606","606","25","25","25","634","634","634","27","27","27","637","637","637","27","27","27","657","657","657","28","28","28","661","661","661","28","28","28","669","669","669","29","29","29","681","681","681","30","30","30","682","682","682","30","30","30","688","688","688","30","30","30","691","691","691","30","30","30","700","700","700","31","31","31","701","701","701","31","31","31","701","701","701","31","31","31","701","701","701","31","31","31","701","701","701","31","31","31","701","701","701","31","31","31","93","93","93","0","0","0","93","93","93","0","0","0","93","93","93","0","0","0","98","98","98","0","0","0","101","101","101","0","0","0","115","115","115","1","1","1","111","111","111","0","0","0","118","118","118","1","1","1","109","109","109","0","0","0","114","114","114","1","1","1","115","115","115","2","2","2","105","105","105","1","1","1","105","105","105","0","0","0","95","95","95","0","0","0","96","96","96","0","0","0","96","96","96","0","0","0","94","94","94","0","0","0","93","93","93","0","0","0","93","93","93","0","0","0","94","94","94","0","0","0","112","112","112","1","1","1"
"19","118","118","118","0","0","0","173","173","173","2","2","2","360","360","360","14","14","14","523","523","523","21","21","21","596","596","596","21","21","21","637","637","637","25","25","25","667","667","667","27","27","27","670","670","670","27","27","27","691","691","691","28","28","28","695","695","695","28","28","28","703","703","703","28","28","28","716","716","716","29","29","29","718","718","718","30","30","30","724","724","724","30","30","30","727","727","727","30","30","30","737","737","737","31","31","31","738","738","738","31","31","31","738","738","738","31","31","31","738","738","738","31","31","31","738","738","738","31","31","31","738","738","738","31","31","31","98","98","98","0","0","0","98","98","98","0","0","0","98","98","98","0","0","0","103","103","103","0","0","0","106","106","106","0","0","0","120","120","120","0","0","0","116","116","116","0","0","0","123","123","123","0","0","0","114","114","114","0","0","0","119","119","119","0","0","0","120","120","120","0","0","0","110","110","110","0","0","0","111","111","111","1","1","1","100","100","100","0","0","0","101","101","101","0","0","0","101","101","101","0","0","0","99","99","99","0","0","0","98","98","98","0","0","0","98","98","98","0","0","0","99","99","99","0","0","0","118","118","118","1","1","1"
"20","124","124","124","0","0","0","181","181","181","2","2","2","380","380","380","14","14","14","550","550","550","21","21","21","624","624","624","22","22","22","668","668","668","25","25","25","700","700","700","27","27","27","703","703","703","27","27","27","725","725","725","28","28","28","729","729","729","28","28","28","737","737","737","28","28","28","751","751","751","29","29","29","754","754","754","30","30","30","760","760","760","30","30","30","763","763","763","30","30","30","774","774","774","31","31","31","775","775","775","31","31","31","775","775","775","31","31","31","775","775","775","31","31","31","775","775","775","31","31","31","775","775","775","31","31","31","103","103","103","0","0","0","103","103","103","0","0","0","103","103","103","0","0","0","108","108","108","0","0","0","111","111","111","0","0","0","125","125","125","0","0","0","121","121","121","0","0","0","128","128","128","0","0","0","119","119","119","0","0","0","124","124","124","0","0","0","125","125","125","0","0","0","116","116","116","1","1","1","117","117","117","1","1","1","105","105","105","0","0","0","106","106","106","0","0","0","106","106","106","0","0","0","104","104","104","0","0","0","103","103","103","0","0","0","103","103","103","0","0","0","105","105","105","1","1","1","124","124","124","1","1","1"
"21","130","130","130","0","0","0","196","196","196","9","9","9","408","408","408","22","22","22","581","581","581","25","25","25","657","657","657","27","27","27","702","702","702","28","28","28","734","734","734","28","28","28","738","738","738","29","29","29","761","761","761","30","30","30","765","765","765","30","30","30","773","773","773","30","30","30","787","787","787","30","30","30","790","790","790","30","30","30","797","797","797","31","31","31","800","800","800","31","31","31","811","811","811","31","31","31","812","812","812","31","31","31","812","812","812","31","31","31","812","812","812","31","31","31","812","812","812","31","31","31","812","812","812","31","31","31","108","108","108","0","0","0","108","108","108","0","0","0","108","108","108","0","0","0","113","113","113","0","0","0","116","116","116","0","0","0","131","131","131","1","1","1","126","126","126","0","0","0","133","133","133","0","0","0","124","124","124","0","0","0","130","130","130","1","1","1","130","130","130","0","0","0","121","121","121","0","0","0","122","122","122","0","0","0","110","110","110","0","0","0","111","111","111","0","0","0","111","111","111","0","0","0","109","109","109","0","0","0","108","108","108","0","0","0","108","108","108","0","0","0","110","110","110","0","0","0","130","130","130","1","1","1"
"22","136","136","136","0","0","0","211","211","211","9","9","9","436","436","436","22","22","22","612","612","612","25","25","25","690","690","690","27","27","27","736","736","736","28","28","28","768","768","768","28","28","28","773","773","773","29","29","29","797","797","797","30","30","30","801","801","801","30","30","30","809","809","809","30","30","30","823","823","823","30","30","30","826","826","826","30","30","30","834","834","834","31","31","31","837","837","837","31","31","31","848","848","848","31","31","31","849","849","849","31","31","31","849","849","849","31","31","31","849","849","849","31","31","31","849","849","849","31","31","31","849","849","849","31","31","31","113","113","113","0","0","0","113","113","113","0","0","0","113","113","113","0","0","0","118","118","118","0","0","0","121","121","121","0","0","0","136","136","136","0","0","0","132","132","132","1","1","1","138","138","138","0","0","0","130","130","130","1","1","1","136","136","136","1","1","1","136","136","136","1","1","1","126","126","126","0","0","0","127","127","127","0","0","0","115","115","115","0","0","0","116","116","116","0","0","0","116","116","116","0","0","0","114","114","114","0","0","0","113","113","113","0","0","0","113","113","113","0","0","0","115","115","115","0","0","0","136","136","136","1","1","1"
"23","142","142","142","0","0","0","220","220","220","3","3","3","454","454","454","12","12","12","639","639","639","21","21","21","718","718","718","22","22","22","767","767","767","25","25","25","801","801","801","27","27","27","806","806","806","27","27","27","831","831","831","28","28","28","835","835","835","28","28","28","843","843","843","28","28","28","858","858","858","29","29","29","862","862","862","30","30","30","870","870","870","30","30","30","873","873","873","30","30","30","884","884","884","30","30","30","886","886","886","31","31","31","886","886","886","31","31","31","886","886","886","31","31","31","886","886","886","31","31","31","886","886","886","31","31","31","118","118","118","0","0","0","118","118","118","0","0","0","118","118","118","0","0","0","123","123","123","0","0","0","126","126","126","0","0","0","142","142","142","1","1","1","137","137","137","0","0","0","143","143","143","0","0","0","135","135","135","0","0","0","142","142","142","1","1","1","141","141","141","0","0","0","132","132","132","1","1","1","133","133","133","1","1","1","120","120","120","0","0","0","122","122","122","1","1","1","121","121","121","0","0","0","119","119","119","0","0","0","118","118","118","0","0","0","118","118","118","0","0","0","120","120","120","0","0","0","142","142","142","1","1","1"
"24","148","148","148","0","0","0","237","237","237","11","11","11","481","481","481","21","21","21","670","670","670","25","25","25","751","751","751","27","27","27","801","801","801","28","28","28","835","835","835","28","28","28","840","840","840","28","28","28","867","867","867","30","30","30","871","871","871","30","30","30","879","879","879","30","30","30","894","894","894","30","30","30","898","898","898","30","30","30","907","907","907","31","31","31","910","910","910","31","31","31","921","921","921","31","31","31","923","923","923","31","31","31","923","923","923","31","31","31","923","923","923","31","31","31","923","923","923","31","31","31","923","923","923","31","31","31","123","123","123","0","0","0","123","123","123","0","0","0","123","123","123","0","0","0","128","128","128","0","0","0","131","131","131","0","0","0","147","147","147","0","0","0","142","142","142","0","0","0","148","148","148","0","0","0","141","141","141","1","1","1","148","148","148","1","1","1","147","147","147","1","1","1","138","138","138","1","1","1","138","138","138","0","0","0","125","125","125","0","0","0","127","127","127","0","0","0","126","126","126","0","0","0","124","124","124","0","0","0","123","123","123","0","0","0","123","123","123","0","0","0","125","125","125","0","0","0","148","148","148","1","1","1"
"25","154","154","154","0","0","0","245","245","245","2","2","2","501","501","501","14","14","14","697","697","697","21","21","21","779","779","779","22","22","22","832","832","832","25","25","25","868","868","868","27","27","27","874","874","874","28","28","28","901","901","901","28","28","28","905","905","905","28","28","28","914","914","914","29","29","29","930","930","930","30","30","30","934","934","934","30","30","30","943","943","943","30","30","30","946","946","946","30","30","30","958","958","958","31","31","31","960","960","960","31","31","31","960","960","960","31","31","31","960","960","960","31","31","31","960","960","960","31","31","31","960","960","960","31","31","31","128","128","128","0","0","0","128","128","128","0","0","0","128","128","128","0","0","0","133","133","133","0","0","0","136","136","136","0","0","0","152","152","152","0","0","0","147","147","147","0","0","0","153","153","153","0","0","0","146","146","146","0","0","0","153","153","153","0","0","0","152","152","152","0","0","0","143","143","143","0","0","0","144","144","144","1","1","1","130","130","130","0","0","0","132","132","132","0","0","0","131","131","131","0","0","0","130","130","130","1","1","1","128","128","128","0","0","0","128","128","128","0","0","0","130","130","130","0","0","0","154","154","154","1","1","1"
"26","160","160","160","0","0","0","259","259","259","8","8","8","529","529","529","22","22","22","728","728","728","25","25","25","811","811","811","26","26","26","866","866","866","28","28","28","902","902","902","28","28","28","909","909","909","29","29","29","937","937","937","30","30","30","941","941","941","30","30","30","950","950","950","30","30","30","966","966","966","30","30","30","970","970","970","30","30","30","980","980","980","31","31","31","983","983","983","31","31","31","995","995","995","31","31","31","997","997","997","31","31","31","997","997","997","31","31","31","997","997","997","31","31","31","997","997","997","31","31","31","997","997","997","31","31","31","133","133","133","0","0","0","133","133","133","0","0","0","133","133","133","0","0","0","138","138","138","0","0","0","141","141","141","0","0","0","157","157","157","0","0","0","153","153","153","1","1","1","158","158","158","0","0","0","151","151","151","0","0","0","158","158","158","0","0","0","158","158","158","1","1","1","148","148","148","0","0","0","149","149","149","0","0","0","135","135","135","0","0","0","137","137","137","0","0","0","136","136","136","0","0","0","135","135","135","0","0","0","133","133","133","0","0","0","133","133","133","0","0","0","135","135","135","0","0","0","160","160","160","1","1","1"
"27","166","166","166","0","0","0","274","274","274","9","9","9","557","557","557","22","22","22","759","759","759","25","25","25","843","843","843","26","26","26","900","900","900","28","28","28","936","936","936","28","28","28","944","944","944","29","29","29","973","973","973","30","30","30","977","977","977","30","30","30","986","986","986","30","30","30","1002","1002","1002","30","30","30","1006","1006","1006","30","30","30","1017","1017","1017","31","31","31","1020","1020","1020","31","31","31","1032","1032","1032","31","31","31","1034","1034","1034","31","31","31","1034","1034","1034","31","31","31","1034","1034","1034","31","31","31","1034","1034","1034","31","31","31","1034","1034","1034","31","31","31","138","138","138","0","0","0","138","138","138","0","0","0","138","138","138","0","0","0","143","143","143","0","0","0","146","146","146","0","0","0","163","163","163","1","1","1","158","158","158","0","0","0","163","163","163","0","0","0","156","156","156","0","0","0","164","164","164","1","1","1","164","164","164","1","1","1","153","153","153","0","0","0","154","154","154","0","0","0","140","140","140","0","0","0","142","142","142","0","0","0","141","141","141","0","0","0","140","140","140","0","0","0","138","138","138","0","0","0","138","138","138","0","0","0","140","140","140","0","0","0","166","166","166","1","1","1"
"28","172","172","172","0","0","0","290","290","290","10","10","10","584","584","584","21","21","21","790","790","790","25","25","25","876","876","876","27","27","27","934","934","934","28","28","28","970","970","970","28","28","28","979","979","979","29","29","29","1009","1009","1009","30","30","30","1013","1013","1013","30","30","30","1022","1022","1022","30","30","30","1038","1038","1038","30","30","30","1042","1042","1042","30","30","30","1054","1054","1054","31","31","31","1057","1057","1057","31","31","31","1069","1069","1069","31","31","31","1071","1071","1071","31","31","31","1071","1071","1071","31","31","31","1071","1071","1071","31","31","31","1071","1071","1071","31","31","31","1071","1071","1071","31","31","31","143","143","143","0","0","0","143","143","143","0","0","0","143","143","143","0","0","0","148","148","148","0","0","0","151","151","151","0","0","0","168","168","168","0","0","0","163","163","163","0","0","0","169","169","169","1","1","1","162","162","162","1","1","1","170","170","170","1","1","1","170","170","170","1","1","1","158","158","158","0","0","0","160","160","160","1","1","1","145","145","145","0","0","0","147","147","147","0","0","0","146","146","146","0","0","0","145","145","145","0","0","0","143","143","143","0","0","0","143","143","143","0","0","0","145","145","145","0","0","0","172","172","172","1","1","1"
"29","178","178","178","0","0","0","304","304","304","8","8","8","611","611","611","21","21","21","821","821","821","25","25","25","908","908","908","26","26","26","968","968","968","28","28","28","1004","1004","1004","28","28","28","1013","1013","1013","28","28","28","1045","1045","1045","30","30","30","1049","1049","1049","30","30","30","1058","1058","1058","30","30","30","1074","1074","1074","30","30","30","1078","1078","1078","30","30","30","1091","1091","1091","31","31","31","1094","1094","1094","31","31","31","1106","1106","1106","31","31","31","1108","1108","1108","31","31","31","1108","1108","1108","31","31","31","1108","1108","1108","31","31","31","1108","1108","1108","31","31","31","1108","1108","1108","31","31","31","148","148","148","0","0","0","148","148","148","0","0","0","148","148","148","0","0","0","153","153","153","0","0","0","156","156","156","0","0","0","173","173","173","0","0","0","168","168","168","0","0","0","174","174","174","0","0","0","167","167","167","0","0","0","175","175","175","0","0","0","176","176","176","1","1","1","163","163","163","0","0","0","165","165","165","0","0","0","150","150","150","0","0","0","152","152","152","0","0","0","151","151","151","0","0","0","150","150","150","0","0","0","148","148","148","0","0","0","148","148","148","0","0","0","150","150","150","0","0","0","178","178","178","1","1","1"
"30","184","184","184","0","0","0","310","310","310","0","0","0","617","617","617","0","0","0","827","827","827","0","0","0","916","916","916","2","2","2","987","987","987","13","13","13","1034","1034","1034","20","20","20","1056","1056","1056","27","27","27","1097","1097","1097","27","27","27","1103","1103","1103","28","28","28","1116","1116","1116","28","28","28","1133","1133","1133","28","28","28","1138","1138","1138","28","28","28","1152","1152","1152","29","29","29","1155","1155","1155","29","29","29","1171","1171","1171","30","30","30","1173","1173","1173","30","30","30","1174","1174","1174","31","31","31","1174","1174","1174","31","31","31","1174","1174","1174","31","31","31","1174","1174","1174","31","31","31","153","153","153","0","0","0","153","153","153","0","0","0","153","153","153","0","0","0","160","160","160","2","2","2","163","163","163","2","2","2","187","187","187","9","9","9","217","217","217","44","44","44","199","199","199","20","20","20","180","180","180","8","8","8","186","186","186","6","6","6","207","207","207","26","26","26","197","197","197","29","29","29","175","175","175","5","5","5","161","161","161","5","5","5","182","182","182","25","25","25","165","165","165","9","9","9","156","156","156","1","1","1","153","153","153","0","0","0","153","153","153","0","0","0","155","155","155","0","0","0","184","184","184","1","1","1"
"31","190","190","190","0","0","0","316","316","316","0","0","0","625","625","625","2","2","2","841","841","841","8","8","8","937","937","937","15","15","15","1021","1021","1021","26","26","26","1076","1076","1076","27","27","27","1103","1103","1103","28","28","28","1146","1146","1146","28","28","28","1156","1156","1156","29","29","29","1170","1170","1170","29","29","29","1187","1187","1187","29","29","29","1195","1195","1195","29","29","29","1209","1209","1209","29","29","29","1213","1213","1213","30","30","30","1229","1229","1229","30","30","30","1234","1234","1234","31","31","31","1235","1235","1235","31","31","31","1236","1236","1236","31","31","31","1239","1239","1239","31","31","31","1240","1240","1240","31","31","31","158","158","158","0","0","0","158","158","158","0","0","0","159","159","159","1","1","1","175","175","175","10","10","10","206","206","206","38","38","38","225","225","225","33","33","33","254","254","254","32","32","32","208","208","208","4","4","4","205","205","205","19","19","19","198","198","198","7","7","7","215","215","215","3","3","3","208","208","208","6","6","6","184","184","184","4","4","4","171","171","171","5","5","5","189","189","189","2","2","2","172","172","172","2","2","2","162","162","162","1","1","1","158","158","158","0","0","0","158","158","158","0","0","0","160","160","160","0","0","0","190","190","190","1","1","1"
"32","196","196","196","0","0","0","322","322","322","0","0","0","631","631","631","0","0","0","852","852","852","5","5","5","953","953","953","10","10","10","1044","1044","1044","17","17","17","1103","1103","1103","21","21","21","1135","1135","1135","24","24","24","1179","1179","1179","24","24","24","1194","1194","1194","26","26","26","1221","1221","1221","28","28","28","1242","1242","1242","28","28","28","1254","1254","1254","28","28","28","1269","1269","1269","28","28","28","1275","1275","1275","29","29","29","1291","1291","1291","29","29","29","1297","1297","1297","30","30","30","1299","1299","1299","30","30","30","1300","1300","1300","30","30","30","1305","1305","1305","30","30","30","1306","1306","1306","30","30","30","163","163","163","0","0","0","163","163","163","0","0","0","164","164","164","0","0","0","186","186","186","6","6","6","218","218","218","7","7","7","287","287","287","57","57","57","270","270","270","11","11","11","226","226","226","13","13","13","232","232","232","22","22","22","208","208","208","5","5","5","228","228","228","8","8","8","227","227","227","14","14","14","193","193","193","4","4","4","179","179","179","3","3","3","197","197","197","3","3","3","197","197","197","20","20","20","168","168","168","1","1","1","163","163","163","0","0","0","163","163","163","0","0","0","165","165","165","0","0","0","196","196","196","1","1","1"
"33","202","202","202","0","0","0","328","328","328","0","0","0","637","637","637","0","0","0","862","862","862","4","4","4","964","964","964","5","5","5","1070","1070","1070","18","18","18","1136","1136","1136","22","22","22","1175","1175","1175","24","24","24","1225","1225","1225","24","24","24","1243","1243","1243","25","25","25","1277","1277","1277","27","27","27","1303","1303","1303","29","29","29","1316","1316","1316","29","29","29","1331","1331","1331","29","29","29","1337","1337","1337","29","29","29","1353","1353","1353","29","29","29","1360","1360","1360","30","30","30","1363","1363","1363","31","31","31","1364","1364","1364","31","31","31","1371","1371","1371","31","31","31","1373","1373","1373","31","31","31","168","168","168","0","0","0","168","168","168","0","0","0","169","169","169","0","0","0","194","194","194","3","3","3","224","224","224","1","1","1","336","336","336","44","44","44","317","317","317","41","41","41","273","273","273","42","42","42","262","262","262","25","25","25","220","220","220","7","7","7","236","236","236","3","3","3","238","238","238","6","6","6","204","204","204","6","6","6","243","243","243","59","59","59","203","203","203","1","1","1","202","202","202","0","0","0","176","176","176","3","3","3","168","168","168","0","0","0","168","168","168","0","0","0","170","170","170","0","0","0","202","202","202","1","1","1"
"34","208","208","208","0","0","0","334","334","334","0","0","0","643","643","643","0","0","0","870","870","870","2","2","2","979","979","979","9","9","9","1094","1094","1094","16","16","16","1175","1175","1175","23","23","23","1224","1224","1224","27","27","27","1278","1278","1278","27","27","27","1298","1298","1298","27","27","27","1335","1335","1335","28","28","28","1361","1361","1361","28","28","28","1374","1374","1374","28","28","28","1393","1393","1393","29","29","29","1400","1400","1400","30","30","30","1416","1416","1416","30","30","30","1423","1423","1423","30","30","30","1427","1427","1427","31","31","31","1428","1428","1428","31","31","31","1437","1437","1437","31","31","31","1440","1440","1440","31","31","31","173","173","173","0","0","0","173","173","173","0","0","0","174","174","174","0","0","0","201","201","201","2","2","2","258","258","258","29","29","29","365","365","365","24","24","24","328","328","328","6","6","6","293","293","293","15","15","15","273","273","273","6","6","6","253","253","253","28","28","28","246","246","246","5","5","5","248","248","248","5","5","5","213","213","213","4","4","4","252","252","252","4","4","4","209","209","209","1","1","1","213","213","213","6","6","6","181","181","181","0","0","0","173","173","173","0","0","0","173","173","173","0","0","0","175","175","175","0","0","0","208","208","208","1","1","1"
"35","214","214","214","0","0","0","340","340","340","0","0","0","649","649","649","0","0","0","884","884","884","8","8","8","1001","1001","1001","16","16","16","1121","1121","1121","21","21","21","1206","1206","1206","25","25","25","1258","1258","1258","26","26","26","1314","1314","1314","27","27","27","1344","1344","1344","28","28","28","1388","1388","1388","29","29","29","1415","1415","1415","29","29","29","1432","1432","1432","29","29","29","1452","1452","1452","29","29","29","1460","1460","1460","30","30","30","1479","1479","1479","30","30","30","1486","1486","1486","30","30","30","1491","1491","1491","31","31","31","1492","1492","1492","31","31","31","1503","1503","1503","31","31","31","1507","1507","1507","31","31","31","178","178","178","0","0","0","178","178","178","0","0","0","179","179","179","0","0","0","206","206","206","0","0","0","269","269","269","6","6","6","379","379","379","9","9","9","338","338","338","5","5","5","340","340","340","42","42","42","310","310","310","31","31","31","281","281","281","23","23","23","259","259","259","8","8","8","259","259","259","6","6","6","223","223","223","5","5","5","260","260","260","3","3","3","217","217","217","3","3","3","219","219","219","1","1","1","187","187","187","1","1","1","178","178","178","0","0","0","178","178","178","0","0","0","180","180","180","0","0","0","214","214","214","1","1","1"
"36","220","220","220","0","0","0","346","346","346","0","0","0","655","655","655","0","0","0","890","890","890","0","0","0","1011","1011","1011","4","4","4","1140","1140","1140","10","10","10","1238","1238","1238","20","20","20","1300","1300","1300","24","24","24","1360","1360","1360","24","24","24","1393","1393","1393","25","25","25","1443","1443","1443","28","28","28","1476","1476","1476","29","29","29","1493","1493","1493","29","29","29","1513","1513","1513","29","29","29","1522","1522","1522","29","29","29","1542","1542","1542","30","30","30","1549","1549","1549","30","30","30","1555","1555","1555","31","31","31","1556","1556","1556","31","31","31","1569","1569","1569","31","31","31","1574","1574","1574","31","31","31","183","183","183","0","0","0","183","183","183","0","0","0","184","184","184","0","0","0","231","231","231","20","20","20","274","274","274","0","0","0","418","418","418","34","34","34","381","381","381","38","38","38","366","366","366","21","21","21","323","323","323","8","8","8","296","296","296","10","10","10","283","283","283","19","19","19","278","278","278","14","14","14","233","233","233","5","5","5","267","267","267","2","2","2","270","270","270","48","48","48","224","224","224","0","0","0","195","195","195","3","3","3","183","183","183","0","0","0","183","183","183","0","0","0","185","185","185","0","0","0","220","220","220","1","1","1"
"37","226","226","226","0","0","0","352","352","352","0","0","0","661","661","661","0","0","0","898","898","898","2","2","2","1024","1024","1024","7","7","7","1157","1157","1157","11","11","11","1263","1263","1263","19","19","19","1331","1331","1331","24","24","24","1394","1394","1394","25","25","25","1430","1430","1430","26","26","26","1491","1491","1491","26","26","26","1529","1529","1529","27","27","27","1552","1552","1552","29","29","29","1575","1575","1575","29","29","29","1584","1584","1584","29","29","29","1606","1606","1606","30","30","30","1614","1614","1614","30","30","30","1621","1621","1621","31","31","31","1622","1622","1622","31","31","31","1635","1635","1635","31","31","31","1640","1640","1640","31","31","31","188","188","188","0","0","0","188","188","188","0","0","0","191","191","191","2","2","2","238","238","238","2","2","2","281","281","281","2","2","2","441","441","441","18","18","18","390","390","390","3","3","3","390","390","390","19","19","19","407","407","407","79","79","79","317","317","317","16","16","16","303","303","303","15","15","15","289","289","289","6","6","6","244","244","244","6","6","6","277","277","277","5","5","5","278","278","278","3","3","3","231","231","231","2","2","2","205","205","205","5","5","5","188","188","188","0","0","0","188","188","188","0","0","0","190","190","190","0","0","0","226","226","226","1","1","1"
"38","232","232","232","0","0","0","358","358","358","0","0","0","667","667","667","0","0","0","904","904","904","0","0","0","1032","1032","1032","2","2","2","1171","1171","1171","8","8","8","1288","1288","1288","14","14","14","1371","1371","1371","20","20","20","1445","1445","1445","27","27","27","1484","1484","1484","27","27","27","1550","1550","1550","29","29","29","1588","1588","1588","29","29","29","1611","1611","1611","29","29","29","1636","1636","1636","29","29","29","1646","1646","1646","30","30","30","1669","1669","1669","30","30","30","1677","1677","1677","30","30","30","1685","1685","1685","31","31","31","1686","1686","1686","31","31","31","1701","1701","1701","31","31","31","1707","1707","1707","31","31","31","193","193","193","0","0","0","193","193","193","0","0","0","196","196","196","0","0","0","243","243","243","0","0","0","299","299","299","13","13","13","477","477","477","31","31","31","415","415","415","20","20","20","400","400","400","5","5","5","422","422","422","10","10","10","345","345","345","23","23","23","331","331","331","23","23","23","304","304","304","10","10","10","268","268","268","19","19","19","286","286","286","4","4","4","287","287","287","4","4","4","237","237","237","1","1","1","211","211","211","1","1","1","193","193","193","0","0","0","193","193","193","0","0","0","195","195","195","0","0","0","232","232","232","1","1","1"
"39","238","238","238","0","0","0","364","364","364","0","0","0","673","673","673","0","0","0","913","913","913","3","3","3","1045","1045","1045","7","7","7","1193","1193","1193","15","15","15","1320","1320","1320","21","21","21","1419","1419","1419","25","25","25","1501","1501","1501","27","27","27","1541","1541","1541","27","27","27","1610","1610","1610","28","28","28","1648","1648","1648","28","28","28","1671","1671","1671","28","28","28","1697","1697","1697","28","28","28","1711","1711","1711","30","30","30","1735","1735","1735","31","31","31","1743","1743","1743","31","31","31","1751","1751","1751","31","31","31","1752","1752","1752","31","31","31","1767","1767","1767","31","31","31","1773","1773","1773","31","31","31","198","198","198","0","0","0","198","198","198","0","0","0","201","201","201","0","0","0","249","249","249","1","1","1","313","313","313","9","9","9","502","502","502","20","20","20","456","456","456","36","36","36","416","416","416","11","11","11","432","432","432","5","5","5","383","383","383","33","33","33","339","339","339","3","3","3","313","313","313","4","4","4","276","276","276","3","3","3","293","293","293","2","2","2","293","293","293","1","1","1","243","243","243","1","1","1","218","218","218","2","2","2","198","198","198","0","0","0","198","198","198","0","0","0","200","200","200","0","0","0","238","238","238","1","1","1"
"40","244","244","244","0","0","0","370","370","370","0","0","0","689","689","689","10","10","10","936","936","936","17","17","17","1074","1074","1074","23","23","23","1224","1224","1224","24","24","24","1361","1361","1361","26","26","26","1469","1469","1469","26","26","26","1551","1551","1551","26","26","26","1598","1598","1598","29","29","29","1671","1671","1671","29","29","29","1710","1710","1710","29","29","29","1734","1734","1734","29","29","29","1760","1760","1760","29","29","29","1777","1777","1777","30","30","30","1801","1801","1801","30","30","30","1809","1809","1809","30","30","30","1817","1817","1817","30","30","30","1818","1818","1818","30","30","30","1833","1833","1833","30","30","30","1839","1839","1839","30","30","30","203","203","203","0","0","0","203","203","203","0","0","0","206","206","206","0","0","0","266","266","266","12","12","12","332","332","332","14","14","14","528","528","528","21","21","21","489","489","489","28","28","28","466","466","466","44","44","44","440","440","440","3","3","3","395","395","395","7","7","7","346","346","346","2","2","2","319","319","319","1","1","1","282","282","282","1","1","1","299","299","299","1","1","1","316","316","316","18","18","18","249","249","249","1","1","1","224","224","224","1","1","1","203","203","203","0","0","0","203","203","203","0","0","0","205","205","205","0","0","0","244","244","244","1","1","1"
"41","250","250","250","0","0","0","376","376","376","0","0","0","695","695","695","0","0","0","947","947","947","5","5","5","1095","1095","1095","11","11","11","1258","1258","1258","22","22","22","1406","1406","1406","25","25","25","1520","1520","1520","25","25","25","1608","1608","1608","29","29","29","1656","1656","1656","29","29","29","1732","1732","1732","29","29","29","1771","1771","1771","29","29","29","1795","1795","1795","29","29","29","1823","1823","1823","30","30","30","1841","1841","1841","30","30","30","1865","1865","1865","30","30","30","1875","1875","1875","30","30","30","1883","1883","1883","30","30","30","1884","1884","1884","30","30","30","1899","1899","1899","30","30","30","1905","1905","1905","30","30","30","208","208","208","0","0","0","208","208","208","0","0","0","211","211","211","0","0","0","272","272","272","1","1","1","343","343","343","6","6","6","546","546","546","13","13","13","534","534","534","40","40","40","480","480","480","9","9","9","504","504","504","59","59","59","464","464","464","64","64","64","364","364","364","13","13","13","328","328","328","4","4","4","289","289","289","2","2","2","323","323","323","19","19","19","324","324","324","3","3","3","281","281","281","27","27","27","230","230","230","1","1","1","208","208","208","0","0","0","208","208","208","0","0","0","210","210","210","0","0","0","250","250","250","1","1","1"
"42","256","256","256","0","0","0","382","382","382","0","0","0","704","704","704","3","3","3","966","966","966","13","13","13","1128","1128","1128","24","24","24","1300","1300","1300","25","25","25","1453","1453","1453","26","26","26","1570","1570","1570","26","26","26","1659","1659","1659","26","26","26","1715","1715","1715","28","28","28","1794","1794","1794","29","29","29","1833","1833","1833","29","29","29","1857","1857","1857","29","29","29","1886","1886","1886","29","29","29","1905","1905","1905","30","30","30","1931","1931","1931","30","30","30","1941","1941","1941","30","30","30","1949","1949","1949","30","30","30","1950","1950","1950","30","30","30","1965","1965","1965","30","30","30","1971","1971","1971","30","30","30","213","213","213","0","0","0","213","213","213","0","0","0","216","216","216","0","0","0","285","285","285","8","8","8","353","353","353","5","5","5","574","574","574","23","23","23","563","563","563","24","24","24","531","531","531","46","46","46","528","528","528","19","19","19","475","475","475","6","6","6","375","375","375","6","6","6","338","338","338","5","5","5","295","295","295","1","1","1","330","330","330","2","2","2","341","341","341","12","12","12","288","288","288","2","2","2","235","235","235","0","0","0","213","213","213","0","0","0","213","213","213","0","0","0","215","215","215","0","0","0","256","256","256","1","1","1"
"43","262","262","262","0","0","0","388","388","388","0","0","0","712","712","712","2","2","2","984","984","984","12","12","12","1151","1151","1151","17","17","17","1330","1330","1330","24","24","24","1487","1487","1487","24","24","24","1612","1612","1612","26","26","26","1708","1708","1708","26","26","26","1766","1766","1766","26","26","26","1848","1848","1848","26","26","26","1894","1894","1894","29","29","29","1919","1919","1919","29","29","29","1948","1948","1948","29","29","29","1968","1968","1968","29","29","29","1995","1995","1995","30","30","30","2007","2007","2007","30","30","30","2015","2015","2015","30","30","30","2016","2016","2016","30","30","30","2031","2031","2031","30","30","30","2037","2037","2037","30","30","30","218","218","218","0","0","0","218","218","218","0","0","0","221","221","221","0","0","0","291","291","291","1","1","1","368","368","368","10","10","10","583","583","583","4","4","4","602","602","602","34","34","34","561","561","561","25","25","25","575","575","575","42","42","42","485","485","485","5","5","5","383","383","383","3","3","3","356","356","356","13","13","13","301","301","301","1","1","1","338","338","338","3","3","3","347","347","347","1","1","1","294","294","294","1","1","1","241","241","241","1","1","1","218","218","218","0","0","0","218","218","218","0","0","0","220","220","220","0","0","0","262","262","262","1","1","1"
"44","268","268","268","0","0","0","394","394","394","0","0","0","725","725","725","7","7","7","1011","1011","1011","17","17","17","1190","1190","1190","21","21","21","1372","1372","1372","22","22","22","1536","1536","1536","24","24","24","1666","1666","1666","26","26","26","1763","1763","1763","27","27","27","1822","1822","1822","27","27","27","1908","1908","1908","28","28","28","1955","1955","1955","29","29","29","1980","1980","1980","29","29","29","2009","2009","2009","29","29","29","2030","2030","2030","29","29","29","2058","2058","2058","30","30","30","2070","2070","2070","30","30","30","2078","2078","2078","30","30","30","2079","2079","2079","30","30","30","2094","2094","2094","30","30","30","2100","2100","2100","30","30","30","223","223","223","0","0","0","223","223","223","0","0","0","226","226","226","0","0","0","299","299","299","3","3","3","375","375","375","2","2","2","611","611","611","23","23","23","625","625","625","18","18","18","611","611","611","45","45","45","640","640","640","60","60","60","547","547","547","57","57","57","392","392","392","4","4","4","365","365","365","4","4","4","374","374","374","68","68","68","345","345","345","2","2","2","353","353","353","1","1","1","299","299","299","0","0","0","247","247","247","1","1","1","223","223","223","0","0","0","223","223","223","0","0","0","225","225","225","0","0","0","268","268","268","1","1","1"
"45","274","274","274","0","0","0","400","400","400","0","0","0","731","731","731","0","0","0","1032","1032","1032","12","12","12","1227","1227","1227","19","19","19","1419","1419","1419","27","27","27","1587","1587","1587","27","27","27","1719","1719","1719","27","27","27","1818","1818","1818","29","29","29","1880","1880","1880","29","29","29","1967","1967","1967","29","29","29","2014","2014","2014","29","29","29","2041","2041","2041","29","29","29","2071","2071","2071","30","30","30","2092","2092","2092","30","30","30","2120","2120","2120","30","30","30","2133","2133","2133","30","30","30","2141","2141","2141","30","30","30","2142","2142","2142","30","30","30","2158","2158","2158","30","30","30","2164","2164","2164","30","30","30","228","228","228","0","0","0","228","228","228","0","0","0","231","231","231","0","0","0","312","312","312","8","8","8","392","392","392","12","12","12","642","642","642","26","26","26","651","651","651","21","21","21","627","627","627","11","11","11","650","650","650","5","5","5","577","577","577","25","25","25","398","398","398","1","1","1","372","372","372","2","2","2","382","382","382","3","3","3","385","385","385","35","35","35","360","360","360","2","2","2","305","305","305","1","1","1","254","254","254","2","2","2","228","228","228","0","0","0","228","228","228","0","0","0","230","230","230","0","0","0","274","274","274","1","1","1"
"46","280","280","280","0","0","0","406","406","406","0","0","0","741","741","741","4","4","4","1053","1053","1053","15","15","15","1255","1255","1255","19","19","19","1459","1459","1459","26","26","26","1634","1634","1634","26","26","26","1770","1770","1770","26","26","26","1875","1875","1875","28","28","28","1940","1940","1940","29","29","29","2028","2028","2028","29","29","29","2075","2075","2075","29","29","29","2103","2103","2103","29","29","29","2134","2134","2134","30","30","30","2157","2157","2157","30","30","30","2185","2185","2185","30","30","30","2199","2199","2199","30","30","30","2207","2207","2207","30","30","30","2208","2208","2208","30","30","30","2224","2224","2224","30","30","30","2230","2230","2230","30","30","30","233","233","233","0","0","0","233","233","233","0","0","0","236","236","236","0","0","0","317","317","317","0","0","0","399","399","399","2","2","2","658","658","658","11","11","11","685","685","685","29","29","29","645","645","645","13","13","13","695","695","695","39","39","39","646","646","646","64","64","64","408","408","408","5","5","5","378","378","378","1","1","1","388","388","388","1","1","1","394","394","394","4","4","4","377","377","377","11","11","11","311","311","311","1","1","1","259","259","259","0","0","0","233","233","233","0","0","0","233","233","233","0","0","0","235","235","235","0","0","0","280","280","280","1","1","1"
"47","286","286","286","0","0","0","412","412","412","0","0","0","747","747","747","0","0","0","1064","1064","1064","5","5","5","1278","1278","1278","14","14","14","1492","1492","1492","21","21","21","1681","1681","1681","25","25","25","1822","1822","1822","25","25","25","1933","1933","1933","29","29","29","2000","2000","2000","29","29","29","2089","2089","2089","29","29","29","2136","2136","2136","29","29","29","2164","2164","2164","29","29","29","2197","2197","2197","30","30","30","2220","2220","2220","30","30","30","2249","2249","2249","30","30","30","2265","2265","2265","30","30","30","2273","2273","2273","30","30","30","2274","2274","2274","30","30","30","2290","2290","2290","30","30","30","2296","2296","2296","30","30","30","238","238","238","0","0","0","238","238","238","0","0","0","241","241","241","0","0","0","325","325","325","3","3","3","413","413","413","9","9","9","717","717","717","54","54","54","706","706","706","16","16","16","654","654","654","4","4","4","723","723","723","23","23","23","656","656","656","5","5","5","448","448","448","35","35","35","387","387","387","4","4","4","395","395","395","2","2","2","404","404","404","5","5","5","507","507","507","125","125","125","323","323","323","7","7","7","265","265","265","1","1","1","238","238","238","0","0","0","238","238","238","0","0","0","240","240","240","0","0","0","286","286","286","1","1","1"
"48","292","292","292","0","0","0","418","418","418","0","0","0","757","757","757","4","4","4","1076","1076","1076","6","6","6","1299","1299","1299","14","14","14","1523","1523","1523","21","21","21","1724","1724","1724","25","25","25","1873","1873","1873","26","26","26","1990","1990","1990","26","26","26","2058","2058","2058","26","26","26","2148","2148","2148","27","27","27","2198","2198","2198","29","29","29","2228","2228","2228","29","29","29","2261","2261","2261","29","29","29","2285","2285","2285","30","30","30","2315","2315","2315","30","30","30","2331","2331","2331","30","30","30","2339","2339","2339","30","30","30","2340","2340","2340","30","30","30","2356","2356","2356","30","30","30","2362","2362","2362","30","30","30","243","243","243","0","0","0","243","243","243","0","0","0","246","246","246","0","0","0","330","330","330","0","0","0","420","420","420","2","2","2","731","731","731","9","9","9","726","726","726","15","15","15","701","701","701","42","42","42","756","756","756","28","28","28","666","666","666","5","5","5","468","468","468","15","15","15","414","414","414","22","22","22","402","402","402","2","2","2","458","458","458","49","49","49","513","513","513","1","1","1","346","346","346","18","18","18","271","271","271","1","1","1","243","243","243","0","0","0","243","243","243","0","0","0","245","245","245","0","0","0","292","292","292","1","1","1"
"49","298","298","298","0","0","0","424","424","424","0","0","0","763","763","763","0","0","0","1091","1091","1091","9","9","9","1327","1327","1327","19","19","19","1563","1563","1563","25","25","25","1769","1769","1769","26","26","26","1922","1922","1922","26","26","26","2041","2041","2041","26","26","26","2111","2111","2111","26","26","26","2205","2205","2205","27","27","27","2260","2260","2260","29","29","29","2291","2291","2291","29","29","29","2324","2324","2324","29","29","29","2350","2350","2350","30","30","30","2381","2381","2381","30","30","30","2397","2397","2397","30","30","30","2405","2405","2405","30","30","30","2406","2406","2406","30","30","30","2422","2422","2422","30","30","30","2428","2428","2428","30","30","30","248","248","248","0","0","0","248","248","248","0","0","0","251","251","251","0","0","0","335","335","335","0","0","0","427","427","427","2","2","2","760","760","760","24","24","24","771","771","771","40","40","40","736","736","736","30","30","30","783","783","783","22","22","22","673","673","673","2","2","2","474","474","474","1","1","1","467","467","467","48","48","48","410","410","410","3","3","3","488","488","488","25","25","25","586","586","586","68","68","68","352","352","352","1","1","1","278","278","278","2","2","2","248","248","248","0","0","0","248","248","248","0","0","0","250","250","250","0","0","0","298","298","298","1","1","1"
"50","304","304","304","0","0","0","430","430","430","0","0","0","769","769","769","0","0","0","1105","1105","1105","8","8","8","1352","1352","1352","19","19","19","1595","1595","1595","25","25","25","1811","1811","1811","25","25","25","1967","1967","1967","26","26","26","2089","2089","2089","26","26","26","2161","2161","2161","26","26","26","2259","2259","2259","26","26","26","2322","2322","2322","29","29","29","2353","2353","2353","29","29","29","2387","2387","2387","29","29","29","2414","2414","2414","29","29","29","2447","2447","2447","30","30","30","2463","2463","2463","30","30","30","2471","2471","2471","30","30","30","2472","2472","2472","30","30","30","2488","2488","2488","30","30","30","2494","2494","2494","30","30","30","253","253","253","0","0","0","253","253","253","0","0","0","256","256","256","0","0","0","340","340","340","0","0","0","469","469","469","37","37","37","801","801","801","36","36","36","777","777","777","1","1","1","764","764","764","23","23","23","845","845","845","57","57","57","679","679","679","1","1","1","486","486","486","7","7","7","500","500","500","28","28","28","420","420","420","5","5","5","495","495","495","2","2","2","609","609","609","18","18","18","376","376","376","19","19","19","283","283","283","0","0","0","253","253","253","0","0","0","253","253","253","0","0","0","255","255","255","0","0","0","304","304","304","1","1","1"
"51","310","310","310","0","0","0","436","436","436","0","0","0","775","775","775","0","0","0","1111","1111","1111","0","0","0","1362","1362","1362","4","4","4","1622","1622","1622","17","17","17","1851","1851","1851","24","24","24","2013","2013","2013","25","25","25","2137","2137","2137","25","25","25","2213","2213","2213","26","26","26","2312","2312","2312","26","26","26","2379","2379","2379","26","26","26","2414","2414","2414","29","29","29","2449","2449","2449","29","29","29","2476","2476","2476","29","29","29","2511","2511","2511","29","29","29","2529","2529","2529","30","30","30","2537","2537","2537","30","30","30","2538","2538","2538","30","30","30","2554","2554","2554","30","30","30","2560","2560","2560","30","30","30","258","258","258","0","0","0","258","258","258","0","0","0","261","261","261","0","0","0","351","351","351","6","6","6","477","477","477","3","3","3","832","832","832","26","26","26","835","835","835","53","53","53","773","773","773","4","4","4","857","857","857","7","7","7","705","705","705","21","21","21","517","517","517","26","26","26","510","510","510","5","5","5","427","427","427","2","2","2","504","504","504","4","4","4","618","618","618","4","4","4","385","385","385","3","3","3","304","304","304","16","16","16","260","260","260","2","2","2","258","258","258","0","0","0","260","260","260","0","0","0","310","310","310","1","1","1"
"52","316","316","316","0","0","0","442","442","442","0","0","0","781","781","781","0","0","0","1118","1118","1118","1","1","1","1381","1381","1381","12","12","12","1657","1657","1657","22","22","22","1896","1896","1896","24","24","24","2064","2064","2064","26","26","26","2190","2190","2190","26","26","26","2269","2269","2269","26","26","26","2369","2369","2369","26","26","26","2440","2440","2440","28","28","28","2476","2476","2476","29","29","29","2513","2513","2513","29","29","29","2540","2540","2540","29","29","29","2577","2577","2577","30","30","30","2595","2595","2595","30","30","30","2603","2603","2603","30","30","30","2604","2604","2604","30","30","30","2620","2620","2620","30","30","30","2626","2626","2626","30","30","30","263","263","263","0","0","0","263","263","263","0","0","0","266","266","266","0","0","0","356","356","356","0","0","0","491","491","491","9","9","9","851","851","851","14","14","14","858","858","858","18","18","18","818","818","818","40","40","40","883","883","883","21","21","21","771","771","771","61","61","61","525","525","525","3","3","3","534","534","534","19","19","19","435","435","435","3","3","3","511","511","511","2","2","2","644","644","644","21","21","21","411","411","411","21","21","21","318","318","318","9","9","9","265","265","265","0","0","0","263","263","263","0","0","0","265","265","265","0","0","0","316","316","316","1","1","1"
"53","322","322","322","0","0","0","448","448","448","0","0","0","790","790","790","3","3","3","1133","1133","1133","9","9","9","1406","1406","1406","19","19","19","1694","1694","1694","25","25","25","1938","1938","1938","25","25","25","2112","2112","2112","26","26","26","2241","2241","2241","26","26","26","2326","2326","2326","29","29","29","2429","2429","2429","29","29","29","2502","2502","2502","29","29","29","2538","2538","2538","29","29","29","2575","2575","2575","29","29","29","2604","2604","2604","30","30","30","2643","2643","2643","30","30","30","2661","2661","2661","30","30","30","2669","2669","2669","30","30","30","2670","2670","2670","30","30","30","2686","2686","2686","30","30","30","2692","2692","2692","30","30","30","268","268","268","0","0","0","268","268","268","0","0","0","271","271","271","0","0","0","363","363","363","2","2","2","510","510","510","14","14","14","880","880","880","24","24","24","896","896","896","33","33","33","839","839","839","16","16","16","889","889","889","1","1","1","842","842","842","66","66","66","547","547","547","17","17","17","544","544","544","5","5","5","443","443","443","3","3","3","517","517","517","1","1","1","738","738","738","89","89","89","418","418","418","2","2","2","325","325","325","2","2","2","270","270","270","0","0","0","268","268","268","0","0","0","270","270","270","0","0","0","322","322","322","1","1","1"
"54","328","328","328","0","0","0","454","454","454","0","0","0","800","800","800","4","4","4","1153","1153","1153","14","14","14","1444","1444","1444","24","24","24","1738","1738","1738","26","26","26","1985","1985","1985","26","26","26","2161","2161","2161","26","26","26","2291","2291","2291","26","26","26","2382","2382","2382","26","26","26","2491","2491","2491","29","29","29","2564","2564","2564","29","29","29","2601","2601","2601","29","29","29","2638","2638","2638","29","29","29","2670","2670","2670","30","30","30","2709","2709","2709","30","30","30","2727","2727","2727","30","30","30","2735","2735","2735","30","30","30","2736","2736","2736","30","30","30","2752","2752","2752","30","30","30","2758","2758","2758","30","30","30","273","273","273","0","0","0","273","273","273","0","0","0","276","276","276","0","0","0","388","388","388","20","20","20","529","529","529","14","14","14","956","956","956","71","71","71","944","944","944","43","43","43","849","849","849","5","5","5","917","917","917","23","23","23","853","853","853","6","6","6","572","572","572","20","20","20","551","551","551","2","2","2","449","449","449","1","1","1","523","523","523","1","1","1","744","744","744","1","1","1","425","425","425","2","2","2","330","330","330","0","0","0","275","275","275","0","0","0","273","273","273","0","0","0","275","275","275","0","0","0","328","328","328","1","1","1"
"55","334","334","334","0","0","0","460","460","460","0","0","0","806","806","806","0","0","0","1159","1159","1159","0","0","0","1459","1459","1459","9","9","9","1775","1775","1775","22","22","22","2029","2029","2029","25","25","25","2209","2209","2209","25","25","25","2342","2342","2342","25","25","25","2439","2439","2439","29","29","29","2551","2551","2551","29","29","29","2625","2625","2625","29","29","29","2662","2662","2662","29","29","29","2700","2700","2700","29","29","29","2733","2733","2733","30","30","30","2773","2773","2773","30","30","30","2793","2793","2793","30","30","30","2801","2801","2801","30","30","30","2802","2802","2802","30","30","30","2818","2818","2818","30","30","30","2824","2824","2824","30","30","30","278","278","278","0","0","0","278","278","278","0","0","0","281","281","281","0","0","0","393","393","393","0","0","0","549","549","549","15","15","15","964","964","964","3","3","3","952","952","952","3","3","3","877","877","877","23","23","23","928","928","928","6","6","6","886","886","886","28","28","28","581","581","581","4","4","4","557","557","557","1","1","1","456","456","456","2","2","2","534","534","534","6","6","6","756","756","756","7","7","7","430","430","430","0","0","0","337","337","337","2","2","2","280","280","280","0","0","0","278","278","278","0","0","0","280","280","280","0","0","0","334","334","334","1","1","1"
"56","340","340","340","0","0","0","466","466","466","0","0","0","812","812","812","0","0","0","1172","1172","1172","7","7","7","1480","1480","1480","15","15","15","1809","1809","1809","25","25","25","2065","2065","2065","25","25","25","2253","2253","2253","26","26","26","2390","2390","2390","26","26","26","2490","2490","2490","26","26","26","2604","2604","2604","26","26","26","2686","2686","2686","29","29","29","2724","2724","2724","29","29","29","2763","2763","2763","29","29","29","2796","2796","2796","29","29","29","2839","2839","2839","30","30","30","2859","2859","2859","30","30","30","2867","2867","2867","30","30","30","2868","2868","2868","30","30","30","2884","2884","2884","30","30","30","2890","2890","2890","30","30","30","283","283","283","0","0","0","283","283","283","0","0","0","286","286","286","0","0","0","398","398","398","0","0","0","558","558","558","4","4","4","985","985","985","16","16","16","976","976","976","19","19","19","910","910","910","28","28","28","972","972","972","39","39","39","895","895","895","4","4","4","614","614","614","28","28","28","566","566","566","4","4","4","463","463","463","2","2","2","541","541","541","2","2","2","767","767","767","5","5","5","452","452","452","17","17","17","344","344","344","2","2","2","285","285","285","0","0","0","283","283","283","0","0","0","285","285","285","0","0","0","340","340","340","1","1","1"
"57","346","346","346","0","0","0","472","472","472","0","0","0","822","822","822","4","4","4","1192","1192","1192","14","14","14","1509","1509","1509","21","21","21","1847","1847","1847","25","25","25","2108","2108","2108","25","25","25","2302","2302","2302","26","26","26","2447","2447","2447","29","29","29","2548","2548","2548","29","29","29","2665","2665","2665","29","29","29","2747","2747","2747","29","29","29","2786","2786","2786","29","29","29","2826","2826","2826","30","30","30","2860","2860","2860","30","30","30","2904","2904","2904","30","30","30","2925","2925","2925","30","30","30","2933","2933","2933","30","30","30","2934","2934","2934","30","30","30","2950","2950","2950","30","30","30","2956","2956","2956","30","30","30","288","288","288","0","0","0","288","288","288","0","0","0","291","291","291","0","0","0","404","404","404","1","1","1","591","591","591","28","28","28","1019","1019","1019","29","29","29","989","989","989","8","8","8","928","928","928","13","13","13","981","981","981","4","4","4","927","927","927","26","26","26","622","622","622","3","3","3","633","633","633","62","62","62","471","471","471","3","3","3","566","566","566","20","20","20","793","793","793","21","21","21","465","465","465","8","8","8","349","349","349","0","0","0","290","290","290","0","0","0","288","288","288","0","0","0","290","290","290","0","0","0","346","346","346","1","1","1"
"58","352","352","352","0","0","0","478","478","478","0","0","0","829","829","829","1","1","1","1215","1215","1215","14","14","14","1546","1546","1546","20","20","20","1895","1895","1895","25","25","25","2157","2157","2157","26","26","26","2352","2352","2352","26","26","26","2503","2503","2503","26","26","26","2609","2609","2609","29","29","29","2726","2726","2726","29","29","29","2809","2809","2809","29","29","29","2848","2848","2848","29","29","29","2889","2889","2889","29","29","29","2925","2925","2925","30","30","30","2970","2970","2970","30","30","30","2991","2991","2991","30","30","30","2999","2999","2999","30","30","30","3000","3000","3000","30","30","30","3016","3016","3016","30","30","30","3022","3022","3022","30","30","30","293","293","293","0","0","0","293","293","293","0","0","0","297","297","297","1","1","1","432","432","432","23","23","23","600","600","600","4","4","4","1060","1060","1060","36","36","36","1004","1004","1004","10","10","10","960","960","960","27","27","27","1023","1023","1023","37","37","37","935","935","935","3","3","3","629","629","629","2","2","2","639","639","639","1","1","1","481","481","481","5","5","5","573","573","573","2","2","2","805","805","805","7","7","7","470","470","470","0","0","0","354","354","354","0","0","0","295","295","295","0","0","0","293","293","293","0","0","0","295","295","295","0","0","0","352","352","352","1","1","1"
"59","358","358","358","0","0","0","484","484","484","0","0","0","835","835","835","0","0","0","1227","1227","1227","6","6","6","1565","1565","1565","12","12","12","1932","1932","1932","22","22","22","2206","2206","2206","25","25","25","2401","2401","2401","25","25","25","2556","2556","2556","26","26","26","2669","2669","2669","29","29","29","2787","2787","2787","29","29","29","2870","2870","2870","29","29","29","2909","2909","2909","29","29","29","2952","2952","2952","30","30","30","2988","2988","2988","30","30","30","3034","3034","3034","30","30","30","3057","3057","3057","30","30","30","3065","3065","3065","30","30","30","3066","3066","3066","30","30","30","3082","3082","3082","30","30","30","3088","3088","3088","30","30","30","298","298","298","0","0","0","298","298","298","0","0","0","302","302","302","0","0","0","440","440","440","3","3","3","626","626","626","21","21","21","1093","1093","1093","28","28","28","1044","1044","1044","35","35","35","984","984","984","19","19","19","1081","1081","1081","53","53","53","1042","1042","1042","102","102","102","687","687","687","53","53","53","647","647","647","3","3","3","489","489","489","3","3","3","581","581","581","3","3","3","838","838","838","28","28","28","475","475","475","0","0","0","361","361","361","2","2","2","300","300","300","0","0","0","298","298","298","0","0","0","300","300","300","0","0","0","358","358","358","1","1","1"
"60","364","364","364","0","0","0","490","490","490","0","0","0","841","841","841","0","0","0","1233","1233","1233","0","0","0","1573","1573","1573","2","2","2","1943","1943","1943","5","5","5","2227","2227","2227","14","14","14","2431","2431","2431","22","22","22","2598","2598","2598","27","27","27","2716","2716","2716","27","27","27","2839","2839","2839","27","27","27","2934","2934","2934","27","27","27","2984","2984","2984","28","28","28","3038","3038","3038","30","30","30","3078","3078","3078","30","30","30","3126","3126","3126","31","31","31","3149","3149","3149","31","31","31","3157","3157","3157","31","31","31","3159","3159","3159","31","31","31","3175","3175","3175","31","31","31","3181","3181","3181","31","31","31","303","303","303","0","0","0","303","303","303","0","0","0","307","307","307","0","0","0","445","445","445","0","0","0","646","646","646","15","15","15","1101","1101","1101","3","3","3","1055","1055","1055","6","6","6","1044","1044","1044","54","54","54","1095","1095","1095","8","8","8","1056","1056","1056","9","9","9","706","706","706","12","12","12","678","678","678","25","25","25","512","512","512","15","15","15","613","613","613","27","27","27","844","844","844","1","1","1","481","481","481","1","1","1","367","367","367","1","1","1","305","305","305","0","0","0","303","303","303","0","0","0","305","305","305","0","0","0","364","364","364","1","1","1"
"61","370","370","370","0","0","0","496","496","496","0","0","0","847","847","847","0","0","0","1242","1242","1242","3","3","3","1584","1584","1584","5","5","5","1958","1958","1958","9","9","9","2249","2249","2249","15","15","15","2463","2463","2463","19","19","19","2639","2639","2639","21","21","21","2773","2773","2773","27","27","27","2905","2905","2905","27","27","27","3004","3004","3004","27","27","27","3062","3062","3062","27","27","27","3121","3121","3121","29","29","29","3161","3161","3161","29","29","29","3210","3210","3210","30","30","30","3239","3239","3239","30","30","30","3248","3248","3248","31","31","31","3250","3250","3250","31","31","31","3268","3268","3268","31","31","31","3275","3275","3275","31","31","31","308","308","308","0","0","0","308","308","308","0","0","0","312","312","312","0","0","0","450","450","450","0","0","0","665","665","665","12","12","12","1112","1112","1112","6","6","6","1068","1068","1068","8","8","8","1111","1111","1111","59","59","59","1173","1173","1173","73","73","73","1072","1072","1072","11","11","11","726","726","726","12","12","12","697","697","697","14","14","14","526","526","526","7","7","7","690","690","690","49","49","49","850","850","850","1","1","1","500","500","500","14","14","14","373","373","373","1","1","1","310","310","310","0","0","0","308","308","308","0","0","0","310","310","310","0","0","0","370","370","370","1","1","1"
"62","376","376","376","0","0","0","502","502","502","0","0","0","853","853","853","0","0","0","1248","1248","1248","0","0","0","1590","1590","1590","0","0","0","1968","1968","1968","4","4","4","2265","2265","2265","10","10","10","2484","2484","2484","13","13","13","2679","2679","2679","21","21","21","2832","2832","2832","24","24","24","2972","2972","2972","26","26","26","3082","3082","3082","27","27","27","3144","3144","3144","27","27","27","3205","3205","3205","27","27","27","3245","3245","3245","27","27","27","3297","3297","3297","29","29","29","3327","3327","3327","30","30","30","3340","3340","3340","31","31","31","3342","3342","3342","31","31","31","3361","3361","3361","31","31","31","3370","3370","3370","31","31","31","313","313","313","0","0","0","313","313","313","0","0","0","317","317","317","0","0","0","455","455","455","0","0","0","671","671","671","1","1","1","1131","1131","1131","14","14","14","1121","1121","1121","48","48","48","1126","1126","1126","10","10","10","1188","1188","1188","10","10","10","1116","1116","1116","32","32","32","787","787","787","56","56","56","735","735","735","31","31","31","537","537","537","6","6","6","710","710","710","15","15","15","865","865","865","10","10","10","518","518","518","12","12","12","379","379","379","1","1","1","315","315","315","0","0","0","313","313","313","0","0","0","316","316","316","1","1","1","376","376","376","1","1","1"
"63","382","382","382","0","0","0","508","508","508","0","0","0","859","859","859","0","0","0","1256","1256","1256","2","2","2","1600","1600","1600","4","4","4","1984","1984","1984","8","8","8","2291","2291","2291","16","16","16","2522","2522","2522","20","20","20","2729","2729","2729","23","23","23","2889","2889","2889","23","23","23","3035","3035","3035","27","27","27","3151","3151","3151","27","27","27","3215","3215","3215","27","27","27","3281","3281","3281","27","27","27","3329","3329","3329","29","29","29","3386","3386","3386","29","29","29","3417","3417","3417","30","30","30","3431","3431","3431","31","31","31","3433","3433","3433","31","31","31","3455","3455","3455","31","31","31","3464","3464","3464","31","31","31","318","318","318","0","0","0","318","318","318","0","0","0","322","322","322","0","0","0","461","461","461","1","1","1","676","676","676","0","0","0","1140","1140","1140","4","4","4","1188","1188","1188","34","34","34","1188","1188","1188","56","56","56","1275","1275","1275","76","76","76","1132","1132","1132","10","10","10","811","811","811","18","18","18","774","774","774","27","27","27","547","547","547","5","5","5","744","744","744","18","18","18","924","924","924","37","37","37","524","524","524","1","1","1","384","384","384","0","0","0","320","320","320","0","0","0","318","318","318","0","0","0","321","321","321","0","0","0","382","382","382","1","1","1"
"64","388","388","388","0","0","0","514","514","514","0","0","0","865","865","865","0","0","0","1262","1262","1262","0","0","0","1608","1608","1608","2","2","2","1994","1994","1994","4","4","4","2307","2307","2307","10","10","10","2552","2552","2552","18","18","18","2779","2779","2779","22","22","22","2947","2947","2947","23","23","23","3104","3104","3104","27","27","27","3224","3224","3224","28","28","28","3294","3294","3294","28","28","28","3362","3362","3362","29","29","29","3412","3412","3412","29","29","29","3471","3471","3471","30","30","30","3508","3508","3508","31","31","31","3522","3522","3522","31","31","31","3525","3525","3525","31","31","31","3549","3549","3549","31","31","31","3559","3559","3559","31","31","31","323","323","323","0","0","0","323","323","323","0","0","0","327","327","327","0","0","0","466","466","466","0","0","0","682","682","682","1","1","1","1148","1148","1148","3","3","3","1199","1199","1199","5","5","5","1235","1235","1235","34","34","34","1371","1371","1371","91","91","91","1180","1180","1180","43","43","43","867","867","867","51","51","51","788","788","788","9","9","9","576","576","576","23","23","23","823","823","823","52","52","52","950","950","950","21","21","21","531","531","531","2","2","2","391","391","391","2","2","2","325","325","325","0","0","0","323","323","323","0","0","0","326","326","326","0","0","0","388","388","388","1","1","1"
"65","394","394","394","0","0","0","520","520","520","0","0","0","871","871","871","0","0","0","1268","1268","1268","0","0","0","1614","1614","1614","0","0","0","2001","2001","2001","1","1","1","2317","2317","2317","4","4","4","2568","2568","2568","10","10","10","2799","2799","2799","13","13","13","2984","2984","2984","24","24","24","3152","3152","3152","26","26","26","3286","3286","3286","27","27","27","3363","3363","3363","27","27","27","3438","3438","3438","27","27","27","3495","3495","3495","28","28","28","3559","3559","3559","29","29","29","3597","3597","3597","30","30","30","3612","3612","3612","31","31","31","3616","3616","3616","31","31","31","3643","3643","3643","31","31","31","3653","3653","3653","31","31","31","328","328","328","0","0","0","328","328","328","0","0","0","332","332","332","0","0","0","471","471","471","0","0","0","687","687","687","0","0","0","1154","1154","1154","1","1","1","1225","1225","1225","21","21","21","1245","1245","1245","4","4","4","1385","1385","1385","8","8","8","1322","1322","1322","90","90","90","926","926","926","53","53","53","805","805","805","11","11","11","610","610","610","26","26","26","834","834","834","6","6","6","1016","1016","1016","61","61","61","547","547","547","11","11","11","401","401","401","3","3","3","330","330","330","0","0","0","328","328","328","0","0","0","331","331","331","0","0","0","394","394","394","1","1","1"
"66","400","400","400","0","0","0","526","526","526","0","0","0","877","877","877","0","0","0","1274","1274","1274","0","0","0","1620","1620","1620","0","0","0","2009","2009","2009","2","2","2","2328","2328","2328","5","5","5","2589","2589","2589","13","13","13","2834","2834","2834","20","20","20","3033","3033","3033","24","24","24","3209","3209","3209","26","26","26","3346","3346","3346","27","27","27","3427","3427","3427","27","27","27","3505","3505","3505","27","27","27","3574","3574","3574","30","30","30","3644","3644","3644","30","30","30","3688","3688","3688","31","31","31","3704","3704","3704","31","31","31","3708","3708","3708","31","31","31","3735","3735","3735","31","31","31","3745","3745","3745","31","31","31","333","333","333","0","0","0","333","333","333","0","0","0","337","337","337","0","0","0","476","476","476","0","0","0","692","692","692","0","0","0","1161","1161","1161","2","2","2","1249","1249","1249","17","17","17","1290","1290","1290","39","39","39","1407","1407","1407","15","15","15","1357","1357","1357","28","28","28","955","955","955","24","24","24","819","819","819","9","9","9","621","621","621","6","6","6","846","846","846","7","7","7","1028","1028","1028","6","6","6","554","554","554","2","2","2","407","407","407","1","1","1","335","335","335","0","0","0","333","333","333","0","0","0","336","336","336","0","0","0","400","400","400","1","1","1"
"67","406","406","406","0","0","0","532","532","532","0","0","0","883","883","883","0","0","0","1280","1280","1280","0","0","0","1626","1626","1626","0","0","0","2016","2016","2016","1","1","1","2338","2338","2338","4","4","4","2606","2606","2606","11","11","11","2861","2861","2861","18","18","18","3073","3073","3073","24","24","24","3258","3258","3258","26","26","26","3406","3406","3406","27","27","27","3493","3493","3493","27","27","27","3575","3575","3575","27","27","27","3654","3654","3654","27","27","27","3733","3733","3733","30","30","30","3779","3779","3779","30","30","30","3796","3796","3796","31","31","31","3800","3800","3800","31","31","31","3828","3828","3828","31","31","31","3839","3839","3839","31","31","31","338","338","338","0","0","0","338","338","338","0","0","0","342","342","342","0","0","0","481","481","481","0","0","0","697","697","697","0","0","0","1188","1188","1188","22","22","22","1291","1291","1291","37","37","37","1298","1298","1298","3","3","3","1432","1432","1432","20","20","20","1372","1372","1372","8","8","8","1030","1030","1030","65","65","65","836","836","836","11","11","11","635","635","635","8","8","8","864","864","864","13","13","13","1068","1068","1068","30","30","30","580","580","580","21","21","21","416","416","416","3","3","3","340","340","340","0","0","0","338","338","338","0","0","0","341","341","341","0","0","0","406","406","406","1","1","1"
"68","412","412","412","0","0","0","538","538","538","0","0","0","889","889","889","0","0","0","1291","1291","1291","5","5","5","1641","1641","1641","9","9","9","2036","2036","2036","13","13","13","2371","2371","2371","20","20","20","2650","2650","2650","25","25","25","2916","2916","2916","28","28","28","3133","3133","3133","28","28","28","3322","3322","3322","28","28","28","3475","3475","3475","28","28","28","3567","3567","3567","28","28","28","3661","3661","3661","30","30","30","3742","3742","3742","30","30","30","3822","3822","3822","31","31","31","3868","3868","3868","31","31","31","3886","3886","3886","31","31","31","3891","3891","3891","31","31","31","3920","3920","3920","31","31","31","3932","3932","3932","31","31","31","343","343","343","0","0","0","343","343","343","0","0","0","347","347","347","0","0","0","486","486","486","0","0","0","706","706","706","4","4","4","1217","1217","1217","24","24","24","1302","1302","1302","5","5","5","1313","1313","1313","9","9","9","1478","1478","1478","38","38","38","1392","1392","1392","15","15","15","1049","1049","1049","14","14","14","849","849","849","7","7","7","644","644","644","4","4","4","889","889","889","18","18","18","1076","1076","1076","3","3","3","587","587","587","2","2","2","421","421","421","0","0","0","345","345","345","0","0","0","343","343","343","0","0","0","347","347","347","1","1","1","412","412","412","1","1","1"
"69","418","418","418","0","0","0","544","544","544","0","0","0","895","895","895","0","0","0","1297","1297","1297","0","0","0","1647","1647","1647","0","0","0","2047","2047","2047","5","5","5","2387","2387","2387","8","8","8","2675","2675","2675","15","15","15","2952","2952","2952","18","18","18","3181","3181","3181","22","22","22","3383","3383","3383","23","23","23","3552","3552","3552","27","27","27","3644","3644","3644","27","27","27","3740","3740","3740","27","27","27","3830","3830","3830","29","29","29","3911","3911","3911","29","29","29","3958","3958","3958","30","30","30","3976","3976","3976","30","30","30","3982","3982","3982","31","31","31","4013","4013","4013","31","31","31","4026","4026","4026","31","31","31","348","348","348","0","0","0","348","348","348","0","0","0","352","352","352","0","0","0","491","491","491","0","0","0","711","711","711","0","0","0","1239","1239","1239","17","17","17","1313","1313","1313","6","6","6","1327","1327","1327","7","7","7","1493","1493","1493","10","10","10","1425","1425","1425","27","27","27","1082","1082","1082","25","25","25","861","861","861","7","7","7","670","670","670","21","21","21","900","900","900","4","4","4","1088","1088","1088","7","7","7","600","600","600","8","8","8","427","427","427","1","1","1","350","350","350","0","0","0","348","348","348","0","0","0","353","353","353","1","1","1","418","418","418","1","1","1"
"70","424","424","424","0","0","0","550","550","550","0","0","0","901","901","901","0","0","0","1307","1307","1307","4","4","4","1665","1665","1665","12","12","12","2075","2075","2075","19","19","19","2428","2428","2428","24","24","24","2720","2720","2720","24","24","24","2999","2999","2999","24","24","24","3229","3229","3229","24","24","24","3436","3436","3436","26","26","26","3615","3615","3615","26","26","26","3709","3709","3709","26","26","26","3815","3815","3815","27","27","27","3919","3919","3919","29","29","29","4004","4004","4004","30","30","30","4052","4052","4052","30","30","30","4070","4070","4070","30","30","30","4076","4076","4076","30","30","30","4107","4107","4107","30","30","30","4120","4120","4120","30","30","30","353","353","353","0","0","0","353","353","353","0","0","0","357","357","357","0","0","0","496","496","496","0","0","0","719","719","719","3","3","3","1249","1249","1249","5","5","5","1362","1362","1362","44","44","44","1356","1356","1356","23","23","23","1514","1514","1514","11","11","11","1566","1566","1566","135","135","135","1097","1097","1097","10","10","10","877","877","877","11","11","11","730","730","730","54","54","54","912","912","912","6","6","6","1146","1146","1146","37","37","37","606","606","606","1","1","1","432","432","432","0","0","0","355","355","355","0","0","0","353","353","353","0","0","0","358","358","358","0","0","0","424","424","424","1","1","1"
"71","430","430","430","0","0","0","556","556","556","0","0","0","907","907","907","0","0","0","1314","1314","1314","1","1","1","1678","1678","1678","7","7","7","2096","2096","2096","15","15","15","2454","2454","2454","20","20","20","2747","2747","2747","20","20","20","3033","3033","3033","24","24","24","3275","3275","3275","27","27","27","3495","3495","3495","27","27","27","3684","3684","3684","27","27","27","3784","3784","3784","27","27","27","3894","3894","3894","27","27","27","4003","4003","4003","28","28","28","4094","4094","4094","29","29","29","4145","4145","4145","30","30","30","4164","4164","4164","30","30","30","4170","4170","4170","30","30","30","4201","4201","4201","30","30","30","4214","4214","4214","30","30","30","358","358","358","0","0","0","358","358","358","0","0","0","362","362","362","0","0","0","501","501","501","0","0","0","724","724","724","0","0","0","1254","1254","1254","0","0","0","1388","1388","1388","18","18","18","1367","1367","1367","5","5","5","1590","1590","1590","49","49","49","1594","1594","1594","21","21","21","1174","1174","1174","72","72","72","896","896","896","14","14","14","746","746","746","8","8","8","995","995","995","57","57","57","1194","1194","1194","34","34","34","624","624","624","8","8","8","471","471","471","30","30","30","360","360","360","0","0","0","358","358","358","0","0","0","363","363","363","0","0","0","430","430","430","1","1","1"
"72","436","436","436","0","0","0","562","562","562","0","0","0","913","913","913","0","0","0","1320","1320","1320","0","0","0","1689","1689","1689","5","5","5","2118","2118","2118","14","14","14","2482","2482","2482","18","18","18","2786","2786","2786","23","23","23","3093","3093","3093","27","27","27","3343","3343","3343","27","27","27","3570","3570","3570","27","27","27","3764","3764","3764","27","27","27","3866","3866","3866","27","27","27","3977","3977","3977","28","28","28","4087","4087","4087","28","28","28","4183","4183","4183","28","28","28","4237","4237","4237","29","29","29","4257","4257","4257","30","30","30","4263","4263","4263","30","30","30","4295","4295","4295","30","30","30","4308","4308","4308","30","30","30","363","363","363","0","0","0","363","363","363","0","0","0","367","367","367","0","0","0","506","506","506","0","0","0","736","736","736","7","7","7","1265","1265","1265","6","6","6","1418","1418","1418","24","24","24","1418","1418","1418","45","45","45","1643","1643","1643","48","48","48","1670","1670","1670","68","68","68","1195","1195","1195","16","16","16","961","961","961","59","59","59","758","758","758","7","7","7","1058","1058","1058","56","56","56","1204","1204","1204","4","4","4","631","631","631","2","2","2","477","477","477","1","1","1","365","365","365","0","0","0","363","363","363","0","0","0","368","368","368","0","0","0","436","436","436","1","1","1"
"73","442","442","442","0","0","0","568","568","568","0","0","0","919","919","919","0","0","0","1326","1326","1326","0","0","0","1701","1701","1701","6","6","6","2140","2140","2140","16","16","16","2520","2520","2520","21","21","21","2846","2846","2846","25","25","25","3156","3156","3156","26","26","26","3410","3410","3410","26","26","26","3641","3641","3641","26","26","26","3838","3838","3838","27","27","27","3946","3946","3946","28","28","28","4064","4064","4064","29","29","29","4177","4177","4177","29","29","29","4275","4275","4275","30","30","30","4331","4331","4331","30","30","30","4351","4351","4351","30","30","30","4357","4357","4357","30","30","30","4389","4389","4389","30","30","30","4402","4402","4402","30","30","30","368","368","368","0","0","0","368","368","368","0","0","0","372","372","372","0","0","0","511","511","511","0","0","0","742","742","742","1","1","1","1306","1306","1306","36","36","36","1440","1440","1440","17","17","17","1434","1434","1434","11","11","11","1676","1676","1676","27","27","27","1761","1761","1761","86","86","86","1210","1210","1210","9","9","9","975","975","975","8","8","8","791","791","791","28","28","28","1159","1159","1159","96","96","96","1282","1282","1282","72","72","72","654","654","654","18","18","18","484","484","484","2","2","2","370","370","370","0","0","0","368","368","368","0","0","0","373","373","373","0","0","0","442","442","442","1","1","1"
"74","448","448","448","0","0","0","574","574","574","0","0","0","926","926","926","1","1","1","1345","1345","1345","13","13","13","1730","1730","1730","18","18","18","2180","2180","2180","21","21","21","2569","2569","2569","25","25","25","2905","2905","2905","26","26","26","3222","3222","3222","26","26","26","3483","3483","3483","28","28","28","3715","3715","3715","28","28","28","3913","3913","3913","28","28","28","4024","4024","4024","28","28","28","4151","4151","4151","29","29","29","4264","4264","4264","29","29","29","4363","4363","4363","29","29","29","4420","4420","4420","30","30","30","4440","4440","4440","30","30","30","4446","4446","4446","30","30","30","4479","4479","4479","30","30","30","4493","4493","4493","30","30","30","373","373","373","0","0","0","373","373","373","0","0","0","377","377","377","0","0","0","516","516","516","0","0","0","750","750","750","3","3","3","1317","1317","1317","5","5","5","1451","1451","1451","6","6","6","1478","1478","1478","39","39","39","1689","1689","1689","7","7","7","1789","1789","1789","22","22","22","1253","1253","1253","37","37","37","997","997","997","16","16","16","821","821","821","24","24","24","1306","1306","1306","78","78","78","1295","1295","1295","8","8","8","677","677","677","17","17","17","489","489","489","0","0","0","375","375","375","0","0","0","373","373","373","0","0","0","379","379","379","1","1","1","448","448","448","1","1","1"
"75","454","454","454","0","0","0","580","580","580","0","0","0","932","932","932","0","0","0","1351","1351","1351","0","0","0","1736","1736","1736","0","0","0","2190","2190","2190","4","4","4","2586","2586","2586","11","11","11","2936","2936","2936","20","20","20","3276","3276","3276","25","25","25","3549","3549","3549","27","27","27","3787","3787","3787","27","27","27","3991","3991","3991","27","27","27","4105","4105","4105","27","27","27","4233","4233","4233","27","27","27","4350","4350","4350","28","28","28","4452","4452","4452","29","29","29","4511","4511","4511","29","29","29","4532","4532","4532","30","30","30","4539","4539","4539","30","30","30","4572","4572","4572","30","30","30","4586","4586","4586","30","30","30","378","378","378","0","0","0","378","378","378","0","0","0","382","382","382","0","0","0","522","522","522","1","1","1","756","756","756","1","1","1","1324","1324","1324","2","2","2","1506","1506","1506","44","44","44","1492","1492","1492","8","8","8","1822","1822","1822","72","72","72","1849","1849","1849","55","55","55","1308","1308","1308","50","50","50","1070","1070","1070","67","67","67","833","833","833","6","6","6","1336","1336","1336","24","24","24","1344","1344","1344","38","38","38","684","684","684","2","2","2","496","496","496","2","2","2","380","380","380","0","0","0","378","378","378","0","0","0","384","384","384","0","0","0","454","454","454","1","1","1"
"76","460","460","460","0","0","0","586","586","586","0","0","0","938","938","938","0","0","0","1357","1357","1357","0","0","0","1745","1745","1745","3","3","3","2205","2205","2205","9","9","9","2614","2614","2614","21","21","21","2979","2979","2979","24","24","24","3330","3330","3330","24","24","24","3606","3606","3606","24","24","24","3851","3851","3851","24","24","24","4071","4071","4071","28","28","28","4189","4189","4189","28","28","28","4318","4318","4318","28","28","28","4439","4439","4439","28","28","28","4543","4543","4543","29","29","29","4603","4603","4603","29","29","29","4625","4625","4625","30","30","30","4632","4632","4632","30","30","30","4665","4665","4665","30","30","30","4680","4680","4680","30","30","30","383","383","383","0","0","0","383","383","383","0","0","0","387","387","387","0","0","0","527","527","527","0","0","0","761","761","761","0","0","0","1334","1334","1334","5","5","5","1526","1526","1526","11","11","11","1544","1544","1544","47","47","47","1836","1836","1836","9","9","9","1876","1876","1876","21","21","21","1376","1376","1376","63","63","63","1081","1081","1081","5","5","5","845","845","845","6","6","6","1352","1352","1352","8","8","8","1379","1379","1379","27","27","27","690","690","690","1","1","1","503","503","503","2","2","2","385","385","385","0","0","0","383","383","383","0","0","0","389","389","389","0","0","0","460","460","460","1","1","1"
"77","466","466","466","0","0","0","592","592","592","0","0","0","944","944","944","0","0","0","1363","1363","1363","0","0","0","1751","1751","1751","0","0","0","2221","2221","2221","10","10","10","2633","2633","2633","13","13","13","3008","3008","3008","20","20","20","3373","3373","3373","27","27","27","3657","3657","3657","27","27","27","3908","3908","3908","27","27","27","4138","4138","4138","28","28","28","4260","4260","4260","28","28","28","4398","4398","4398","28","28","28","4521","4521","4521","28","28","28","4628","4628","4628","29","29","29","4690","4690","4690","29","29","29","4716","4716","4716","30","30","30","4723","4723","4723","30","30","30","4759","4759","4759","30","30","30","4775","4775","4775","30","30","30","388","388","388","0","0","0","388","388","388","0","0","0","392","392","392","0","0","0","532","532","532","0","0","0","766","766","766","0","0","0","1339","1339","1339","0","0","0","1540","1540","1540","9","9","9","1566","1566","1566","17","17","17","1849","1849","1849","7","7","7","1979","1979","1979","63","63","63","1412","1412","1412","31","31","31","1098","1098","1098","12","12","12","897","897","897","46","46","46","1367","1367","1367","10","10","10","1386","1386","1386","2","2","2","736","736","736","22","22","22","511","511","511","2","2","2","393","393","393","3","3","3","388","388","388","0","0","0","394","394","394","0","0","0","466","466","466","1","1","1"
"78","472","472","472","0","0","0","598","598","598","0","0","0","950","950","950","0","0","0","1369","1369","1369","0","0","0","1757","1757","1757","0","0","0","2232","2232","2232","5","5","5","2655","2655","2655","16","16","16","3042","3042","3042","22","22","22","3422","3422","3422","23","23","23","3717","3717","3717","25","25","25","3979","3979","3979","26","26","26","4211","4211","4211","27","27","27","4340","4340","4340","27","27","27","4479","4479","4479","27","27","27","4606","4606","4606","27","27","27","4718","4718","4718","29","29","29","4780","4780","4780","29","29","29","4807","4807","4807","30","30","30","4815","4815","4815","30","30","30","4851","4851","4851","30","30","30","4867","4867","4867","30","30","30","393","393","393","0","0","0","393","393","393","0","0","0","397","397","397","0","0","0","537","537","537","0","0","0","771","771","771","0","0","0","1345","1345","1345","1","1","1","1548","1548","1548","3","3","3","1584","1584","1584","13","13","13","1878","1878","1878","24","24","24","2017","2017","2017","33","33","33","1452","1452","1452","35","35","35","1163","1163","1163","56","56","56","910","910","910","8","8","8","1404","1404","1404","30","30","30","1394","1394","1394","3","3","3","746","746","746","4","4","4","517","517","517","1","1","1","398","398","398","0","0","0","393","393","393","0","0","0","399","399","399","0","0","0","472","472","472","1","1","1"
"79","478","478","478","0","0","0","604","604","604","0","0","0","956","956","956","0","0","0","1376","1376","1376","1","1","1","1769","1769","1769","6","6","6","2258","2258","2258","13","13","13","2692","2692","2692","19","19","19","3090","3090","3090","22","22","22","3487","3487","3487","27","27","27","3793","3793","3793","27","27","27","4057","4057","4057","27","27","27","4290","4290","4290","27","27","27","4423","4423","4423","28","28","28","4563","4563","4563","29","29","29","4692","4692","4692","29","29","29","4805","4805","4805","30","30","30","4870","4870","4870","30","30","30","4897","4897","4897","30","30","30","4905","4905","4905","30","30","30","4946","4946","4946","30","30","30","4962","4962","4962","30","30","30","398","398","398","0","0","0","398","398","398","0","0","0","402","402","402","0","0","0","542","542","542","0","0","0","778","778","778","2","2","2","1381","1381","1381","24","24","24","1570","1570","1570","17","17","17","1626","1626","1626","35","35","35","1942","1942","1942","59","59","59","2042","2042","2042","20","20","20","1472","1472","1472","14","14","14","1190","1190","1190","21","21","21","1014","1014","1014","55","55","55","1432","1432","1432","22","22","22","1405","1405","1405","4","4","4","753","753","753","2","2","2","522","522","522","0","0","0","403","403","403","0","0","0","398","398","398","0","0","0","404","404","404","0","0","0","478","478","478","1","1","1"
"80","484","484","484","0","0","0","610","610","610","0","0","0","962","962","962","0","0","0","1383","1383","1383","1","1","1","1783","1783","1783","8","8","8","2281","2281","2281","17","17","17","2720","2720","2720","21","21","21","3123","3123","3123","23","23","23","3523","3523","3523","23","23","23","3842","3842","3842","25","25","25","4110","4110","4110","25","25","25","4350","4350","4350","25","25","25","4491","4491","4491","25","25","25","4638","4638","4638","26","26","26","4778","4778","4778","29","29","29","4893","4893","4893","29","29","29","4964","4964","4964","30","30","30","4991","4991","4991","30","30","30","4999","4999","4999","30","30","30","5040","5040","5040","30","30","30","5056","5056","5056","30","30","30","403","403","403","0","0","0","403","403","403","0","0","0","407","407","407","0","0","0","547","547","547","0","0","0","783","783","783","0","0","0","1387","1387","1387","1","1","1","1590","1590","1590","15","15","15","1672","1672","1672","40","40","40","2000","2000","2000","52","52","52","2085","2085","2085","38","38","38","1523","1523","1523","46","46","46","1234","1234","1234","39","39","39","1023","1023","1023","4","4","4","1448","1448","1448","11","11","11","1422","1422","1422","11","11","11","762","762","762","2","2","2","529","529","529","2","2","2","408","408","408","0","0","0","403","403","403","0","0","0","409","409","409","0","0","0","484","484","484","1","1","1"
"81","490","490","490","0","0","0","616","616","616","0","0","0","968","968","968","0","0","0","1389","1389","1389","0","0","0","1796","1796","1796","7","7","7","2303","2303","2303","15","15","15","2753","2753","2753","21","21","21","3171","3171","3171","24","24","24","3584","3584","3584","28","28","28","3909","3909","3909","28","28","28","4184","4184","4184","28","28","28","4430","4430","4430","28","28","28","4572","4572","4572","28","28","28","4724","4724","4724","29","29","29","4866","4866","4866","29","29","29","4986","4986","4986","30","30","30","5058","5058","5058","30","30","30","5085","5085","5085","30","30","30","5093","5093","5093","30","30","30","5134","5134","5134","30","30","30","5150","5150","5150","30","30","30","408","408","408","0","0","0","408","408","408","0","0","0","412","412","412","0","0","0","563","563","563","11","11","11","790","790","790","2","2","2","1409","1409","1409","17","17","17","1678","1678","1678","70","70","70","1692","1692","1692","15","15","15","2026","2026","2026","20","20","20","2118","2118","2118","27","27","27","1535","1535","1535","6","6","6","1246","1246","1246","6","6","6","1032","1032","1032","4","4","4","1460","1460","1460","5","5","5","1454","1454","1454","25","25","25","770","770","770","2","2","2","534","534","534","0","0","0","413","413","413","0","0","0","408","408","408","0","0","0","414","414","414","0","0","0","490","490","490","1","1","1"
"82","496","496","496","0","0","0","622","622","622","0","0","0","974","974","974","0","0","0","1395","1395","1395","0","0","0","1802","1802","1802","0","0","0","2311","2311","2311","2","2","2","2775","2775","2775","14","14","14","3211","3211","3211","21","21","21","3639","3639","3639","23","23","23","3971","3971","3971","23","23","23","4254","4254","4254","25","25","25","4507","4507","4507","27","27","27","4651","4651","4651","27","27","27","4807","4807","4807","27","27","27","4956","4956","4956","29","29","29","5078","5078","5078","29","29","29","5151","5151","5151","30","30","30","5179","5179","5179","30","30","30","5187","5187","5187","30","30","30","5228","5228","5228","30","30","30","5244","5244","5244","30","30","30","413","413","413","0","0","0","413","413","413","0","0","0","417","417","417","0","0","0","569","569","569","1","1","1","795","795","795","0","0","0","1415","1415","1415","1","1","1","1719","1719","1719","36","36","36","1702","1702","1702","5","5","5","2096","2096","2096","65","65","65","2162","2162","2162","39","39","39","1591","1591","1591","49","49","49","1359","1359","1359","106","106","106","1045","1045","1045","8","8","8","1473","1473","1473","6","6","6","1486","1486","1486","24","24","24","777","777","777","2","2","2","542","542","542","3","3","3","418","418","418","0","0","0","413","413","413","0","0","0","420","420","420","1","1","1","496","496","496","1","1","1"
"83","502","502","502","0","0","0","628","628","628","0","0","0","980","980","980","0","0","0","1402","1402","1402","1","1","1","1815","1815","1815","7","7","7","2334","2334","2334","17","17","17","2804","2804","2804","22","22","22","3249","3249","3249","23","23","23","3691","3691","3691","26","26","26","4037","4037","4037","26","26","26","4323","4323","4323","26","26","26","4580","4580","4580","26","26","26","4732","4732","4732","27","27","27","4896","4896","4896","29","29","29","5045","5045","5045","29","29","29","5169","5169","5169","30","30","30","5245","5245","5245","30","30","30","5273","5273","5273","30","30","30","5281","5281","5281","30","30","30","5322","5322","5322","30","30","30","5338","5338","5338","30","30","30","418","418","418","0","0","0","418","418","418","0","0","0","422","422","422","0","0","0","582","582","582","8","8","8","800","800","800","0","0","0","1423","1423","1423","3","3","3","1746","1746","1746","22","22","22","1752","1752","1752","44","44","44","2146","2146","2146","45","45","45","2184","2184","2184","16","16","16","1633","1633","1633","37","37","37","1402","1402","1402","37","37","37","1057","1057","1057","6","6","6","1583","1583","1583","86","86","86","1533","1533","1533","31","31","31","787","787","787","5","5","5","548","548","548","1","1","1","423","423","423","0","0","0","418","418","418","0","0","0","425","425","425","0","0","0","502","502","502","1","1","1"
"84","508","508","508","0","0","0","634","634","634","0","0","0","987","987","987","1","1","1","1416","1416","1416","8","8","8","1843","1843","1843","17","17","17","2371","2371","2371","21","21","21","2849","2849","2849","22","22","22","3298","3298","3298","24","24","24","3743","3743","3743","26","26","26","4090","4090","4090","26","26","26","4382","4382","4382","28","28","28","4641","4641","4641","28","28","28","4797","4797","4797","28","28","28","4972","4972","4972","29","29","29","5125","5125","5125","30","30","30","5257","5257","5257","30","30","30","5335","5335","5335","30","30","30","5363","5363","5363","30","30","30","5371","5371","5371","30","30","30","5416","5416","5416","30","30","30","5433","5433","5433","30","30","30","423","423","423","0","0","0","423","423","423","0","0","0","427","427","427","0","0","0","587","587","587","0","0","0","805","805","805","0","0","0","1451","1451","1451","23","23","23","1752","1752","1752","1","1","1","1780","1780","1780","23","23","23","2211","2211","2211","55","55","55","2213","2213","2213","24","24","24","1701","1701","1701","62","62","62","1436","1436","1436","28","28","28","1070","1070","1070","8","8","8","1644","1644","1644","51","51","51","1568","1568","1568","22","22","22","794","794","794","2","2","2","553","553","553","0","0","0","428","428","428","0","0","0","423","423","423","0","0","0","430","430","430","0","0","0","508","508","508","1","1","1"
"85","514","514","514","0","0","0","640","640","640","0","0","0","993","993","993","0","0","0","1423","1423","1423","1","1","1","1853","1853","1853","4","4","4","2386","2386","2386","9","9","9","2868","2868","2868","13","13","13","3334","3334","3334","23","23","23","3792","3792","3792","24","24","24","4153","4153","4153","24","24","24","4459","4459","4459","27","27","27","4721","4721","4721","27","27","27","4879","4879","4879","27","27","27","5055","5055","5055","27","27","27","5213","5213","5213","30","30","30","5350","5350","5350","30","30","30","5428","5428","5428","30","30","30","5457","5457","5457","30","30","30","5465","5465","5465","30","30","30","5510","5510","5510","30","30","30","5527","5527","5527","30","30","30","428","428","428","0","0","0","428","428","428","0","0","0","432","432","432","0","0","0","593","593","593","1","1","1","810","810","810","0","0","0","1458","1458","1458","2","2","2","1772","1772","1772","15","15","15","1831","1831","1831","46","46","46","2225","2225","2225","8","8","8","2269","2269","2269","51","51","51","1727","1727","1727","20","20","20","1480","1480","1480","38","38","38","1083","1083","1083","6","6","6","1673","1673","1673","22","22","22","1630","1630","1630","38","38","38","800","800","800","1","1","1","560","560","560","2","2","2","433","433","433","0","0","0","428","428","428","0","0","0","435","435","435","0","0","0","514","514","514","1","1","1"
"86","520","520","520","0","0","0","646","646","646","0","0","0","999","999","999","0","0","0","1431","1431","1431","2","2","2","1867","1867","1867","8","8","8","2407","2407","2407","15","15","15","2898","2898","2898","23","23","23","3371","3371","3371","25","25","25","3833","3833","3833","25","25","25","4203","4203","4203","25","25","25","4520","4520","4520","25","25","25","4792","4792","4792","26","26","26","4954","4954","4954","26","26","26","5133","5133","5133","27","27","27","5296","5296","5296","28","28","28","5442","5442","5442","30","30","30","5521","5521","5521","30","30","30","5551","5551","5551","30","30","30","5559","5559","5559","30","30","30","5604","5604","5604","30","30","30","5621","5621","5621","30","30","30","433","433","433","0","0","0","433","433","433","0","0","0","437","437","437","0","0","0","598","598","598","0","0","0","815","815","815","0","0","0","1465","1465","1465","2","2","2","1833","1833","1833","46","46","46","1854","1854","1854","16","16","16","2286","2286","2286","48","48","48","2304","2304","2304","27","27","27","1741","1741","1741","8","8","8","1490","1490","1490","4","4","4","1127","1127","1127","38","38","38","1692","1692","1692","12","12","12","1664","1664","1664","27","27","27","817","817","817","7","7","7","568","568","568","3","3","3","438","438","438","0","0","0","433","433","433","0","0","0","440","440","440","0","0","0","520","520","520","1","1","1"
"87","526","526","526","0","0","0","652","652","652","0","0","0","1005","1005","1005","0","0","0","1438","1438","1438","1","1","1","1880","1880","1880","7","7","7","2428","2428","2428","15","15","15","2926","2926","2926","21","21","21","3408","3408","3408","23","23","23","3879","3879","3879","24","24","24","4263","4263","4263","26","26","26","4585","4585","4585","27","27","27","4862","4862","4862","27","27","27","5032","5032","5032","27","27","27","5218","5218","5218","29","29","29","5384","5384","5384","29","29","29","5533","5533","5533","30","30","30","5614","5614","5614","30","30","30","5645","5645","5645","30","30","30","5653","5653","5653","30","30","30","5698","5698","5698","30","30","30","5715","5715","5715","30","30","30","438","438","438","0","0","0","438","438","438","0","0","0","442","442","442","0","0","0","603","603","603","0","0","0","820","820","820","0","0","0","1470","1470","1470","0","0","0","1866","1866","1866","28","28","28","1893","1893","1893","31","31","31","2329","2329","2329","32","32","32","2348","2348","2348","38","38","38","1795","1795","1795","28","28","28","1580","1580","1580","62","62","62","1136","1136","1136","4","4","4","1765","1765","1765","65","65","65","1691","1691","1691","21","21","21","825","825","825","3","3","3","575","575","575","2","2","2","443","443","443","0","0","0","438","438","438","0","0","0","445","445","445","0","0","0","526","526","526","1","1","1"
"88","532","532","532","0","0","0","658","658","658","0","0","0","1011","1011","1011","0","0","0","1444","1444","1444","0","0","0","1893","1893","1893","7","7","7","2456","2456","2456","19","19","19","2962","2962","2962","24","24","24","3451","3451","3451","24","24","24","3925","3925","3925","24","24","24","4318","4318","4318","28","28","28","4650","4650","4650","28","28","28","4934","4934","4934","28","28","28","5109","5109","5109","28","28","28","5300","5300","5300","29","29","29","5475","5475","5475","30","30","30","5626","5626","5626","30","30","30","5708","5708","5708","30","30","30","5739","5739","5739","30","30","30","5747","5747","5747","30","30","30","5792","5792","5792","30","30","30","5809","5809","5809","30","30","30","443","443","443","0","0","0","443","443","443","0","0","0","447","447","447","0","0","0","609","609","609","1","1","1","826","826","826","1","1","1","1481","1481","1481","6","6","6","1891","1891","1891","20","20","20","1905","1905","1905","7","7","7","2381","2381","2381","46","46","46","2406","2406","2406","50","50","50","1892","1892","1892","60","60","60","1621","1621","1621","34","34","34","1144","1144","1144","3","3","3","1811","1811","1811","32","32","32","1709","1709","1709","13","13","13","831","831","831","1","1","1","583","583","583","3","3","3","448","448","448","0","0","0","443","443","443","0","0","0","450","450","450","0","0","0","532","532","532","1","1","1"
"89","538","538","538","0","0","0","664","664","664","0","0","0","1017","1017","1017","0","0","0","1450","1450","1450","0","0","0","1900","1900","1900","1","1","1","2469","2469","2469","7","7","7","2988","2988","2988","18","18","18","3487","3487","3487","25","25","25","3965","3965","3965","25","25","25","4370","4370","4370","25","25","25","4709","4709","4709","26","26","26","4999","4999","4999","26","26","26","5187","5187","5187","27","27","27","5379","5379","5379","28","28","28","5558","5558","5558","30","30","30","5717","5717","5717","30","30","30","5801","5801","5801","30","30","30","5833","5833","5833","30","30","30","5841","5841","5841","30","30","30","5886","5886","5886","30","30","30","5903","5903","5903","30","30","30","448","448","448","0","0","0","448","448","448","0","0","0","452","452","452","0","0","0","614","614","614","0","0","0","832","832","832","1","1","1","1486","1486","1486","0","0","0","1920","1920","1920","24","24","24","1913","1913","1913","3","3","3","2394","2394","2394","7","7","7","2450","2450","2450","39","39","39","1904","1904","1904","7","7","7","1723","1723","1723","86","86","86","1158","1158","1158","8","8","8","1827","1827","1827","9","9","9","1731","1731","1731","15","15","15","840","840","840","4","4","4","593","593","593","4","4","4","453","453","453","0","0","0","448","448","448","0","0","0","455","455","455","0","0","0","538","538","538","1","1","1"